bank,base,cell_index,kind,order,n,pi_label,target_depth,replicate,seed
validation,257841043574753,0,construction_null,2,128,low,0.0,0,3386763549
validation,257841043574753,0,construction_null,2,128,low,0.0,1,2769014435
validation,257841043574753,0,construction_null,2,128,low,0.0,2,2168297421
validation,257841043574753,0,construction_null,2,128,low,0.0,3,537843933
validation,257841043574753,0,construction_null,2,128,low,0.0,4,2626024802
validation,257841043574753,0,construction_null,2,128,low,0.0,5,3225853316
validation,257841043574753,0,construction_null,2,128,low,0.0,6,1779470158
validation,257841043574753,0,construction_null,2,128,low,0.0,7,3020249437
validation,257841043574753,0,construction_null,2,128,low,0.0,8,3174809388
validation,257841043574753,0,construction_null,2,128,low,0.0,9,1119734360
validation,257841043574753,0,construction_null,2,128,low,0.0,10,1689191171
validation,257841043574753,0,construction_null,2,128,low,0.0,11,2417360503
validation,257841043574753,0,construction_null,2,128,low,0.0,12,1991118842
validation,257841043574753,0,construction_null,2,128,low,0.0,13,4042090989
validation,257841043574753,0,construction_null,2,128,low,0.0,14,3831213107
validation,257841043574753,0,construction_null,2,128,low,0.0,15,3632650341
validation,257841043574753,0,construction_null,2,128,low,0.0,16,2456880536
validation,257841043574753,0,construction_null,2,128,low,0.0,17,2763539105
validation,257841043574753,0,construction_null,2,128,low,0.0,18,3226590065
validation,257841043574753,0,construction_null,2,128,low,0.0,19,766783125
validation,257841043574753,0,construction_null,2,128,low,0.0,20,3143229425
validation,257841043574753,0,construction_null,2,128,low,0.0,21,4079841145
validation,257841043574753,0,construction_null,2,128,low,0.0,22,3111266085
validation,257841043574753,0,construction_null,2,128,low,0.0,23,2462144279
validation,257841043574753,0,construction_null,2,128,low,0.0,24,790932401
validation,257841043574753,0,construction_null,2,128,low,0.0,25,1327795877
validation,257841043574753,0,construction_null,2,128,low,0.0,26,2312848493
validation,257841043574753,0,construction_null,2,128,low,0.0,27,393631694
validation,257841043574753,0,construction_null,2,128,low,0.0,28,3846617452
validation,257841043574753,0,construction_null,2,128,low,0.0,29,792165423
validation,257841043574753,0,construction_null,2,128,low,0.0,30,1673384969
validation,257841043574753,0,construction_null,2,128,low,0.0,31,2244348472
validation,257841043574753,0,construction_null,2,128,low,0.0,32,1681822024
validation,257841043574753,0,construction_null,2,128,low,0.0,33,1616863861
validation,257841043574753,0,construction_null,2,128,low,0.0,34,4072549546
validation,257841043574753,0,construction_null,2,128,low,0.0,35,2255175858
validation,257841043574753,0,construction_null,2,128,low,0.0,36,98680837
validation,257841043574753,0,construction_null,2,128,low,0.0,37,965555450
validation,257841043574753,0,construction_null,2,128,low,0.0,38,1356985679
validation,257841043574753,0,construction_null,2,128,low,0.0,39,3349540025
validation,257841043574753,0,construction_null,2,128,low,0.0,40,3628352990
validation,257841043574753,0,construction_null,2,128,low,0.0,41,4043052501
validation,257841043574753,0,construction_null,2,128,low,0.0,42,245468216
validation,257841043574753,0,construction_null,2,128,low,0.0,43,4159228003
validation,257841043574753,0,construction_null,2,128,low,0.0,44,2049047169
validation,257841043574753,0,construction_null,2,128,low,0.0,45,3385925474
validation,257841043574753,0,construction_null,2,128,low,0.0,46,1880545139
validation,257841043574753,0,construction_null,2,128,low,0.0,47,3921466880
validation,257841043574753,0,construction_null,2,128,low,0.0,48,1103414035
validation,257841043574753,0,construction_null,2,128,low,0.0,49,2847402589
validation,257841043574753,0,construction_null,2,128,low,0.0,50,690418155
validation,257841043574753,0,construction_null,2,128,low,0.0,51,2557767110
validation,257841043574753,0,construction_null,2,128,low,0.0,52,2989383163
validation,257841043574753,0,construction_null,2,128,low,0.0,53,3132884267
validation,257841043574753,0,construction_null,2,128,low,0.0,54,1365624965
validation,257841043574753,0,construction_null,2,128,low,0.0,55,379269057
validation,257841043574753,0,construction_null,2,128,low,0.0,56,900410341
validation,257841043574753,0,construction_null,2,128,low,0.0,57,3663802729
validation,257841043574753,0,construction_null,2,128,low,0.0,58,3760892457
validation,257841043574753,0,construction_null,2,128,low,0.0,59,719891043
validation,257841043574753,0,construction_null,2,128,low,0.0,60,3834839806
validation,257841043574753,0,construction_null,2,128,low,0.0,61,1789111633
validation,257841043574753,0,construction_null,2,128,low,0.0,62,2181792986
validation,257841043574753,0,construction_null,2,128,low,0.0,63,1925963121
validation,257841043574753,0,construction_null,2,128,low,0.0,64,2570008851
validation,257841043574753,0,construction_null,2,128,low,0.0,65,4143021542
validation,257841043574753,0,construction_null,2,128,low,0.0,66,1378856499
validation,257841043574753,0,construction_null,2,128,low,0.0,67,2173644293
validation,257841043574753,0,construction_null,2,128,low,0.0,68,3619418965
validation,257841043574753,0,construction_null,2,128,low,0.0,69,166428610
validation,257841043574753,0,construction_null,2,128,low,0.0,70,89984452
validation,257841043574753,0,construction_null,2,128,low,0.0,71,3574840766
validation,257841043574753,0,construction_null,2,128,low,0.0,72,1274205368
validation,257841043574753,0,construction_null,2,128,low,0.0,73,2718543834
validation,257841043574753,0,construction_null,2,128,low,0.0,74,3765246750
validation,257841043574753,0,construction_null,2,128,low,0.0,75,2324496902
validation,257841043574753,0,construction_null,2,128,low,0.0,76,3037653386
validation,257841043574753,0,construction_null,2,128,low,0.0,77,497537117
validation,257841043574753,0,construction_null,2,128,low,0.0,78,415418867
validation,257841043574753,0,construction_null,2,128,low,0.0,79,2778875876
validation,257841043574753,0,construction_null,2,128,low,0.0,80,2277897913
validation,257841043574753,0,construction_null,2,128,low,0.0,81,2120005914
validation,257841043574753,0,construction_null,2,128,low,0.0,82,1765358071
validation,257841043574753,0,construction_null,2,128,low,0.0,83,2886626641
validation,257841043574753,0,construction_null,2,128,low,0.0,84,2279824620
validation,257841043574753,0,construction_null,2,128,low,0.0,85,2047243685
validation,257841043574753,0,construction_null,2,128,low,0.0,86,3253805314
validation,257841043574753,0,construction_null,2,128,low,0.0,87,731101129
validation,257841043574753,0,construction_null,2,128,low,0.0,88,1252287294
validation,257841043574753,0,construction_null,2,128,low,0.0,89,337108829
validation,257841043574753,0,construction_null,2,128,low,0.0,90,2535550797
validation,257841043574753,0,construction_null,2,128,low,0.0,91,3043758805
validation,257841043574753,0,construction_null,2,128,low,0.0,92,2243357650
validation,257841043574753,0,construction_null,2,128,low,0.0,93,3378269548
validation,257841043574753,0,construction_null,2,128,low,0.0,94,2809440423
validation,257841043574753,0,construction_null,2,128,low,0.0,95,211355401
validation,257841043574753,0,construction_null,2,128,low,0.0,96,2773390051
validation,257841043574753,0,construction_null,2,128,low,0.0,97,124493249
validation,257841043574753,0,construction_null,2,128,low,0.0,98,2417107565
validation,257841043574753,0,construction_null,2,128,low,0.0,99,1606530297
validation,257841043574753,0,construction_null,2,128,low,0.0,100,896226425
validation,257841043574753,0,construction_null,2,128,low,0.0,101,10348625
validation,257841043574753,0,construction_null,2,128,low,0.0,102,2558334954
validation,257841043574753,0,construction_null,2,128,low,0.0,103,551636804
validation,257841043574753,0,construction_null,2,128,low,0.0,104,3764364937
validation,257841043574753,0,construction_null,2,128,low,0.0,105,2215105005
validation,257841043574753,0,construction_null,2,128,low,0.0,106,214536297
validation,257841043574753,0,construction_null,2,128,low,0.0,107,2503175477
validation,257841043574753,0,construction_null,2,128,low,0.0,108,2650914190
validation,257841043574753,0,construction_null,2,128,low,0.0,109,312270489
validation,257841043574753,0,construction_null,2,128,low,0.0,110,112390956
validation,257841043574753,0,construction_null,2,128,low,0.0,111,464274983
validation,257841043574753,0,construction_null,2,128,low,0.0,112,3253968874
validation,257841043574753,0,construction_null,2,128,low,0.0,113,2320614944
validation,257841043574753,0,construction_null,2,128,low,0.0,114,835247877
validation,257841043574753,0,construction_null,2,128,low,0.0,115,4194415807
validation,257841043574753,0,construction_null,2,128,low,0.0,116,3846085206
validation,257841043574753,0,construction_null,2,128,low,0.0,117,218206725
validation,257841043574753,0,construction_null,2,128,low,0.0,118,3628078126
validation,257841043574753,0,construction_null,2,128,low,0.0,119,781208192
validation,257841043574753,0,construction_null,2,128,low,0.0,120,3876343041
validation,257841043574753,0,construction_null,2,128,low,0.0,121,2941301975
validation,257841043574753,0,construction_null,2,128,low,0.0,122,2310664165
validation,257841043574753,0,construction_null,2,128,low,0.0,123,719883824
validation,257841043574753,0,construction_null,2,128,low,0.0,124,3142072736
validation,257841043574753,0,construction_null,2,128,low,0.0,125,2854251024
validation,257841043574753,0,construction_null,2,128,low,0.0,126,2637170223
validation,257841043574753,0,construction_null,2,128,low,0.0,127,158403975
validation,257841043574753,0,construction_null,2,128,low,0.0,128,3401964679
validation,257841043574753,0,construction_null,2,128,low,0.0,129,3159667724
validation,257841043574753,0,construction_null,2,128,low,0.0,130,2204514602
validation,257841043574753,0,construction_null,2,128,low,0.0,131,421712379
validation,257841043574753,0,construction_null,2,128,low,0.0,132,56199079
validation,257841043574753,0,construction_null,2,128,low,0.0,133,31572134
validation,257841043574753,0,construction_null,2,128,low,0.0,134,3267359001
validation,257841043574753,0,construction_null,2,128,low,0.0,135,4026816734
validation,257841043574753,0,construction_null,2,128,low,0.0,136,2181479257
validation,257841043574753,0,construction_null,2,128,low,0.0,137,1344193214
validation,257841043574753,0,construction_null,2,128,low,0.0,138,3455463591
validation,257841043574753,0,construction_null,2,128,low,0.0,139,2371066927
validation,257841043574753,0,construction_null,2,128,low,0.0,140,2800913469
validation,257841043574753,0,construction_null,2,128,low,0.0,141,2561139367
validation,257841043574753,0,construction_null,2,128,low,0.0,142,856263275
validation,257841043574753,0,construction_null,2,128,low,0.0,143,1292869943
validation,257841043574753,0,construction_null,2,128,low,0.0,144,2237663513
validation,257841043574753,0,construction_null,2,128,low,0.0,145,3028654089
validation,257841043574753,0,construction_null,2,128,low,0.0,146,1787589015
validation,257841043574753,0,construction_null,2,128,low,0.0,147,2026337109
validation,257841043574753,0,construction_null,2,128,low,0.0,148,1546006983
validation,257841043574753,0,construction_null,2,128,low,0.0,149,882036636
validation,257841043574753,0,construction_null,2,128,low,0.0,150,1910986150
validation,257841043574753,0,construction_null,2,128,low,0.0,151,3150612459
validation,257841043574753,0,construction_null,2,128,low,0.0,152,2272119696
validation,257841043574753,0,construction_null,2,128,low,0.0,153,742263078
validation,257841043574753,0,construction_null,2,128,low,0.0,154,3589344768
validation,257841043574753,0,construction_null,2,128,low,0.0,155,977448948
validation,257841043574753,0,construction_null,2,128,low,0.0,156,2312776734
validation,257841043574753,0,construction_null,2,128,low,0.0,157,2958953339
validation,257841043574753,0,construction_null,2,128,low,0.0,158,102827694
validation,257841043574753,0,construction_null,2,128,low,0.0,159,1954432509
validation,257841043574753,0,construction_null,2,128,low,0.0,160,358212706
validation,257841043574753,0,construction_null,2,128,low,0.0,161,1272745731
validation,257841043574753,0,construction_null,2,128,low,0.0,162,1244662973
validation,257841043574753,0,construction_null,2,128,low,0.0,163,297925627
validation,257841043574753,0,construction_null,2,128,low,0.0,164,612435635
validation,257841043574753,0,construction_null,2,128,low,0.0,165,3486101666
validation,257841043574753,0,construction_null,2,128,low,0.0,166,1498610858
validation,257841043574753,0,construction_null,2,128,low,0.0,167,2791189127
validation,257841043574753,0,construction_null,2,128,low,0.0,168,4220828765
validation,257841043574753,0,construction_null,2,128,low,0.0,169,3280275943
validation,257841043574753,0,construction_null,2,128,low,0.0,170,4081629256
validation,257841043574753,0,construction_null,2,128,low,0.0,171,2535615082
validation,257841043574753,0,construction_null,2,128,low,0.0,172,2843565158
validation,257841043574753,0,construction_null,2,128,low,0.0,173,3060148863
validation,257841043574753,0,construction_null,2,128,low,0.0,174,4027334121
validation,257841043574753,0,construction_null,2,128,low,0.0,175,4281320756
validation,257841043574753,0,construction_null,2,128,low,0.0,176,3648037488
validation,257841043574753,0,construction_null,2,128,low,0.0,177,1307033203
validation,257841043574753,0,construction_null,2,128,low,0.0,178,3604455957
validation,257841043574753,0,construction_null,2,128,low,0.0,179,2189906105
validation,257841043574753,0,construction_null,2,128,low,0.0,180,1210105037
validation,257841043574753,0,construction_null,2,128,low,0.0,181,1730214564
validation,257841043574753,0,construction_null,2,128,low,0.0,182,1050678831
validation,257841043574753,0,construction_null,2,128,low,0.0,183,2938720893
validation,257841043574753,0,construction_null,2,128,low,0.0,184,1147395248
validation,257841043574753,0,construction_null,2,128,low,0.0,185,3981643229
validation,257841043574753,0,construction_null,2,128,low,0.0,186,1170839971
validation,257841043574753,0,construction_null,2,128,low,0.0,187,3271483560
validation,257841043574753,0,construction_null,2,128,low,0.0,188,2670583029
validation,257841043574753,0,construction_null,2,128,low,0.0,189,199452170
validation,257841043574753,0,construction_null,2,128,low,0.0,190,2163849415
validation,257841043574753,0,construction_null,2,128,low,0.0,191,4047302174
validation,257841043574753,0,construction_null,2,128,low,0.0,192,4145222413
validation,257841043574753,0,construction_null,2,128,low,0.0,193,2019818417
validation,257841043574753,0,construction_null,2,128,low,0.0,194,2092271763
validation,257841043574753,0,construction_null,2,128,low,0.0,195,1351587701
validation,257841043574753,0,construction_null,2,128,low,0.0,196,298294587
validation,257841043574753,0,construction_null,2,128,low,0.0,197,1992630833
validation,257841043574753,0,construction_null,2,128,low,0.0,198,1297446645
validation,257841043574753,0,construction_null,2,128,low,0.0,199,1107891744
validation,257841043574753,0,construction_null,2,128,low,0.0,200,3282686479
validation,257841043574753,0,construction_null,2,128,low,0.0,201,4099951340
validation,257841043574753,0,construction_null,2,128,low,0.0,202,2517559657
validation,257841043574753,0,construction_null,2,128,low,0.0,203,3999211905
validation,257841043574753,0,construction_null,2,128,low,0.0,204,1832411715
validation,257841043574753,0,construction_null,2,128,low,0.0,205,3150604422
validation,257841043574753,0,construction_null,2,128,low,0.0,206,3364618280
validation,257841043574753,0,construction_null,2,128,low,0.0,207,3991215599
validation,257841043574753,0,construction_null,2,128,low,0.0,208,1230827082
validation,257841043574753,0,construction_null,2,128,low,0.0,209,2707803106
validation,257841043574753,0,construction_null,2,128,low,0.0,210,997974682
validation,257841043574753,0,construction_null,2,128,low,0.0,211,3405708364
validation,257841043574753,0,construction_null,2,128,low,0.0,212,2939375193
validation,257841043574753,0,construction_null,2,128,low,0.0,213,2550787654
validation,257841043574753,0,construction_null,2,128,low,0.0,214,2030150548
validation,257841043574753,0,construction_null,2,128,low,0.0,215,3818106259
validation,257841043574753,0,construction_null,2,128,low,0.0,216,3477999893
validation,257841043574753,0,construction_null,2,128,low,0.0,217,1501510030
validation,257841043574753,0,construction_null,2,128,low,0.0,218,3405983800
validation,257841043574753,0,construction_null,2,128,low,0.0,219,2667796376
validation,257841043574753,0,construction_null,2,128,low,0.0,220,1147412159
validation,257841043574753,0,construction_null,2,128,low,0.0,221,696561237
validation,257841043574753,0,construction_null,2,128,low,0.0,222,558204881
validation,257841043574753,0,construction_null,2,128,low,0.0,223,1750075415
validation,257841043574753,0,construction_null,2,128,low,0.0,224,1969629396
validation,257841043574753,0,construction_null,2,128,low,0.0,225,2913627635
validation,257841043574753,0,construction_null,2,128,low,0.0,226,4052962152
validation,257841043574753,0,construction_null,2,128,low,0.0,227,160512286
validation,257841043574753,0,construction_null,2,128,low,0.0,228,3292299702
validation,257841043574753,0,construction_null,2,128,low,0.0,229,4273342854
validation,257841043574753,0,construction_null,2,128,low,0.0,230,2876879160
validation,257841043574753,0,construction_null,2,128,low,0.0,231,1535416542
validation,257841043574753,0,construction_null,2,128,low,0.0,232,3042278235
validation,257841043574753,0,construction_null,2,128,low,0.0,233,634823706
validation,257841043574753,0,construction_null,2,128,low,0.0,234,697072881
validation,257841043574753,0,construction_null,2,128,low,0.0,235,2141462495
validation,257841043574753,0,construction_null,2,128,low,0.0,236,2897983374
validation,257841043574753,0,construction_null,2,128,low,0.0,237,2437533848
validation,257841043574753,0,construction_null,2,128,low,0.0,238,4008777281
validation,257841043574753,0,construction_null,2,128,low,0.0,239,2315458375
validation,257841043574753,0,construction_null,2,128,low,0.0,240,3150216665
validation,257841043574753,0,construction_null,2,128,low,0.0,241,3945920420
validation,257841043574753,0,construction_null,2,128,low,0.0,242,1722597155
validation,257841043574753,0,construction_null,2,128,low,0.0,243,1346342778
validation,257841043574753,0,construction_null,2,128,low,0.0,244,123611049
validation,257841043574753,0,construction_null,2,128,low,0.0,245,3871017569
validation,257841043574753,0,construction_null,2,128,low,0.0,246,20218848
validation,257841043574753,0,construction_null,2,128,low,0.0,247,3059559139
validation,257841043574753,0,construction_null,2,128,low,0.0,248,4280686650
validation,257841043574753,0,construction_null,2,128,low,0.0,249,1227899465
validation,257841043574753,0,construction_null,2,128,low,0.0,250,3975624815
validation,257841043574753,0,construction_null,2,128,low,0.0,251,1114711750
validation,257841043574753,0,construction_null,2,128,low,0.0,252,2346927022
validation,257841043574753,0,construction_null,2,128,low,0.0,253,3044958137
validation,257841043574753,0,construction_null,2,128,low,0.0,254,3399875414
validation,257841043574753,0,construction_null,2,128,low,0.0,255,1050209431
validation,257841043574753,0,construction_null,2,128,low,0.0,256,2818399742
validation,257841043574753,0,construction_null,2,128,low,0.0,257,2116321560
validation,257841043574753,0,construction_null,2,128,low,0.0,258,117901291
validation,257841043574753,0,construction_null,2,128,low,0.0,259,3725651409
validation,257841043574753,0,construction_null,2,128,low,0.0,260,3043866972
validation,257841043574753,0,construction_null,2,128,low,0.0,261,703167258
validation,257841043574753,0,construction_null,2,128,low,0.0,262,350902138
validation,257841043574753,0,construction_null,2,128,low,0.0,263,3482163889
validation,257841043574753,0,construction_null,2,128,low,0.0,264,1541475585
validation,257841043574753,0,construction_null,2,128,low,0.0,265,4290464511
validation,257841043574753,0,construction_null,2,128,low,0.0,266,457383354
validation,257841043574753,0,construction_null,2,128,low,0.0,267,2549970047
validation,257841043574753,0,construction_null,2,128,low,0.0,268,2495610420
validation,257841043574753,0,construction_null,2,128,low,0.0,269,1855208952
validation,257841043574753,0,construction_null,2,128,low,0.0,270,1059949048
validation,257841043574753,0,construction_null,2,128,low,0.0,271,187418217
validation,257841043574753,0,construction_null,2,128,low,0.0,272,3582382433
validation,257841043574753,0,construction_null,2,128,low,0.0,273,77610477
validation,257841043574753,0,construction_null,2,128,low,0.0,274,2017878897
validation,257841043574753,0,construction_null,2,128,low,0.0,275,224393606
validation,257841043574753,0,construction_null,2,128,low,0.0,276,617511058
validation,257841043574753,0,construction_null,2,128,low,0.0,277,2258521475
validation,257841043574753,0,construction_null,2,128,low,0.0,278,1376717946
validation,257841043574753,0,construction_null,2,128,low,0.0,279,492231573
validation,257841043574753,0,construction_null,2,128,low,0.0,280,2844351937
validation,257841043574753,0,construction_null,2,128,low,0.0,281,410031894
validation,257841043574753,0,construction_null,2,128,low,0.0,282,1175196100
validation,257841043574753,0,construction_null,2,128,low,0.0,283,2363163841
validation,257841043574753,0,construction_null,2,128,low,0.0,284,3149853479
validation,257841043574753,0,construction_null,2,128,low,0.0,285,2287646288
validation,257841043574753,0,construction_null,2,128,low,0.0,286,3427579989
validation,257841043574753,0,construction_null,2,128,low,0.0,287,630899166
validation,257841043574753,0,construction_null,2,128,low,0.0,288,3791331194
validation,257841043574753,0,construction_null,2,128,low,0.0,289,3211172623
validation,257841043574753,0,construction_null,2,128,low,0.0,290,2645133637
validation,257841043574753,0,construction_null,2,128,low,0.0,291,3239493430
validation,257841043574753,0,construction_null,2,128,low,0.0,292,1754270945
validation,257841043574753,0,construction_null,2,128,low,0.0,293,1634970769
validation,257841043574753,0,construction_null,2,128,low,0.0,294,505061136
validation,257841043574753,0,construction_null,2,128,low,0.0,295,2558533401
validation,257841043574753,0,construction_null,2,128,low,0.0,296,2626552044
validation,257841043574753,0,construction_null,2,128,low,0.0,297,1068290163
validation,257841043574753,0,construction_null,2,128,low,0.0,298,976034661
validation,257841043574753,0,construction_null,2,128,low,0.0,299,2702842620
validation,257841043574753,0,construction_null,2,128,low,0.0,300,2961914682
validation,257841043574753,0,construction_null,2,128,low,0.0,301,914700131
validation,257841043574753,0,construction_null,2,128,low,0.0,302,967364382
validation,257841043574753,0,construction_null,2,128,low,0.0,303,3504087341
validation,257841043574753,0,construction_null,2,128,low,0.0,304,2267171684
validation,257841043574753,0,construction_null,2,128,low,0.0,305,2300765151
validation,257841043574753,0,construction_null,2,128,low,0.0,306,1263981732
validation,257841043574753,0,construction_null,2,128,low,0.0,307,1412230646
validation,257841043574753,0,construction_null,2,128,low,0.0,308,1439822296
validation,257841043574753,0,construction_null,2,128,low,0.0,309,4269015167
validation,257841043574753,0,construction_null,2,128,low,0.0,310,1848499782
validation,257841043574753,0,construction_null,2,128,low,0.0,311,1211498022
validation,257841043574753,0,construction_null,2,128,low,0.0,312,2097893729
validation,257841043574753,0,construction_null,2,128,low,0.0,313,3453084343
validation,257841043574753,0,construction_null,2,128,low,0.0,314,1373113442
validation,257841043574753,0,construction_null,2,128,low,0.0,315,854914205
validation,257841043574753,0,construction_null,2,128,low,0.0,316,3200829086
validation,257841043574753,0,construction_null,2,128,low,0.0,317,2766612220
validation,257841043574753,0,construction_null,2,128,low,0.0,318,4198874493
validation,257841043574753,0,construction_null,2,128,low,0.0,319,1931213681
validation,257841043574753,0,construction_null,2,128,low,0.0,320,1222276172
validation,257841043574753,0,construction_null,2,128,low,0.0,321,984986234
validation,257841043574753,0,construction_null,2,128,low,0.0,322,1366239907
validation,257841043574753,0,construction_null,2,128,low,0.0,323,3276537341
validation,257841043574753,0,construction_null,2,128,low,0.0,324,2372785615
validation,257841043574753,0,construction_null,2,128,low,0.0,325,1632325884
validation,257841043574753,0,construction_null,2,128,low,0.0,326,1400196024
validation,257841043574753,0,construction_null,2,128,low,0.0,327,3642425058
validation,257841043574753,0,construction_null,2,128,low,0.0,328,2630032597
validation,257841043574753,0,construction_null,2,128,low,0.0,329,74198829
validation,257841043574753,0,construction_null,2,128,low,0.0,330,1351438452
validation,257841043574753,0,construction_null,2,128,low,0.0,331,1460325731
validation,257841043574753,0,construction_null,2,128,low,0.0,332,2878023913
validation,257841043574753,0,construction_null,2,128,low,0.0,333,1398778894
validation,257841043574753,0,construction_null,2,128,low,0.0,334,1555044467
validation,257841043574753,0,construction_null,2,128,low,0.0,335,3282635950
validation,257841043574753,0,construction_null,2,128,low,0.0,336,867108204
validation,257841043574753,0,construction_null,2,128,low,0.0,337,1446814221
validation,257841043574753,0,construction_null,2,128,low,0.0,338,1688224389
validation,257841043574753,0,construction_null,2,128,low,0.0,339,2275371071
validation,257841043574753,0,construction_null,2,128,low,0.0,340,3337454384
validation,257841043574753,0,construction_null,2,128,low,0.0,341,4152692784
validation,257841043574753,0,construction_null,2,128,low,0.0,342,3147228794
validation,257841043574753,0,construction_null,2,128,low,0.0,343,2494255468
validation,257841043574753,0,construction_null,2,128,low,0.0,344,2745136685
validation,257841043574753,0,construction_null,2,128,low,0.0,345,2574804240
validation,257841043574753,0,construction_null,2,128,low,0.0,346,4250159688
validation,257841043574753,0,construction_null,2,128,low,0.0,347,2393714519
validation,257841043574753,0,construction_null,2,128,low,0.0,348,84268768
validation,257841043574753,0,construction_null,2,128,low,0.0,349,4180549152
validation,257841043574753,0,construction_null,2,128,low,0.0,350,2981810293
validation,257841043574753,0,construction_null,2,128,low,0.0,351,678248159
validation,257841043574753,0,construction_null,2,128,low,0.0,352,511409032
validation,257841043574753,0,construction_null,2,128,low,0.0,353,409284188
validation,257841043574753,0,construction_null,2,128,low,0.0,354,22776860
validation,257841043574753,0,construction_null,2,128,low,0.0,355,3184976610
validation,257841043574753,0,construction_null,2,128,low,0.0,356,2111002705
validation,257841043574753,0,construction_null,2,128,low,0.0,357,1748583101
validation,257841043574753,0,construction_null,2,128,low,0.0,358,1093804991
validation,257841043574753,0,construction_null,2,128,low,0.0,359,2192208152
validation,257841043574753,0,construction_null,2,128,low,0.0,360,1555314398
validation,257841043574753,0,construction_null,2,128,low,0.0,361,2922575787
validation,257841043574753,0,construction_null,2,128,low,0.0,362,806781791
validation,257841043574753,0,construction_null,2,128,low,0.0,363,2992623717
validation,257841043574753,0,construction_null,2,128,low,0.0,364,1364748604
validation,257841043574753,0,construction_null,2,128,low,0.0,365,873137613
validation,257841043574753,0,construction_null,2,128,low,0.0,366,3431466647
validation,257841043574753,0,construction_null,2,128,low,0.0,367,394790133
validation,257841043574753,0,construction_null,2,128,low,0.0,368,2330095680
validation,257841043574753,0,construction_null,2,128,low,0.0,369,1287177505
validation,257841043574753,0,construction_null,2,128,low,0.0,370,864742208
validation,257841043574753,0,construction_null,2,128,low,0.0,371,523792075
validation,257841043574753,0,construction_null,2,128,low,0.0,372,988244421
validation,257841043574753,0,construction_null,2,128,low,0.0,373,2065456578
validation,257841043574753,0,construction_null,2,128,low,0.0,374,1830832422
validation,257841043574753,0,construction_null,2,128,low,0.0,375,3938213685
validation,257841043574753,0,construction_null,2,128,low,0.0,376,3119970756
validation,257841043574753,0,construction_null,2,128,low,0.0,377,1058630621
validation,257841043574753,0,construction_null,2,128,low,0.0,378,458716759
validation,257841043574753,0,construction_null,2,128,low,0.0,379,3692468349
validation,257841043574753,0,construction_null,2,128,low,0.0,380,2678881950
validation,257841043574753,0,construction_null,2,128,low,0.0,381,3741424762
validation,257841043574753,0,construction_null,2,128,low,0.0,382,3937681878
validation,257841043574753,0,construction_null,2,128,low,0.0,383,2164725094
validation,257841043574753,0,construction_null,2,128,low,0.0,384,3239061231
validation,257841043574753,0,construction_null,2,128,low,0.0,385,1002847456
validation,257841043574753,0,construction_null,2,128,low,0.0,386,1304817159
validation,257841043574753,0,construction_null,2,128,low,0.0,387,2573539652
validation,257841043574753,0,construction_null,2,128,low,0.0,388,1353578492
validation,257841043574753,0,construction_null,2,128,low,0.0,389,355141798
validation,257841043574753,0,construction_null,2,128,low,0.0,390,474702120
validation,257841043574753,0,construction_null,2,128,low,0.0,391,1285237213
validation,257841043574753,0,construction_null,2,128,low,0.0,392,2038994505
validation,257841043574753,0,construction_null,2,128,low,0.0,393,2573455928
validation,257841043574753,0,construction_null,2,128,low,0.0,394,1976081333
validation,257841043574753,0,construction_null,2,128,low,0.0,395,3277241500
validation,257841043574753,0,construction_null,2,128,low,0.0,396,3191959653
validation,257841043574753,0,construction_null,2,128,low,0.0,397,1054005020
validation,257841043574753,0,construction_null,2,128,low,0.0,398,4266172494
validation,257841043574753,0,construction_null,2,128,low,0.0,399,1165314564
validation,257841043574753,0,construction_null,2,128,low,0.0,400,115357634
validation,257841043574753,0,construction_null,2,128,low,0.0,401,2992240283
validation,257841043574753,0,construction_null,2,128,low,0.0,402,2740368198
validation,257841043574753,0,construction_null,2,128,low,0.0,403,3865428582
validation,257841043574753,0,construction_null,2,128,low,0.0,404,2549968173
validation,257841043574753,0,construction_null,2,128,low,0.0,405,78113711
validation,257841043574753,0,construction_null,2,128,low,0.0,406,1543353249
validation,257841043574753,0,construction_null,2,128,low,0.0,407,1721077475
validation,257841043574753,0,construction_null,2,128,low,0.0,408,699406912
validation,257841043574753,0,construction_null,2,128,low,0.0,409,3135442408
validation,257841043574753,0,construction_null,2,128,low,0.0,410,527522203
validation,257841043574753,0,construction_null,2,128,low,0.0,411,2005133600
validation,257841043574753,0,construction_null,2,128,low,0.0,412,1760362333
validation,257841043574753,0,construction_null,2,128,low,0.0,413,4145960127
validation,257841043574753,0,construction_null,2,128,low,0.0,414,1672208175
validation,257841043574753,0,construction_null,2,128,low,0.0,415,2543764730
validation,257841043574753,0,construction_null,2,128,low,0.0,416,1140183501
validation,257841043574753,0,construction_null,2,128,low,0.0,417,3849544909
validation,257841043574753,0,construction_null,2,128,low,0.0,418,2337767324
validation,257841043574753,0,construction_null,2,128,low,0.0,419,2486202333
validation,257841043574753,0,construction_null,2,128,low,0.0,420,381732409
validation,257841043574753,0,construction_null,2,128,low,0.0,421,370419328
validation,257841043574753,0,construction_null,2,128,low,0.0,422,345290665
validation,257841043574753,0,construction_null,2,128,low,0.0,423,3411739466
validation,257841043574753,0,construction_null,2,128,low,0.0,424,1666006463
validation,257841043574753,0,construction_null,2,128,low,0.0,425,2700117563
validation,257841043574753,0,construction_null,2,128,low,0.0,426,626311126
validation,257841043574753,0,construction_null,2,128,low,0.0,427,3755242381
validation,257841043574753,0,construction_null,2,128,low,0.0,428,3060178138
validation,257841043574753,0,construction_null,2,128,low,0.0,429,3051105765
validation,257841043574753,0,construction_null,2,128,low,0.0,430,2047910536
validation,257841043574753,0,construction_null,2,128,low,0.0,431,1850353226
validation,257841043574753,0,construction_null,2,128,low,0.0,432,2108881292
validation,257841043574753,0,construction_null,2,128,low,0.0,433,2548671291
validation,257841043574753,0,construction_null,2,128,low,0.0,434,3075329742
validation,257841043574753,0,construction_null,2,128,low,0.0,435,470430385
validation,257841043574753,0,construction_null,2,128,low,0.0,436,1282831828
validation,257841043574753,0,construction_null,2,128,low,0.0,437,613746601
validation,257841043574753,0,construction_null,2,128,low,0.0,438,1662680477
validation,257841043574753,0,construction_null,2,128,low,0.0,439,1490594097
validation,257841043574753,0,construction_null,2,128,low,0.0,440,3388333909
validation,257841043574753,0,construction_null,2,128,low,0.0,441,49025498
validation,257841043574753,0,construction_null,2,128,low,0.0,442,1041462362
validation,257841043574753,0,construction_null,2,128,low,0.0,443,3198424500
validation,257841043574753,0,construction_null,2,128,low,0.0,444,3235326992
validation,257841043574753,0,construction_null,2,128,low,0.0,445,2178674761
validation,257841043574753,0,construction_null,2,128,low,0.0,446,2131448406
validation,257841043574753,0,construction_null,2,128,low,0.0,447,2761265936
validation,257841043574753,0,construction_null,2,128,low,0.0,448,917972676
validation,257841043574753,0,construction_null,2,128,low,0.0,449,54728650
validation,257841043574753,0,construction_null,2,128,low,0.0,450,3660776026
validation,257841043574753,0,construction_null,2,128,low,0.0,451,1076541440
validation,257841043574753,0,construction_null,2,128,low,0.0,452,2387310839
validation,257841043574753,0,construction_null,2,128,low,0.0,453,1710717155
validation,257841043574753,0,construction_null,2,128,low,0.0,454,3023145421
validation,257841043574753,0,construction_null,2,128,low,0.0,455,35043115
validation,257841043574753,0,construction_null,2,128,low,0.0,456,3270018747
validation,257841043574753,0,construction_null,2,128,low,0.0,457,783870849
validation,257841043574753,0,construction_null,2,128,low,0.0,458,2846521387
validation,257841043574753,0,construction_null,2,128,low,0.0,459,975558850
validation,257841043574753,0,construction_null,2,128,low,0.0,460,1101927782
validation,257841043574753,0,construction_null,2,128,low,0.0,461,224006733
validation,257841043574753,0,construction_null,2,128,low,0.0,462,3461896733
validation,257841043574753,0,construction_null,2,128,low,0.0,463,221633736
validation,257841043574753,0,construction_null,2,128,low,0.0,464,3433898005
validation,257841043574753,0,construction_null,2,128,low,0.0,465,4141926768
validation,257841043574753,0,construction_null,2,128,low,0.0,466,2780189254
validation,257841043574753,0,construction_null,2,128,low,0.0,467,903213421
validation,257841043574753,0,construction_null,2,128,low,0.0,468,3680388008
validation,257841043574753,0,construction_null,2,128,low,0.0,469,2781475041
validation,257841043574753,0,construction_null,2,128,low,0.0,470,1448787255
validation,257841043574753,0,construction_null,2,128,low,0.0,471,200713763
validation,257841043574753,0,construction_null,2,128,low,0.0,472,889220398
validation,257841043574753,0,construction_null,2,128,low,0.0,473,1638140655
validation,257841043574753,0,construction_null,2,128,low,0.0,474,2465829238
validation,257841043574753,0,construction_null,2,128,low,0.0,475,4279074568
validation,257841043574753,0,construction_null,2,128,low,0.0,476,255070899
validation,257841043574753,0,construction_null,2,128,low,0.0,477,1712538326
validation,257841043574753,0,construction_null,2,128,low,0.0,478,3417657512
validation,257841043574753,0,construction_null,2,128,low,0.0,479,2962733698
validation,257841043574753,0,construction_null,2,128,low,0.0,480,2834086286
validation,257841043574753,0,construction_null,2,128,low,0.0,481,3089124609
validation,257841043574753,0,construction_null,2,128,low,0.0,482,1821563174
validation,257841043574753,0,construction_null,2,128,low,0.0,483,2650791419
validation,257841043574753,0,construction_null,2,128,low,0.0,484,3825481123
validation,257841043574753,0,construction_null,2,128,low,0.0,485,1989480261
validation,257841043574753,0,construction_null,2,128,low,0.0,486,1131508676
validation,257841043574753,0,construction_null,2,128,low,0.0,487,3969866010
validation,257841043574753,0,construction_null,2,128,low,0.0,488,1860285141
validation,257841043574753,0,construction_null,2,128,low,0.0,489,3287464044
validation,257841043574753,0,construction_null,2,128,low,0.0,490,4089506160
validation,257841043574753,0,construction_null,2,128,low,0.0,491,861699492
validation,257841043574753,0,construction_null,2,128,low,0.0,492,467536337
validation,257841043574753,0,construction_null,2,128,low,0.0,493,2846197450
validation,257841043574753,0,construction_null,2,128,low,0.0,494,977646409
validation,257841043574753,0,construction_null,2,128,low,0.0,495,2740862160
validation,257841043574753,0,construction_null,2,128,low,0.0,496,2294813961
validation,257841043574753,0,construction_null,2,128,low,0.0,497,1741884449
validation,257841043574753,0,construction_null,2,128,low,0.0,498,3312520168
validation,257841043574753,0,construction_null,2,128,low,0.0,499,2805571534
validation,257841043574753,1,construction_null,2,128,medium,0.0,0,4210339443
validation,257841043574753,1,construction_null,2,128,medium,0.0,1,450065735
validation,257841043574753,1,construction_null,2,128,medium,0.0,2,1582567922
validation,257841043574753,1,construction_null,2,128,medium,0.0,3,2931908242
validation,257841043574753,1,construction_null,2,128,medium,0.0,4,70676118
validation,257841043574753,1,construction_null,2,128,medium,0.0,5,3378274259
validation,257841043574753,1,construction_null,2,128,medium,0.0,6,2846321390
validation,257841043574753,1,construction_null,2,128,medium,0.0,7,1327032273
validation,257841043574753,1,construction_null,2,128,medium,0.0,8,4257208817
validation,257841043574753,1,construction_null,2,128,medium,0.0,9,433870614
validation,257841043574753,1,construction_null,2,128,medium,0.0,10,2607903275
validation,257841043574753,1,construction_null,2,128,medium,0.0,11,1530855773
validation,257841043574753,1,construction_null,2,128,medium,0.0,12,3084999293
validation,257841043574753,1,construction_null,2,128,medium,0.0,13,2430191681
validation,257841043574753,1,construction_null,2,128,medium,0.0,14,2410206640
validation,257841043574753,1,construction_null,2,128,medium,0.0,15,4126265749
validation,257841043574753,1,construction_null,2,128,medium,0.0,16,2219831599
validation,257841043574753,1,construction_null,2,128,medium,0.0,17,3770272240
validation,257841043574753,1,construction_null,2,128,medium,0.0,18,3771701490
validation,257841043574753,1,construction_null,2,128,medium,0.0,19,2565269649
validation,257841043574753,1,construction_null,2,128,medium,0.0,20,3846593504
validation,257841043574753,1,construction_null,2,128,medium,0.0,21,3346347492
validation,257841043574753,1,construction_null,2,128,medium,0.0,22,2038706079
validation,257841043574753,1,construction_null,2,128,medium,0.0,23,179194301
validation,257841043574753,1,construction_null,2,128,medium,0.0,24,1848906764
validation,257841043574753,1,construction_null,2,128,medium,0.0,25,2744553901
validation,257841043574753,1,construction_null,2,128,medium,0.0,26,3877747582
validation,257841043574753,1,construction_null,2,128,medium,0.0,27,3007003253
validation,257841043574753,1,construction_null,2,128,medium,0.0,28,1237872382
validation,257841043574753,1,construction_null,2,128,medium,0.0,29,4001754269
validation,257841043574753,1,construction_null,2,128,medium,0.0,30,2175732789
validation,257841043574753,1,construction_null,2,128,medium,0.0,31,3066348767
validation,257841043574753,1,construction_null,2,128,medium,0.0,32,1638131194
validation,257841043574753,1,construction_null,2,128,medium,0.0,33,124917263
validation,257841043574753,1,construction_null,2,128,medium,0.0,34,3981803371
validation,257841043574753,1,construction_null,2,128,medium,0.0,35,1494633673
validation,257841043574753,1,construction_null,2,128,medium,0.0,36,880236620
validation,257841043574753,1,construction_null,2,128,medium,0.0,37,3194455110
validation,257841043574753,1,construction_null,2,128,medium,0.0,38,3073584704
validation,257841043574753,1,construction_null,2,128,medium,0.0,39,1921647149
validation,257841043574753,1,construction_null,2,128,medium,0.0,40,1393057503
validation,257841043574753,1,construction_null,2,128,medium,0.0,41,3585670524
validation,257841043574753,1,construction_null,2,128,medium,0.0,42,3310735090
validation,257841043574753,1,construction_null,2,128,medium,0.0,43,686429875
validation,257841043574753,1,construction_null,2,128,medium,0.0,44,4211130393
validation,257841043574753,1,construction_null,2,128,medium,0.0,45,3976275888
validation,257841043574753,1,construction_null,2,128,medium,0.0,46,1172362201
validation,257841043574753,1,construction_null,2,128,medium,0.0,47,3222563540
validation,257841043574753,1,construction_null,2,128,medium,0.0,48,4197242451
validation,257841043574753,1,construction_null,2,128,medium,0.0,49,2573014413
validation,257841043574753,1,construction_null,2,128,medium,0.0,50,2497228830
validation,257841043574753,1,construction_null,2,128,medium,0.0,51,2189738386
validation,257841043574753,1,construction_null,2,128,medium,0.0,52,1990788459
validation,257841043574753,1,construction_null,2,128,medium,0.0,53,3166722633
validation,257841043574753,1,construction_null,2,128,medium,0.0,54,2040013140
validation,257841043574753,1,construction_null,2,128,medium,0.0,55,2407259386
validation,257841043574753,1,construction_null,2,128,medium,0.0,56,1191100321
validation,257841043574753,1,construction_null,2,128,medium,0.0,57,4097480779
validation,257841043574753,1,construction_null,2,128,medium,0.0,58,2415941260
validation,257841043574753,1,construction_null,2,128,medium,0.0,59,461666927
validation,257841043574753,1,construction_null,2,128,medium,0.0,60,641724199
validation,257841043574753,1,construction_null,2,128,medium,0.0,61,1312280207
validation,257841043574753,1,construction_null,2,128,medium,0.0,62,1005998367
validation,257841043574753,1,construction_null,2,128,medium,0.0,63,3267059755
validation,257841043574753,1,construction_null,2,128,medium,0.0,64,2782310194
validation,257841043574753,1,construction_null,2,128,medium,0.0,65,3765639520
validation,257841043574753,1,construction_null,2,128,medium,0.0,66,2319718229
validation,257841043574753,1,construction_null,2,128,medium,0.0,67,3051643278
validation,257841043574753,1,construction_null,2,128,medium,0.0,68,2457531188
validation,257841043574753,1,construction_null,2,128,medium,0.0,69,3800248654
validation,257841043574753,1,construction_null,2,128,medium,0.0,70,2028585369
validation,257841043574753,1,construction_null,2,128,medium,0.0,71,2754581679
validation,257841043574753,1,construction_null,2,128,medium,0.0,72,3862407251
validation,257841043574753,1,construction_null,2,128,medium,0.0,73,2900960657
validation,257841043574753,1,construction_null,2,128,medium,0.0,74,2182475289
validation,257841043574753,1,construction_null,2,128,medium,0.0,75,1483719002
validation,257841043574753,1,construction_null,2,128,medium,0.0,76,208193690
validation,257841043574753,1,construction_null,2,128,medium,0.0,77,1486969093
validation,257841043574753,1,construction_null,2,128,medium,0.0,78,1214418911
validation,257841043574753,1,construction_null,2,128,medium,0.0,79,3182181360
validation,257841043574753,1,construction_null,2,128,medium,0.0,80,3712164908
validation,257841043574753,1,construction_null,2,128,medium,0.0,81,2979830893
validation,257841043574753,1,construction_null,2,128,medium,0.0,82,1021920609
validation,257841043574753,1,construction_null,2,128,medium,0.0,83,2199817049
validation,257841043574753,1,construction_null,2,128,medium,0.0,84,3173617000
validation,257841043574753,1,construction_null,2,128,medium,0.0,85,4197723319
validation,257841043574753,1,construction_null,2,128,medium,0.0,86,1520356415
validation,257841043574753,1,construction_null,2,128,medium,0.0,87,996836975
validation,257841043574753,1,construction_null,2,128,medium,0.0,88,1643053877
validation,257841043574753,1,construction_null,2,128,medium,0.0,89,2803618323
validation,257841043574753,1,construction_null,2,128,medium,0.0,90,1935416632
validation,257841043574753,1,construction_null,2,128,medium,0.0,91,1154597047
validation,257841043574753,1,construction_null,2,128,medium,0.0,92,2684168379
validation,257841043574753,1,construction_null,2,128,medium,0.0,93,2722080355
validation,257841043574753,1,construction_null,2,128,medium,0.0,94,1584114699
validation,257841043574753,1,construction_null,2,128,medium,0.0,95,3337718981
validation,257841043574753,1,construction_null,2,128,medium,0.0,96,673541005
validation,257841043574753,1,construction_null,2,128,medium,0.0,97,19143209
validation,257841043574753,1,construction_null,2,128,medium,0.0,98,3218042856
validation,257841043574753,1,construction_null,2,128,medium,0.0,99,3481489980
validation,257841043574753,1,construction_null,2,128,medium,0.0,100,2666435938
validation,257841043574753,1,construction_null,2,128,medium,0.0,101,2923367246
validation,257841043574753,1,construction_null,2,128,medium,0.0,102,3576721460
validation,257841043574753,1,construction_null,2,128,medium,0.0,103,2159903267
validation,257841043574753,1,construction_null,2,128,medium,0.0,104,309879524
validation,257841043574753,1,construction_null,2,128,medium,0.0,105,2865240098
validation,257841043574753,1,construction_null,2,128,medium,0.0,106,722769981
validation,257841043574753,1,construction_null,2,128,medium,0.0,107,3192609156
validation,257841043574753,1,construction_null,2,128,medium,0.0,108,1493271522
validation,257841043574753,1,construction_null,2,128,medium,0.0,109,3504328443
validation,257841043574753,1,construction_null,2,128,medium,0.0,110,1192276326
validation,257841043574753,1,construction_null,2,128,medium,0.0,111,1291615912
validation,257841043574753,1,construction_null,2,128,medium,0.0,112,2406684776
validation,257841043574753,1,construction_null,2,128,medium,0.0,113,3743961083
validation,257841043574753,1,construction_null,2,128,medium,0.0,114,1394386975
validation,257841043574753,1,construction_null,2,128,medium,0.0,115,4145558264
validation,257841043574753,1,construction_null,2,128,medium,0.0,116,3204665080
validation,257841043574753,1,construction_null,2,128,medium,0.0,117,2823757595
validation,257841043574753,1,construction_null,2,128,medium,0.0,118,387582765
validation,257841043574753,1,construction_null,2,128,medium,0.0,119,2110120287
validation,257841043574753,1,construction_null,2,128,medium,0.0,120,744881645
validation,257841043574753,1,construction_null,2,128,medium,0.0,121,480475762
validation,257841043574753,1,construction_null,2,128,medium,0.0,122,4178436457
validation,257841043574753,1,construction_null,2,128,medium,0.0,123,4271561775
validation,257841043574753,1,construction_null,2,128,medium,0.0,124,314106952
validation,257841043574753,1,construction_null,2,128,medium,0.0,125,286189980
validation,257841043574753,1,construction_null,2,128,medium,0.0,126,3451858684
validation,257841043574753,1,construction_null,2,128,medium,0.0,127,924669850
validation,257841043574753,1,construction_null,2,128,medium,0.0,128,2164220709
validation,257841043574753,1,construction_null,2,128,medium,0.0,129,1196757145
validation,257841043574753,1,construction_null,2,128,medium,0.0,130,2586359476
validation,257841043574753,1,construction_null,2,128,medium,0.0,131,182098882
validation,257841043574753,1,construction_null,2,128,medium,0.0,132,671850055
validation,257841043574753,1,construction_null,2,128,medium,0.0,133,1811944934
validation,257841043574753,1,construction_null,2,128,medium,0.0,134,3085033166
validation,257841043574753,1,construction_null,2,128,medium,0.0,135,1479791477
validation,257841043574753,1,construction_null,2,128,medium,0.0,136,134680795
validation,257841043574753,1,construction_null,2,128,medium,0.0,137,3428379681
validation,257841043574753,1,construction_null,2,128,medium,0.0,138,2150614158
validation,257841043574753,1,construction_null,2,128,medium,0.0,139,1258263720
validation,257841043574753,1,construction_null,2,128,medium,0.0,140,3068919197
validation,257841043574753,1,construction_null,2,128,medium,0.0,141,3221493317
validation,257841043574753,1,construction_null,2,128,medium,0.0,142,839453158
validation,257841043574753,1,construction_null,2,128,medium,0.0,143,255250193
validation,257841043574753,1,construction_null,2,128,medium,0.0,144,3624525157
validation,257841043574753,1,construction_null,2,128,medium,0.0,145,3727124354
validation,257841043574753,1,construction_null,2,128,medium,0.0,146,2409340966
validation,257841043574753,1,construction_null,2,128,medium,0.0,147,4232699109
validation,257841043574753,1,construction_null,2,128,medium,0.0,148,2420111593
validation,257841043574753,1,construction_null,2,128,medium,0.0,149,3395336094
validation,257841043574753,1,construction_null,2,128,medium,0.0,150,19786643
validation,257841043574753,1,construction_null,2,128,medium,0.0,151,3969626703
validation,257841043574753,1,construction_null,2,128,medium,0.0,152,4124399638
validation,257841043574753,1,construction_null,2,128,medium,0.0,153,54085545
validation,257841043574753,1,construction_null,2,128,medium,0.0,154,2811370026
validation,257841043574753,1,construction_null,2,128,medium,0.0,155,2514913323
validation,257841043574753,1,construction_null,2,128,medium,0.0,156,3091430940
validation,257841043574753,1,construction_null,2,128,medium,0.0,157,2944116481
validation,257841043574753,1,construction_null,2,128,medium,0.0,158,3140486059
validation,257841043574753,1,construction_null,2,128,medium,0.0,159,2156097591
validation,257841043574753,1,construction_null,2,128,medium,0.0,160,1232703759
validation,257841043574753,1,construction_null,2,128,medium,0.0,161,1017432070
validation,257841043574753,1,construction_null,2,128,medium,0.0,162,608004455
validation,257841043574753,1,construction_null,2,128,medium,0.0,163,3594805778
validation,257841043574753,1,construction_null,2,128,medium,0.0,164,1091904860
validation,257841043574753,1,construction_null,2,128,medium,0.0,165,1060241169
validation,257841043574753,1,construction_null,2,128,medium,0.0,166,3174167246
validation,257841043574753,1,construction_null,2,128,medium,0.0,167,2059772029
validation,257841043574753,1,construction_null,2,128,medium,0.0,168,2365445708
validation,257841043574753,1,construction_null,2,128,medium,0.0,169,1885614346
validation,257841043574753,1,construction_null,2,128,medium,0.0,170,3650375790
validation,257841043574753,1,construction_null,2,128,medium,0.0,171,1684452927
validation,257841043574753,1,construction_null,2,128,medium,0.0,172,611785434
validation,257841043574753,1,construction_null,2,128,medium,0.0,173,4043906488
validation,257841043574753,1,construction_null,2,128,medium,0.0,174,2821883736
validation,257841043574753,1,construction_null,2,128,medium,0.0,175,735463236
validation,257841043574753,1,construction_null,2,128,medium,0.0,176,3884194134
validation,257841043574753,1,construction_null,2,128,medium,0.0,177,1751644525
validation,257841043574753,1,construction_null,2,128,medium,0.0,178,3703416327
validation,257841043574753,1,construction_null,2,128,medium,0.0,179,1275691335
validation,257841043574753,1,construction_null,2,128,medium,0.0,180,3822911561
validation,257841043574753,1,construction_null,2,128,medium,0.0,181,784473323
validation,257841043574753,1,construction_null,2,128,medium,0.0,182,484132758
validation,257841043574753,1,construction_null,2,128,medium,0.0,183,3172272266
validation,257841043574753,1,construction_null,2,128,medium,0.0,184,144478826
validation,257841043574753,1,construction_null,2,128,medium,0.0,185,1336502665
validation,257841043574753,1,construction_null,2,128,medium,0.0,186,1040450099
validation,257841043574753,1,construction_null,2,128,medium,0.0,187,2063893336
validation,257841043574753,1,construction_null,2,128,medium,0.0,188,4068984629
validation,257841043574753,1,construction_null,2,128,medium,0.0,189,3135280163
validation,257841043574753,1,construction_null,2,128,medium,0.0,190,1010897751
validation,257841043574753,1,construction_null,2,128,medium,0.0,191,1913478149
validation,257841043574753,1,construction_null,2,128,medium,0.0,192,1501266404
validation,257841043574753,1,construction_null,2,128,medium,0.0,193,3737954172
validation,257841043574753,1,construction_null,2,128,medium,0.0,194,3370967651
validation,257841043574753,1,construction_null,2,128,medium,0.0,195,4136670949
validation,257841043574753,1,construction_null,2,128,medium,0.0,196,315170456
validation,257841043574753,1,construction_null,2,128,medium,0.0,197,928441978
validation,257841043574753,1,construction_null,2,128,medium,0.0,198,4112973094
validation,257841043574753,1,construction_null,2,128,medium,0.0,199,1137482896
validation,257841043574753,1,construction_null,2,128,medium,0.0,200,1761932036
validation,257841043574753,1,construction_null,2,128,medium,0.0,201,1636059032
validation,257841043574753,1,construction_null,2,128,medium,0.0,202,955953027
validation,257841043574753,1,construction_null,2,128,medium,0.0,203,13956007
validation,257841043574753,1,construction_null,2,128,medium,0.0,204,1895587765
validation,257841043574753,1,construction_null,2,128,medium,0.0,205,2658837621
validation,257841043574753,1,construction_null,2,128,medium,0.0,206,3385681226
validation,257841043574753,1,construction_null,2,128,medium,0.0,207,3771603990
validation,257841043574753,1,construction_null,2,128,medium,0.0,208,1265438603
validation,257841043574753,1,construction_null,2,128,medium,0.0,209,3258922156
validation,257841043574753,1,construction_null,2,128,medium,0.0,210,2295720460
validation,257841043574753,1,construction_null,2,128,medium,0.0,211,3641947493
validation,257841043574753,1,construction_null,2,128,medium,0.0,212,885293278
validation,257841043574753,1,construction_null,2,128,medium,0.0,213,1367080276
validation,257841043574753,1,construction_null,2,128,medium,0.0,214,2409152936
validation,257841043574753,1,construction_null,2,128,medium,0.0,215,3852484949
validation,257841043574753,1,construction_null,2,128,medium,0.0,216,643943365
validation,257841043574753,1,construction_null,2,128,medium,0.0,217,1445996470
validation,257841043574753,1,construction_null,2,128,medium,0.0,218,1029948417
validation,257841043574753,1,construction_null,2,128,medium,0.0,219,1178804892
validation,257841043574753,1,construction_null,2,128,medium,0.0,220,630259868
validation,257841043574753,1,construction_null,2,128,medium,0.0,221,214432809
validation,257841043574753,1,construction_null,2,128,medium,0.0,222,1726218077
validation,257841043574753,1,construction_null,2,128,medium,0.0,223,1954496320
validation,257841043574753,1,construction_null,2,128,medium,0.0,224,2302019660
validation,257841043574753,1,construction_null,2,128,medium,0.0,225,471364950
validation,257841043574753,1,construction_null,2,128,medium,0.0,226,4293879017
validation,257841043574753,1,construction_null,2,128,medium,0.0,227,2832124273
validation,257841043574753,1,construction_null,2,128,medium,0.0,228,1477784830
validation,257841043574753,1,construction_null,2,128,medium,0.0,229,3553979424
validation,257841043574753,1,construction_null,2,128,medium,0.0,230,1758099172
validation,257841043574753,1,construction_null,2,128,medium,0.0,231,3338434170
validation,257841043574753,1,construction_null,2,128,medium,0.0,232,1144152869
validation,257841043574753,1,construction_null,2,128,medium,0.0,233,1698005876
validation,257841043574753,1,construction_null,2,128,medium,0.0,234,3522144693
validation,257841043574753,1,construction_null,2,128,medium,0.0,235,967526641
validation,257841043574753,1,construction_null,2,128,medium,0.0,236,2710025378
validation,257841043574753,1,construction_null,2,128,medium,0.0,237,3367759634
validation,257841043574753,1,construction_null,2,128,medium,0.0,238,2988918075
validation,257841043574753,1,construction_null,2,128,medium,0.0,239,149021101
validation,257841043574753,1,construction_null,2,128,medium,0.0,240,1681304970
validation,257841043574753,1,construction_null,2,128,medium,0.0,241,342506698
validation,257841043574753,1,construction_null,2,128,medium,0.0,242,954475861
validation,257841043574753,1,construction_null,2,128,medium,0.0,243,2647518190
validation,257841043574753,1,construction_null,2,128,medium,0.0,244,3277068397
validation,257841043574753,1,construction_null,2,128,medium,0.0,245,2596193756
validation,257841043574753,1,construction_null,2,128,medium,0.0,246,748364393
validation,257841043574753,1,construction_null,2,128,medium,0.0,247,1681341186
validation,257841043574753,1,construction_null,2,128,medium,0.0,248,3196456587
validation,257841043574753,1,construction_null,2,128,medium,0.0,249,4221326049
validation,257841043574753,1,construction_null,2,128,medium,0.0,250,1065201114
validation,257841043574753,1,construction_null,2,128,medium,0.0,251,3126855668
validation,257841043574753,1,construction_null,2,128,medium,0.0,252,3529090082
validation,257841043574753,1,construction_null,2,128,medium,0.0,253,2791438589
validation,257841043574753,1,construction_null,2,128,medium,0.0,254,4144816224
validation,257841043574753,1,construction_null,2,128,medium,0.0,255,318593091
validation,257841043574753,1,construction_null,2,128,medium,0.0,256,69641697
validation,257841043574753,1,construction_null,2,128,medium,0.0,257,200846602
validation,257841043574753,1,construction_null,2,128,medium,0.0,258,2884697213
validation,257841043574753,1,construction_null,2,128,medium,0.0,259,1819272387
validation,257841043574753,1,construction_null,2,128,medium,0.0,260,4003066697
validation,257841043574753,1,construction_null,2,128,medium,0.0,261,597635775
validation,257841043574753,1,construction_null,2,128,medium,0.0,262,208366863
validation,257841043574753,1,construction_null,2,128,medium,0.0,263,4114067616
validation,257841043574753,1,construction_null,2,128,medium,0.0,264,357319511
validation,257841043574753,1,construction_null,2,128,medium,0.0,265,268183679
validation,257841043574753,1,construction_null,2,128,medium,0.0,266,1658108110
validation,257841043574753,1,construction_null,2,128,medium,0.0,267,2653342071
validation,257841043574753,1,construction_null,2,128,medium,0.0,268,3157080583
validation,257841043574753,1,construction_null,2,128,medium,0.0,269,3021174023
validation,257841043574753,1,construction_null,2,128,medium,0.0,270,3856712653
validation,257841043574753,1,construction_null,2,128,medium,0.0,271,1021729406
validation,257841043574753,1,construction_null,2,128,medium,0.0,272,1041637231
validation,257841043574753,1,construction_null,2,128,medium,0.0,273,408276265
validation,257841043574753,1,construction_null,2,128,medium,0.0,274,2500526557
validation,257841043574753,1,construction_null,2,128,medium,0.0,275,2710788537
validation,257841043574753,1,construction_null,2,128,medium,0.0,276,179437986
validation,257841043574753,1,construction_null,2,128,medium,0.0,277,3728131378
validation,257841043574753,1,construction_null,2,128,medium,0.0,278,2801948586
validation,257841043574753,1,construction_null,2,128,medium,0.0,279,2933346036
validation,257841043574753,1,construction_null,2,128,medium,0.0,280,2352416799
validation,257841043574753,1,construction_null,2,128,medium,0.0,281,3455973578
validation,257841043574753,1,construction_null,2,128,medium,0.0,282,55442870
validation,257841043574753,1,construction_null,2,128,medium,0.0,283,1249751386
validation,257841043574753,1,construction_null,2,128,medium,0.0,284,3799792320
validation,257841043574753,1,construction_null,2,128,medium,0.0,285,468545632
validation,257841043574753,1,construction_null,2,128,medium,0.0,286,2055749262
validation,257841043574753,1,construction_null,2,128,medium,0.0,287,2188471974
validation,257841043574753,1,construction_null,2,128,medium,0.0,288,2596299614
validation,257841043574753,1,construction_null,2,128,medium,0.0,289,2923887819
validation,257841043574753,1,construction_null,2,128,medium,0.0,290,544278318
validation,257841043574753,1,construction_null,2,128,medium,0.0,291,3099218052
validation,257841043574753,1,construction_null,2,128,medium,0.0,292,2673660008
validation,257841043574753,1,construction_null,2,128,medium,0.0,293,771602584
validation,257841043574753,1,construction_null,2,128,medium,0.0,294,2102517618
validation,257841043574753,1,construction_null,2,128,medium,0.0,295,1975579661
validation,257841043574753,1,construction_null,2,128,medium,0.0,296,1680528978
validation,257841043574753,1,construction_null,2,128,medium,0.0,297,2830458702
validation,257841043574753,1,construction_null,2,128,medium,0.0,298,4250951099
validation,257841043574753,1,construction_null,2,128,medium,0.0,299,672225465
validation,257841043574753,1,construction_null,2,128,medium,0.0,300,2700273114
validation,257841043574753,1,construction_null,2,128,medium,0.0,301,612472595
validation,257841043574753,1,construction_null,2,128,medium,0.0,302,1818709654
validation,257841043574753,1,construction_null,2,128,medium,0.0,303,3740603177
validation,257841043574753,1,construction_null,2,128,medium,0.0,304,1762388716
validation,257841043574753,1,construction_null,2,128,medium,0.0,305,2071551014
validation,257841043574753,1,construction_null,2,128,medium,0.0,306,3794877344
validation,257841043574753,1,construction_null,2,128,medium,0.0,307,780735987
validation,257841043574753,1,construction_null,2,128,medium,0.0,308,1634801344
validation,257841043574753,1,construction_null,2,128,medium,0.0,309,3115634645
validation,257841043574753,1,construction_null,2,128,medium,0.0,310,3305636641
validation,257841043574753,1,construction_null,2,128,medium,0.0,311,2772371145
validation,257841043574753,1,construction_null,2,128,medium,0.0,312,1622792836
validation,257841043574753,1,construction_null,2,128,medium,0.0,313,3793821638
validation,257841043574753,1,construction_null,2,128,medium,0.0,314,1624721823
validation,257841043574753,1,construction_null,2,128,medium,0.0,315,3842781468
validation,257841043574753,1,construction_null,2,128,medium,0.0,316,4169112874
validation,257841043574753,1,construction_null,2,128,medium,0.0,317,2506287133
validation,257841043574753,1,construction_null,2,128,medium,0.0,318,2850775187
validation,257841043574753,1,construction_null,2,128,medium,0.0,319,3009197862
validation,257841043574753,1,construction_null,2,128,medium,0.0,320,3584757424
validation,257841043574753,1,construction_null,2,128,medium,0.0,321,659472237
validation,257841043574753,1,construction_null,2,128,medium,0.0,322,1611473248
validation,257841043574753,1,construction_null,2,128,medium,0.0,323,2968337580
validation,257841043574753,1,construction_null,2,128,medium,0.0,324,3451609921
validation,257841043574753,1,construction_null,2,128,medium,0.0,325,2739358812
validation,257841043574753,1,construction_null,2,128,medium,0.0,326,4077323188
validation,257841043574753,1,construction_null,2,128,medium,0.0,327,98680614
validation,257841043574753,1,construction_null,2,128,medium,0.0,328,246374450
validation,257841043574753,1,construction_null,2,128,medium,0.0,329,3237188074
validation,257841043574753,1,construction_null,2,128,medium,0.0,330,2841344002
validation,257841043574753,1,construction_null,2,128,medium,0.0,331,3540019909
validation,257841043574753,1,construction_null,2,128,medium,0.0,332,2466501978
validation,257841043574753,1,construction_null,2,128,medium,0.0,333,3735237075
validation,257841043574753,1,construction_null,2,128,medium,0.0,334,3598233980
validation,257841043574753,1,construction_null,2,128,medium,0.0,335,3344928545
validation,257841043574753,1,construction_null,2,128,medium,0.0,336,1921843924
validation,257841043574753,1,construction_null,2,128,medium,0.0,337,2917210422
validation,257841043574753,1,construction_null,2,128,medium,0.0,338,1619674142
validation,257841043574753,1,construction_null,2,128,medium,0.0,339,162225026
validation,257841043574753,1,construction_null,2,128,medium,0.0,340,2899720106
validation,257841043574753,1,construction_null,2,128,medium,0.0,341,161618132
validation,257841043574753,1,construction_null,2,128,medium,0.0,342,1336076800
validation,257841043574753,1,construction_null,2,128,medium,0.0,343,1939309021
validation,257841043574753,1,construction_null,2,128,medium,0.0,344,2781280250
validation,257841043574753,1,construction_null,2,128,medium,0.0,345,74693936
validation,257841043574753,1,construction_null,2,128,medium,0.0,346,3997532414
validation,257841043574753,1,construction_null,2,128,medium,0.0,347,1808227953
validation,257841043574753,1,construction_null,2,128,medium,0.0,348,1179059553
validation,257841043574753,1,construction_null,2,128,medium,0.0,349,2534385858
validation,257841043574753,1,construction_null,2,128,medium,0.0,350,2191546321
validation,257841043574753,1,construction_null,2,128,medium,0.0,351,4036993370
validation,257841043574753,1,construction_null,2,128,medium,0.0,352,2481822745
validation,257841043574753,1,construction_null,2,128,medium,0.0,353,1754510082
validation,257841043574753,1,construction_null,2,128,medium,0.0,354,2792670433
validation,257841043574753,1,construction_null,2,128,medium,0.0,355,2306935563
validation,257841043574753,1,construction_null,2,128,medium,0.0,356,189608158
validation,257841043574753,1,construction_null,2,128,medium,0.0,357,3968664052
validation,257841043574753,1,construction_null,2,128,medium,0.0,358,536767483
validation,257841043574753,1,construction_null,2,128,medium,0.0,359,418382292
validation,257841043574753,1,construction_null,2,128,medium,0.0,360,2462578918
validation,257841043574753,1,construction_null,2,128,medium,0.0,361,324700593
validation,257841043574753,1,construction_null,2,128,medium,0.0,362,152301052
validation,257841043574753,1,construction_null,2,128,medium,0.0,363,3963625505
validation,257841043574753,1,construction_null,2,128,medium,0.0,364,726816165
validation,257841043574753,1,construction_null,2,128,medium,0.0,365,4234112184
validation,257841043574753,1,construction_null,2,128,medium,0.0,366,945141872
validation,257841043574753,1,construction_null,2,128,medium,0.0,367,2806857578
validation,257841043574753,1,construction_null,2,128,medium,0.0,368,2627412561
validation,257841043574753,1,construction_null,2,128,medium,0.0,369,1302750665
validation,257841043574753,1,construction_null,2,128,medium,0.0,370,4196228114
validation,257841043574753,1,construction_null,2,128,medium,0.0,371,582543101
validation,257841043574753,1,construction_null,2,128,medium,0.0,372,992182053
validation,257841043574753,1,construction_null,2,128,medium,0.0,373,2555505486
validation,257841043574753,1,construction_null,2,128,medium,0.0,374,679626287
validation,257841043574753,1,construction_null,2,128,medium,0.0,375,3596899842
validation,257841043574753,1,construction_null,2,128,medium,0.0,376,1406870334
validation,257841043574753,1,construction_null,2,128,medium,0.0,377,549198714
validation,257841043574753,1,construction_null,2,128,medium,0.0,378,1419834195
validation,257841043574753,1,construction_null,2,128,medium,0.0,379,657360661
validation,257841043574753,1,construction_null,2,128,medium,0.0,380,1961980687
validation,257841043574753,1,construction_null,2,128,medium,0.0,381,2670762970
validation,257841043574753,1,construction_null,2,128,medium,0.0,382,13795319
validation,257841043574753,1,construction_null,2,128,medium,0.0,383,2946203352
validation,257841043574753,1,construction_null,2,128,medium,0.0,384,881953892
validation,257841043574753,1,construction_null,2,128,medium,0.0,385,3357239341
validation,257841043574753,1,construction_null,2,128,medium,0.0,386,3798878558
validation,257841043574753,1,construction_null,2,128,medium,0.0,387,132501940
validation,257841043574753,1,construction_null,2,128,medium,0.0,388,1286445240
validation,257841043574753,1,construction_null,2,128,medium,0.0,389,3111332001
validation,257841043574753,1,construction_null,2,128,medium,0.0,390,3988374458
validation,257841043574753,1,construction_null,2,128,medium,0.0,391,335882363
validation,257841043574753,1,construction_null,2,128,medium,0.0,392,356496091
validation,257841043574753,1,construction_null,2,128,medium,0.0,393,2635015701
validation,257841043574753,1,construction_null,2,128,medium,0.0,394,2482031495
validation,257841043574753,1,construction_null,2,128,medium,0.0,395,3909660585
validation,257841043574753,1,construction_null,2,128,medium,0.0,396,3751240172
validation,257841043574753,1,construction_null,2,128,medium,0.0,397,643845696
validation,257841043574753,1,construction_null,2,128,medium,0.0,398,2891080676
validation,257841043574753,1,construction_null,2,128,medium,0.0,399,2318279084
validation,257841043574753,1,construction_null,2,128,medium,0.0,400,2968395678
validation,257841043574753,1,construction_null,2,128,medium,0.0,401,1389982875
validation,257841043574753,1,construction_null,2,128,medium,0.0,402,321806365
validation,257841043574753,1,construction_null,2,128,medium,0.0,403,1553745937
validation,257841043574753,1,construction_null,2,128,medium,0.0,404,3085675159
validation,257841043574753,1,construction_null,2,128,medium,0.0,405,792171179
validation,257841043574753,1,construction_null,2,128,medium,0.0,406,4025560548
validation,257841043574753,1,construction_null,2,128,medium,0.0,407,108633667
validation,257841043574753,1,construction_null,2,128,medium,0.0,408,912628397
validation,257841043574753,1,construction_null,2,128,medium,0.0,409,1340722370
validation,257841043574753,1,construction_null,2,128,medium,0.0,410,1687234282
validation,257841043574753,1,construction_null,2,128,medium,0.0,411,2737905003
validation,257841043574753,1,construction_null,2,128,medium,0.0,412,1961325305
validation,257841043574753,1,construction_null,2,128,medium,0.0,413,2089239011
validation,257841043574753,1,construction_null,2,128,medium,0.0,414,482973054
validation,257841043574753,1,construction_null,2,128,medium,0.0,415,3437507959
validation,257841043574753,1,construction_null,2,128,medium,0.0,416,786365794
validation,257841043574753,1,construction_null,2,128,medium,0.0,417,670764145
validation,257841043574753,1,construction_null,2,128,medium,0.0,418,3679522459
validation,257841043574753,1,construction_null,2,128,medium,0.0,419,3462513482
validation,257841043574753,1,construction_null,2,128,medium,0.0,420,793600255
validation,257841043574753,1,construction_null,2,128,medium,0.0,421,1911171223
validation,257841043574753,1,construction_null,2,128,medium,0.0,422,146764484
validation,257841043574753,1,construction_null,2,128,medium,0.0,423,3310019419
validation,257841043574753,1,construction_null,2,128,medium,0.0,424,3375896687
validation,257841043574753,1,construction_null,2,128,medium,0.0,425,1129717090
validation,257841043574753,1,construction_null,2,128,medium,0.0,426,826010738
validation,257841043574753,1,construction_null,2,128,medium,0.0,427,1250085729
validation,257841043574753,1,construction_null,2,128,medium,0.0,428,20418675
validation,257841043574753,1,construction_null,2,128,medium,0.0,429,1849512080
validation,257841043574753,1,construction_null,2,128,medium,0.0,430,1867248477
validation,257841043574753,1,construction_null,2,128,medium,0.0,431,3971363192
validation,257841043574753,1,construction_null,2,128,medium,0.0,432,2727065519
validation,257841043574753,1,construction_null,2,128,medium,0.0,433,284022810
validation,257841043574753,1,construction_null,2,128,medium,0.0,434,3147432881
validation,257841043574753,1,construction_null,2,128,medium,0.0,435,2712590564
validation,257841043574753,1,construction_null,2,128,medium,0.0,436,1305253849
validation,257841043574753,1,construction_null,2,128,medium,0.0,437,242482687
validation,257841043574753,1,construction_null,2,128,medium,0.0,438,1158073732
validation,257841043574753,1,construction_null,2,128,medium,0.0,439,2976236713
validation,257841043574753,1,construction_null,2,128,medium,0.0,440,1393163212
validation,257841043574753,1,construction_null,2,128,medium,0.0,441,1313628505
validation,257841043574753,1,construction_null,2,128,medium,0.0,442,373679404
validation,257841043574753,1,construction_null,2,128,medium,0.0,443,2884800519
validation,257841043574753,1,construction_null,2,128,medium,0.0,444,1367770221
validation,257841043574753,1,construction_null,2,128,medium,0.0,445,2538189074
validation,257841043574753,1,construction_null,2,128,medium,0.0,446,3941924630
validation,257841043574753,1,construction_null,2,128,medium,0.0,447,3835949049
validation,257841043574753,1,construction_null,2,128,medium,0.0,448,2930344372
validation,257841043574753,1,construction_null,2,128,medium,0.0,449,1667324805
validation,257841043574753,1,construction_null,2,128,medium,0.0,450,829514093
validation,257841043574753,1,construction_null,2,128,medium,0.0,451,3295053443
validation,257841043574753,1,construction_null,2,128,medium,0.0,452,1063799148
validation,257841043574753,1,construction_null,2,128,medium,0.0,453,4135887147
validation,257841043574753,1,construction_null,2,128,medium,0.0,454,237084797
validation,257841043574753,1,construction_null,2,128,medium,0.0,455,3705934306
validation,257841043574753,1,construction_null,2,128,medium,0.0,456,3701145472
validation,257841043574753,1,construction_null,2,128,medium,0.0,457,3870321965
validation,257841043574753,1,construction_null,2,128,medium,0.0,458,820568177
validation,257841043574753,1,construction_null,2,128,medium,0.0,459,2193622077
validation,257841043574753,1,construction_null,2,128,medium,0.0,460,640405906
validation,257841043574753,1,construction_null,2,128,medium,0.0,461,1297477026
validation,257841043574753,1,construction_null,2,128,medium,0.0,462,728070409
validation,257841043574753,1,construction_null,2,128,medium,0.0,463,910084102
validation,257841043574753,1,construction_null,2,128,medium,0.0,464,1412314832
validation,257841043574753,1,construction_null,2,128,medium,0.0,465,4097770891
validation,257841043574753,1,construction_null,2,128,medium,0.0,466,3119815811
validation,257841043574753,1,construction_null,2,128,medium,0.0,467,4014045256
validation,257841043574753,1,construction_null,2,128,medium,0.0,468,1263860585
validation,257841043574753,1,construction_null,2,128,medium,0.0,469,2617254910
validation,257841043574753,1,construction_null,2,128,medium,0.0,470,1517423020
validation,257841043574753,1,construction_null,2,128,medium,0.0,471,1792537940
validation,257841043574753,1,construction_null,2,128,medium,0.0,472,1624806316
validation,257841043574753,1,construction_null,2,128,medium,0.0,473,4210711303
validation,257841043574753,1,construction_null,2,128,medium,0.0,474,3366910026
validation,257841043574753,1,construction_null,2,128,medium,0.0,475,3633490330
validation,257841043574753,1,construction_null,2,128,medium,0.0,476,2451217131
validation,257841043574753,1,construction_null,2,128,medium,0.0,477,1184409217
validation,257841043574753,1,construction_null,2,128,medium,0.0,478,196249913
validation,257841043574753,1,construction_null,2,128,medium,0.0,479,2227028012
validation,257841043574753,1,construction_null,2,128,medium,0.0,480,358850421
validation,257841043574753,1,construction_null,2,128,medium,0.0,481,3828168340
validation,257841043574753,1,construction_null,2,128,medium,0.0,482,1956104300
validation,257841043574753,1,construction_null,2,128,medium,0.0,483,788976570
validation,257841043574753,1,construction_null,2,128,medium,0.0,484,1622694045
validation,257841043574753,1,construction_null,2,128,medium,0.0,485,396315236
validation,257841043574753,1,construction_null,2,128,medium,0.0,486,1663073980
validation,257841043574753,1,construction_null,2,128,medium,0.0,487,2431397032
validation,257841043574753,1,construction_null,2,128,medium,0.0,488,3240895495
validation,257841043574753,1,construction_null,2,128,medium,0.0,489,304619836
validation,257841043574753,1,construction_null,2,128,medium,0.0,490,3993263811
validation,257841043574753,1,construction_null,2,128,medium,0.0,491,1177702450
validation,257841043574753,1,construction_null,2,128,medium,0.0,492,78322775
validation,257841043574753,1,construction_null,2,128,medium,0.0,493,124892647
validation,257841043574753,1,construction_null,2,128,medium,0.0,494,1704630570
validation,257841043574753,1,construction_null,2,128,medium,0.0,495,3093177043
validation,257841043574753,1,construction_null,2,128,medium,0.0,496,1632634211
validation,257841043574753,1,construction_null,2,128,medium,0.0,497,2723307638
validation,257841043574753,1,construction_null,2,128,medium,0.0,498,1390774017
validation,257841043574753,1,construction_null,2,128,medium,0.0,499,4245603652
validation,257841043574753,2,construction_null,2,128,high,0.0,0,761883126
validation,257841043574753,2,construction_null,2,128,high,0.0,1,4174139196
validation,257841043574753,2,construction_null,2,128,high,0.0,2,3080467373
validation,257841043574753,2,construction_null,2,128,high,0.0,3,2377851825
validation,257841043574753,2,construction_null,2,128,high,0.0,4,1652172353
validation,257841043574753,2,construction_null,2,128,high,0.0,5,2907976691
validation,257841043574753,2,construction_null,2,128,high,0.0,6,190121781
validation,257841043574753,2,construction_null,2,128,high,0.0,7,3469934781
validation,257841043574753,2,construction_null,2,128,high,0.0,8,4267338936
validation,257841043574753,2,construction_null,2,128,high,0.0,9,1829608145
validation,257841043574753,2,construction_null,2,128,high,0.0,10,914992811
validation,257841043574753,2,construction_null,2,128,high,0.0,11,587962533
validation,257841043574753,2,construction_null,2,128,high,0.0,12,805312827
validation,257841043574753,2,construction_null,2,128,high,0.0,13,2994939779
validation,257841043574753,2,construction_null,2,128,high,0.0,14,2255428426
validation,257841043574753,2,construction_null,2,128,high,0.0,15,3838097365
validation,257841043574753,2,construction_null,2,128,high,0.0,16,2603660234
validation,257841043574753,2,construction_null,2,128,high,0.0,17,3165516032
validation,257841043574753,2,construction_null,2,128,high,0.0,18,102573828
validation,257841043574753,2,construction_null,2,128,high,0.0,19,3920505636
validation,257841043574753,2,construction_null,2,128,high,0.0,20,318643880
validation,257841043574753,2,construction_null,2,128,high,0.0,21,978511094
validation,257841043574753,2,construction_null,2,128,high,0.0,22,1748277438
validation,257841043574753,2,construction_null,2,128,high,0.0,23,391501760
validation,257841043574753,2,construction_null,2,128,high,0.0,24,2952035489
validation,257841043574753,2,construction_null,2,128,high,0.0,25,1346029755
validation,257841043574753,2,construction_null,2,128,high,0.0,26,1931607855
validation,257841043574753,2,construction_null,2,128,high,0.0,27,593548264
validation,257841043574753,2,construction_null,2,128,high,0.0,28,1957934032
validation,257841043574753,2,construction_null,2,128,high,0.0,29,860315960
validation,257841043574753,2,construction_null,2,128,high,0.0,30,1789119801
validation,257841043574753,2,construction_null,2,128,high,0.0,31,1305437203
validation,257841043574753,2,construction_null,2,128,high,0.0,32,1455994312
validation,257841043574753,2,construction_null,2,128,high,0.0,33,2729242635
validation,257841043574753,2,construction_null,2,128,high,0.0,34,2465541983
validation,257841043574753,2,construction_null,2,128,high,0.0,35,2169610516
validation,257841043574753,2,construction_null,2,128,high,0.0,36,3972053027
validation,257841043574753,2,construction_null,2,128,high,0.0,37,2758162705
validation,257841043574753,2,construction_null,2,128,high,0.0,38,681547984
validation,257841043574753,2,construction_null,2,128,high,0.0,39,2784851790
validation,257841043574753,2,construction_null,2,128,high,0.0,40,1327693986
validation,257841043574753,2,construction_null,2,128,high,0.0,41,703774756
validation,257841043574753,2,construction_null,2,128,high,0.0,42,3524945085
validation,257841043574753,2,construction_null,2,128,high,0.0,43,4173191531
validation,257841043574753,2,construction_null,2,128,high,0.0,44,446615188
validation,257841043574753,2,construction_null,2,128,high,0.0,45,496189340
validation,257841043574753,2,construction_null,2,128,high,0.0,46,1458255212
validation,257841043574753,2,construction_null,2,128,high,0.0,47,1670005605
validation,257841043574753,2,construction_null,2,128,high,0.0,48,453107240
validation,257841043574753,2,construction_null,2,128,high,0.0,49,3462187215
validation,257841043574753,2,construction_null,2,128,high,0.0,50,530122811
validation,257841043574753,2,construction_null,2,128,high,0.0,51,47559234
validation,257841043574753,2,construction_null,2,128,high,0.0,52,3748976747
validation,257841043574753,2,construction_null,2,128,high,0.0,53,3149638302
validation,257841043574753,2,construction_null,2,128,high,0.0,54,1663842146
validation,257841043574753,2,construction_null,2,128,high,0.0,55,1832629299
validation,257841043574753,2,construction_null,2,128,high,0.0,56,2368336824
validation,257841043574753,2,construction_null,2,128,high,0.0,57,1133017492
validation,257841043574753,2,construction_null,2,128,high,0.0,58,1675972160
validation,257841043574753,2,construction_null,2,128,high,0.0,59,2618568076
validation,257841043574753,2,construction_null,2,128,high,0.0,60,943351580
validation,257841043574753,2,construction_null,2,128,high,0.0,61,1621420760
validation,257841043574753,2,construction_null,2,128,high,0.0,62,513911714
validation,257841043574753,2,construction_null,2,128,high,0.0,63,1527985634
validation,257841043574753,2,construction_null,2,128,high,0.0,64,3241275732
validation,257841043574753,2,construction_null,2,128,high,0.0,65,1288231336
validation,257841043574753,2,construction_null,2,128,high,0.0,66,1331505049
validation,257841043574753,2,construction_null,2,128,high,0.0,67,4074397741
validation,257841043574753,2,construction_null,2,128,high,0.0,68,95454338
validation,257841043574753,2,construction_null,2,128,high,0.0,69,1309267296
validation,257841043574753,2,construction_null,2,128,high,0.0,70,3205879659
validation,257841043574753,2,construction_null,2,128,high,0.0,71,1223380006
validation,257841043574753,2,construction_null,2,128,high,0.0,72,1374820634
validation,257841043574753,2,construction_null,2,128,high,0.0,73,166316318
validation,257841043574753,2,construction_null,2,128,high,0.0,74,764264432
validation,257841043574753,2,construction_null,2,128,high,0.0,75,692063311
validation,257841043574753,2,construction_null,2,128,high,0.0,76,2911225525
validation,257841043574753,2,construction_null,2,128,high,0.0,77,3254252344
validation,257841043574753,2,construction_null,2,128,high,0.0,78,2122387803
validation,257841043574753,2,construction_null,2,128,high,0.0,79,3503948382
validation,257841043574753,2,construction_null,2,128,high,0.0,80,675196036
validation,257841043574753,2,construction_null,2,128,high,0.0,81,3732471125
validation,257841043574753,2,construction_null,2,128,high,0.0,82,764755107
validation,257841043574753,2,construction_null,2,128,high,0.0,83,1684953904
validation,257841043574753,2,construction_null,2,128,high,0.0,84,1865792894
validation,257841043574753,2,construction_null,2,128,high,0.0,85,2037332837
validation,257841043574753,2,construction_null,2,128,high,0.0,86,1696838443
validation,257841043574753,2,construction_null,2,128,high,0.0,87,2172887390
validation,257841043574753,2,construction_null,2,128,high,0.0,88,3910042848
validation,257841043574753,2,construction_null,2,128,high,0.0,89,3823597022
validation,257841043574753,2,construction_null,2,128,high,0.0,90,2152870674
validation,257841043574753,2,construction_null,2,128,high,0.0,91,336831931
validation,257841043574753,2,construction_null,2,128,high,0.0,92,929067149
validation,257841043574753,2,construction_null,2,128,high,0.0,93,1486069546
validation,257841043574753,2,construction_null,2,128,high,0.0,94,1532501734
validation,257841043574753,2,construction_null,2,128,high,0.0,95,2605122844
validation,257841043574753,2,construction_null,2,128,high,0.0,96,2542107180
validation,257841043574753,2,construction_null,2,128,high,0.0,97,377997701
validation,257841043574753,2,construction_null,2,128,high,0.0,98,4287412387
validation,257841043574753,2,construction_null,2,128,high,0.0,99,3365135242
validation,257841043574753,2,construction_null,2,128,high,0.0,100,2734131750
validation,257841043574753,2,construction_null,2,128,high,0.0,101,1989691019
validation,257841043574753,2,construction_null,2,128,high,0.0,102,3291500651
validation,257841043574753,2,construction_null,2,128,high,0.0,103,1149883446
validation,257841043574753,2,construction_null,2,128,high,0.0,104,1238537913
validation,257841043574753,2,construction_null,2,128,high,0.0,105,214293365
validation,257841043574753,2,construction_null,2,128,high,0.0,106,1340694065
validation,257841043574753,2,construction_null,2,128,high,0.0,107,360243797
validation,257841043574753,2,construction_null,2,128,high,0.0,108,1626913771
validation,257841043574753,2,construction_null,2,128,high,0.0,109,2326962027
validation,257841043574753,2,construction_null,2,128,high,0.0,110,791023020
validation,257841043574753,2,construction_null,2,128,high,0.0,111,3952783974
validation,257841043574753,2,construction_null,2,128,high,0.0,112,1546806085
validation,257841043574753,2,construction_null,2,128,high,0.0,113,415925338
validation,257841043574753,2,construction_null,2,128,high,0.0,114,3525268700
validation,257841043574753,2,construction_null,2,128,high,0.0,115,2936509912
validation,257841043574753,2,construction_null,2,128,high,0.0,116,770478943
validation,257841043574753,2,construction_null,2,128,high,0.0,117,3386689548
validation,257841043574753,2,construction_null,2,128,high,0.0,118,1551166909
validation,257841043574753,2,construction_null,2,128,high,0.0,119,2827908383
validation,257841043574753,2,construction_null,2,128,high,0.0,120,1225107669
validation,257841043574753,2,construction_null,2,128,high,0.0,121,1446332570
validation,257841043574753,2,construction_null,2,128,high,0.0,122,797852664
validation,257841043574753,2,construction_null,2,128,high,0.0,123,3039689055
validation,257841043574753,2,construction_null,2,128,high,0.0,124,2252330826
validation,257841043574753,2,construction_null,2,128,high,0.0,125,2277495947
validation,257841043574753,2,construction_null,2,128,high,0.0,126,3957104467
validation,257841043574753,2,construction_null,2,128,high,0.0,127,2618601618
validation,257841043574753,2,construction_null,2,128,high,0.0,128,2885982183
validation,257841043574753,2,construction_null,2,128,high,0.0,129,614588483
validation,257841043574753,2,construction_null,2,128,high,0.0,130,2042065315
validation,257841043574753,2,construction_null,2,128,high,0.0,131,2242833262
validation,257841043574753,2,construction_null,2,128,high,0.0,132,2959648980
validation,257841043574753,2,construction_null,2,128,high,0.0,133,1563663345
validation,257841043574753,2,construction_null,2,128,high,0.0,134,3595352582
validation,257841043574753,2,construction_null,2,128,high,0.0,135,252862306
validation,257841043574753,2,construction_null,2,128,high,0.0,136,2953682260
validation,257841043574753,2,construction_null,2,128,high,0.0,137,271040087
validation,257841043574753,2,construction_null,2,128,high,0.0,138,1065967476
validation,257841043574753,2,construction_null,2,128,high,0.0,139,4178701929
validation,257841043574753,2,construction_null,2,128,high,0.0,140,2947837570
validation,257841043574753,2,construction_null,2,128,high,0.0,141,3337714209
validation,257841043574753,2,construction_null,2,128,high,0.0,142,4149725088
validation,257841043574753,2,construction_null,2,128,high,0.0,143,3807992159
validation,257841043574753,2,construction_null,2,128,high,0.0,144,3676175025
validation,257841043574753,2,construction_null,2,128,high,0.0,145,2504763876
validation,257841043574753,2,construction_null,2,128,high,0.0,146,1935884032
validation,257841043574753,2,construction_null,2,128,high,0.0,147,3650067556
validation,257841043574753,2,construction_null,2,128,high,0.0,148,821746384
validation,257841043574753,2,construction_null,2,128,high,0.0,149,1411418302
validation,257841043574753,2,construction_null,2,128,high,0.0,150,77048981
validation,257841043574753,2,construction_null,2,128,high,0.0,151,989082050
validation,257841043574753,2,construction_null,2,128,high,0.0,152,2732561453
validation,257841043574753,2,construction_null,2,128,high,0.0,153,230067640
validation,257841043574753,2,construction_null,2,128,high,0.0,154,2222031567
validation,257841043574753,2,construction_null,2,128,high,0.0,155,2917727848
validation,257841043574753,2,construction_null,2,128,high,0.0,156,2916404896
validation,257841043574753,2,construction_null,2,128,high,0.0,157,12127118
validation,257841043574753,2,construction_null,2,128,high,0.0,158,2716936874
validation,257841043574753,2,construction_null,2,128,high,0.0,159,3555842507
validation,257841043574753,2,construction_null,2,128,high,0.0,160,1056903864
validation,257841043574753,2,construction_null,2,128,high,0.0,161,1105953665
validation,257841043574753,2,construction_null,2,128,high,0.0,162,2955465588
validation,257841043574753,2,construction_null,2,128,high,0.0,163,2689361691
validation,257841043574753,2,construction_null,2,128,high,0.0,164,3556214824
validation,257841043574753,2,construction_null,2,128,high,0.0,165,1523105124
validation,257841043574753,2,construction_null,2,128,high,0.0,166,1524156512
validation,257841043574753,2,construction_null,2,128,high,0.0,167,2783280929
validation,257841043574753,2,construction_null,2,128,high,0.0,168,1329502773
validation,257841043574753,2,construction_null,2,128,high,0.0,169,993812330
validation,257841043574753,2,construction_null,2,128,high,0.0,170,111318933
validation,257841043574753,2,construction_null,2,128,high,0.0,171,1414895328
validation,257841043574753,2,construction_null,2,128,high,0.0,172,2991111181
validation,257841043574753,2,construction_null,2,128,high,0.0,173,2105993098
validation,257841043574753,2,construction_null,2,128,high,0.0,174,3316279315
validation,257841043574753,2,construction_null,2,128,high,0.0,175,2394708406
validation,257841043574753,2,construction_null,2,128,high,0.0,176,2730825890
validation,257841043574753,2,construction_null,2,128,high,0.0,177,1619216790
validation,257841043574753,2,construction_null,2,128,high,0.0,178,4242495729
validation,257841043574753,2,construction_null,2,128,high,0.0,179,2839384189
validation,257841043574753,2,construction_null,2,128,high,0.0,180,3881085819
validation,257841043574753,2,construction_null,2,128,high,0.0,181,962664513
validation,257841043574753,2,construction_null,2,128,high,0.0,182,2275097546
validation,257841043574753,2,construction_null,2,128,high,0.0,183,4229669077
validation,257841043574753,2,construction_null,2,128,high,0.0,184,4161522249
validation,257841043574753,2,construction_null,2,128,high,0.0,185,3880141975
validation,257841043574753,2,construction_null,2,128,high,0.0,186,1423045328
validation,257841043574753,2,construction_null,2,128,high,0.0,187,651499912
validation,257841043574753,2,construction_null,2,128,high,0.0,188,41057347
validation,257841043574753,2,construction_null,2,128,high,0.0,189,2004153066
validation,257841043574753,2,construction_null,2,128,high,0.0,190,3740722400
validation,257841043574753,2,construction_null,2,128,high,0.0,191,2386206892
validation,257841043574753,2,construction_null,2,128,high,0.0,192,2270407825
validation,257841043574753,2,construction_null,2,128,high,0.0,193,1360896306
validation,257841043574753,2,construction_null,2,128,high,0.0,194,3468700877
validation,257841043574753,2,construction_null,2,128,high,0.0,195,1946107131
validation,257841043574753,2,construction_null,2,128,high,0.0,196,2351322860
validation,257841043574753,2,construction_null,2,128,high,0.0,197,2276265279
validation,257841043574753,2,construction_null,2,128,high,0.0,198,3989797695
validation,257841043574753,2,construction_null,2,128,high,0.0,199,3809938642
validation,257841043574753,2,construction_null,2,128,high,0.0,200,2261278789
validation,257841043574753,2,construction_null,2,128,high,0.0,201,77001003
validation,257841043574753,2,construction_null,2,128,high,0.0,202,1780765457
validation,257841043574753,2,construction_null,2,128,high,0.0,203,3971137623
validation,257841043574753,2,construction_null,2,128,high,0.0,204,1613811349
validation,257841043574753,2,construction_null,2,128,high,0.0,205,4147037001
validation,257841043574753,2,construction_null,2,128,high,0.0,206,3681364902
validation,257841043574753,2,construction_null,2,128,high,0.0,207,2989597837
validation,257841043574753,2,construction_null,2,128,high,0.0,208,205650997
validation,257841043574753,2,construction_null,2,128,high,0.0,209,3207598292
validation,257841043574753,2,construction_null,2,128,high,0.0,210,4210114966
validation,257841043574753,2,construction_null,2,128,high,0.0,211,4191174963
validation,257841043574753,2,construction_null,2,128,high,0.0,212,4207775275
validation,257841043574753,2,construction_null,2,128,high,0.0,213,3642792211
validation,257841043574753,2,construction_null,2,128,high,0.0,214,106481394
validation,257841043574753,2,construction_null,2,128,high,0.0,215,1389740120
validation,257841043574753,2,construction_null,2,128,high,0.0,216,2822119370
validation,257841043574753,2,construction_null,2,128,high,0.0,217,939998728
validation,257841043574753,2,construction_null,2,128,high,0.0,218,912021903
validation,257841043574753,2,construction_null,2,128,high,0.0,219,1204144453
validation,257841043574753,2,construction_null,2,128,high,0.0,220,2814572497
validation,257841043574753,2,construction_null,2,128,high,0.0,221,2677926487
validation,257841043574753,2,construction_null,2,128,high,0.0,222,3441975645
validation,257841043574753,2,construction_null,2,128,high,0.0,223,1223081686
validation,257841043574753,2,construction_null,2,128,high,0.0,224,1385998763
validation,257841043574753,2,construction_null,2,128,high,0.0,225,2297130251
validation,257841043574753,2,construction_null,2,128,high,0.0,226,240133755
validation,257841043574753,2,construction_null,2,128,high,0.0,227,1460753067
validation,257841043574753,2,construction_null,2,128,high,0.0,228,3558495498
validation,257841043574753,2,construction_null,2,128,high,0.0,229,438689695
validation,257841043574753,2,construction_null,2,128,high,0.0,230,2809777201
validation,257841043574753,2,construction_null,2,128,high,0.0,231,43857210
validation,257841043574753,2,construction_null,2,128,high,0.0,232,3341442473
validation,257841043574753,2,construction_null,2,128,high,0.0,233,4041312776
validation,257841043574753,2,construction_null,2,128,high,0.0,234,2096013084
validation,257841043574753,2,construction_null,2,128,high,0.0,235,2275230244
validation,257841043574753,2,construction_null,2,128,high,0.0,236,4181985350
validation,257841043574753,2,construction_null,2,128,high,0.0,237,2502127678
validation,257841043574753,2,construction_null,2,128,high,0.0,238,3410896801
validation,257841043574753,2,construction_null,2,128,high,0.0,239,4158482461
validation,257841043574753,2,construction_null,2,128,high,0.0,240,2387764590
validation,257841043574753,2,construction_null,2,128,high,0.0,241,1519099715
validation,257841043574753,2,construction_null,2,128,high,0.0,242,297014097
validation,257841043574753,2,construction_null,2,128,high,0.0,243,3818470575
validation,257841043574753,2,construction_null,2,128,high,0.0,244,2014001716
validation,257841043574753,2,construction_null,2,128,high,0.0,245,1231894251
validation,257841043574753,2,construction_null,2,128,high,0.0,246,2799566384
validation,257841043574753,2,construction_null,2,128,high,0.0,247,1014698301
validation,257841043574753,2,construction_null,2,128,high,0.0,248,200699028
validation,257841043574753,2,construction_null,2,128,high,0.0,249,2406132331
validation,257841043574753,2,construction_null,2,128,high,0.0,250,3950410813
validation,257841043574753,2,construction_null,2,128,high,0.0,251,2593834867
validation,257841043574753,2,construction_null,2,128,high,0.0,252,3920788555
validation,257841043574753,2,construction_null,2,128,high,0.0,253,600859214
validation,257841043574753,2,construction_null,2,128,high,0.0,254,2983104452
validation,257841043574753,2,construction_null,2,128,high,0.0,255,2630161121
validation,257841043574753,2,construction_null,2,128,high,0.0,256,793825739
validation,257841043574753,2,construction_null,2,128,high,0.0,257,3233098877
validation,257841043574753,2,construction_null,2,128,high,0.0,258,2168323196
validation,257841043574753,2,construction_null,2,128,high,0.0,259,1774608272
validation,257841043574753,2,construction_null,2,128,high,0.0,260,2385899147
validation,257841043574753,2,construction_null,2,128,high,0.0,261,266055316
validation,257841043574753,2,construction_null,2,128,high,0.0,262,2650164484
validation,257841043574753,2,construction_null,2,128,high,0.0,263,2533972504
validation,257841043574753,2,construction_null,2,128,high,0.0,264,374470891
validation,257841043574753,2,construction_null,2,128,high,0.0,265,777104601
validation,257841043574753,2,construction_null,2,128,high,0.0,266,1418481925
validation,257841043574753,2,construction_null,2,128,high,0.0,267,875672463
validation,257841043574753,2,construction_null,2,128,high,0.0,268,865912217
validation,257841043574753,2,construction_null,2,128,high,0.0,269,3724073002
validation,257841043574753,2,construction_null,2,128,high,0.0,270,3472264088
validation,257841043574753,2,construction_null,2,128,high,0.0,271,2223553247
validation,257841043574753,2,construction_null,2,128,high,0.0,272,1061833356
validation,257841043574753,2,construction_null,2,128,high,0.0,273,3896206444
validation,257841043574753,2,construction_null,2,128,high,0.0,274,614754479
validation,257841043574753,2,construction_null,2,128,high,0.0,275,4103634719
validation,257841043574753,2,construction_null,2,128,high,0.0,276,1498796029
validation,257841043574753,2,construction_null,2,128,high,0.0,277,2341651518
validation,257841043574753,2,construction_null,2,128,high,0.0,278,1740589025
validation,257841043574753,2,construction_null,2,128,high,0.0,279,3828353600
validation,257841043574753,2,construction_null,2,128,high,0.0,280,943143370
validation,257841043574753,2,construction_null,2,128,high,0.0,281,643217307
validation,257841043574753,2,construction_null,2,128,high,0.0,282,279260586
validation,257841043574753,2,construction_null,2,128,high,0.0,283,1613953651
validation,257841043574753,2,construction_null,2,128,high,0.0,284,114492142
validation,257841043574753,2,construction_null,2,128,high,0.0,285,2011045506
validation,257841043574753,2,construction_null,2,128,high,0.0,286,3788054542
validation,257841043574753,2,construction_null,2,128,high,0.0,287,2869352131
validation,257841043574753,2,construction_null,2,128,high,0.0,288,1303633029
validation,257841043574753,2,construction_null,2,128,high,0.0,289,1090469194
validation,257841043574753,2,construction_null,2,128,high,0.0,290,2063733181
validation,257841043574753,2,construction_null,2,128,high,0.0,291,3474880384
validation,257841043574753,2,construction_null,2,128,high,0.0,292,4064343251
validation,257841043574753,2,construction_null,2,128,high,0.0,293,2165569052
validation,257841043574753,2,construction_null,2,128,high,0.0,294,2910150818
validation,257841043574753,2,construction_null,2,128,high,0.0,295,308442724
validation,257841043574753,2,construction_null,2,128,high,0.0,296,448831133
validation,257841043574753,2,construction_null,2,128,high,0.0,297,1228355681
validation,257841043574753,2,construction_null,2,128,high,0.0,298,3484658566
validation,257841043574753,2,construction_null,2,128,high,0.0,299,967656992
validation,257841043574753,2,construction_null,2,128,high,0.0,300,2992528858
validation,257841043574753,2,construction_null,2,128,high,0.0,301,3382281027
validation,257841043574753,2,construction_null,2,128,high,0.0,302,2781810266
validation,257841043574753,2,construction_null,2,128,high,0.0,303,990220351
validation,257841043574753,2,construction_null,2,128,high,0.0,304,334541807
validation,257841043574753,2,construction_null,2,128,high,0.0,305,14420544
validation,257841043574753,2,construction_null,2,128,high,0.0,306,2338618500
validation,257841043574753,2,construction_null,2,128,high,0.0,307,1131741602
validation,257841043574753,2,construction_null,2,128,high,0.0,308,3573099286
validation,257841043574753,2,construction_null,2,128,high,0.0,309,4168297073
validation,257841043574753,2,construction_null,2,128,high,0.0,310,2071824465
validation,257841043574753,2,construction_null,2,128,high,0.0,311,346373783
validation,257841043574753,2,construction_null,2,128,high,0.0,312,2971758207
validation,257841043574753,2,construction_null,2,128,high,0.0,313,2037573333
validation,257841043574753,2,construction_null,2,128,high,0.0,314,1156436039
validation,257841043574753,2,construction_null,2,128,high,0.0,315,1009151849
validation,257841043574753,2,construction_null,2,128,high,0.0,316,189574659
validation,257841043574753,2,construction_null,2,128,high,0.0,317,2429693091
validation,257841043574753,2,construction_null,2,128,high,0.0,318,3526180183
validation,257841043574753,2,construction_null,2,128,high,0.0,319,1661249966
validation,257841043574753,2,construction_null,2,128,high,0.0,320,2071274739
validation,257841043574753,2,construction_null,2,128,high,0.0,321,250191823
validation,257841043574753,2,construction_null,2,128,high,0.0,322,145482096
validation,257841043574753,2,construction_null,2,128,high,0.0,323,3486992704
validation,257841043574753,2,construction_null,2,128,high,0.0,324,2698539346
validation,257841043574753,2,construction_null,2,128,high,0.0,325,2719212591
validation,257841043574753,2,construction_null,2,128,high,0.0,326,2409129036
validation,257841043574753,2,construction_null,2,128,high,0.0,327,3202192919
validation,257841043574753,2,construction_null,2,128,high,0.0,328,588958015
validation,257841043574753,2,construction_null,2,128,high,0.0,329,2254800197
validation,257841043574753,2,construction_null,2,128,high,0.0,330,4037971098
validation,257841043574753,2,construction_null,2,128,high,0.0,331,2235137555
validation,257841043574753,2,construction_null,2,128,high,0.0,332,145934938
validation,257841043574753,2,construction_null,2,128,high,0.0,333,3107441623
validation,257841043574753,2,construction_null,2,128,high,0.0,334,418514644
validation,257841043574753,2,construction_null,2,128,high,0.0,335,3294786406
validation,257841043574753,2,construction_null,2,128,high,0.0,336,1328478768
validation,257841043574753,2,construction_null,2,128,high,0.0,337,4166641402
validation,257841043574753,2,construction_null,2,128,high,0.0,338,2475638482
validation,257841043574753,2,construction_null,2,128,high,0.0,339,2458917725
validation,257841043574753,2,construction_null,2,128,high,0.0,340,2143874574
validation,257841043574753,2,construction_null,2,128,high,0.0,341,3418928300
validation,257841043574753,2,construction_null,2,128,high,0.0,342,1246393847
validation,257841043574753,2,construction_null,2,128,high,0.0,343,2760598640
validation,257841043574753,2,construction_null,2,128,high,0.0,344,3711640565
validation,257841043574753,2,construction_null,2,128,high,0.0,345,3440632831
validation,257841043574753,2,construction_null,2,128,high,0.0,346,4144712953
validation,257841043574753,2,construction_null,2,128,high,0.0,347,740720552
validation,257841043574753,2,construction_null,2,128,high,0.0,348,772330752
validation,257841043574753,2,construction_null,2,128,high,0.0,349,3891343794
validation,257841043574753,2,construction_null,2,128,high,0.0,350,1411651858
validation,257841043574753,2,construction_null,2,128,high,0.0,351,1085940305
validation,257841043574753,2,construction_null,2,128,high,0.0,352,3135471059
validation,257841043574753,2,construction_null,2,128,high,0.0,353,603556250
validation,257841043574753,2,construction_null,2,128,high,0.0,354,3606413450
validation,257841043574753,2,construction_null,2,128,high,0.0,355,649450524
validation,257841043574753,2,construction_null,2,128,high,0.0,356,2937777843
validation,257841043574753,2,construction_null,2,128,high,0.0,357,2510831878
validation,257841043574753,2,construction_null,2,128,high,0.0,358,1024938374
validation,257841043574753,2,construction_null,2,128,high,0.0,359,1281106722
validation,257841043574753,2,construction_null,2,128,high,0.0,360,375432415
validation,257841043574753,2,construction_null,2,128,high,0.0,361,3578442448
validation,257841043574753,2,construction_null,2,128,high,0.0,362,626130056
validation,257841043574753,2,construction_null,2,128,high,0.0,363,164286241
validation,257841043574753,2,construction_null,2,128,high,0.0,364,2250803615
validation,257841043574753,2,construction_null,2,128,high,0.0,365,1562071137
validation,257841043574753,2,construction_null,2,128,high,0.0,366,2463480100
validation,257841043574753,2,construction_null,2,128,high,0.0,367,22504450
validation,257841043574753,2,construction_null,2,128,high,0.0,368,1223769077
validation,257841043574753,2,construction_null,2,128,high,0.0,369,1054538200
validation,257841043574753,2,construction_null,2,128,high,0.0,370,730216341
validation,257841043574753,2,construction_null,2,128,high,0.0,371,4156674411
validation,257841043574753,2,construction_null,2,128,high,0.0,372,2738347778
validation,257841043574753,2,construction_null,2,128,high,0.0,373,3897817757
validation,257841043574753,2,construction_null,2,128,high,0.0,374,1004030204
validation,257841043574753,2,construction_null,2,128,high,0.0,375,1024052792
validation,257841043574753,2,construction_null,2,128,high,0.0,376,2890117404
validation,257841043574753,2,construction_null,2,128,high,0.0,377,262204374
validation,257841043574753,2,construction_null,2,128,high,0.0,378,2888139935
validation,257841043574753,2,construction_null,2,128,high,0.0,379,1869998156
validation,257841043574753,2,construction_null,2,128,high,0.0,380,370330608
validation,257841043574753,2,construction_null,2,128,high,0.0,381,1990823646
validation,257841043574753,2,construction_null,2,128,high,0.0,382,1137935071
validation,257841043574753,2,construction_null,2,128,high,0.0,383,1255133364
validation,257841043574753,2,construction_null,2,128,high,0.0,384,1315515341
validation,257841043574753,2,construction_null,2,128,high,0.0,385,2117446856
validation,257841043574753,2,construction_null,2,128,high,0.0,386,3367492516
validation,257841043574753,2,construction_null,2,128,high,0.0,387,4220753903
validation,257841043574753,2,construction_null,2,128,high,0.0,388,3895773737
validation,257841043574753,2,construction_null,2,128,high,0.0,389,1016291129
validation,257841043574753,2,construction_null,2,128,high,0.0,390,2021469764
validation,257841043574753,2,construction_null,2,128,high,0.0,391,1116396002
validation,257841043574753,2,construction_null,2,128,high,0.0,392,3133428457
validation,257841043574753,2,construction_null,2,128,high,0.0,393,1221488172
validation,257841043574753,2,construction_null,2,128,high,0.0,394,2919119210
validation,257841043574753,2,construction_null,2,128,high,0.0,395,665175352
validation,257841043574753,2,construction_null,2,128,high,0.0,396,4263426412
validation,257841043574753,2,construction_null,2,128,high,0.0,397,3384477202
validation,257841043574753,2,construction_null,2,128,high,0.0,398,2630945695
validation,257841043574753,2,construction_null,2,128,high,0.0,399,3260207037
validation,257841043574753,2,construction_null,2,128,high,0.0,400,4212729290
validation,257841043574753,2,construction_null,2,128,high,0.0,401,2354717630
validation,257841043574753,2,construction_null,2,128,high,0.0,402,316626712
validation,257841043574753,2,construction_null,2,128,high,0.0,403,3240750017
validation,257841043574753,2,construction_null,2,128,high,0.0,404,1270219338
validation,257841043574753,2,construction_null,2,128,high,0.0,405,2451032284
validation,257841043574753,2,construction_null,2,128,high,0.0,406,657543863
validation,257841043574753,2,construction_null,2,128,high,0.0,407,2351567965
validation,257841043574753,2,construction_null,2,128,high,0.0,408,3730639812
validation,257841043574753,2,construction_null,2,128,high,0.0,409,1374789848
validation,257841043574753,2,construction_null,2,128,high,0.0,410,2942082915
validation,257841043574753,2,construction_null,2,128,high,0.0,411,3737021111
validation,257841043574753,2,construction_null,2,128,high,0.0,412,699035104
validation,257841043574753,2,construction_null,2,128,high,0.0,413,3831774528
validation,257841043574753,2,construction_null,2,128,high,0.0,414,1754685349
validation,257841043574753,2,construction_null,2,128,high,0.0,415,1444881830
validation,257841043574753,2,construction_null,2,128,high,0.0,416,2007291270
validation,257841043574753,2,construction_null,2,128,high,0.0,417,1434877453
validation,257841043574753,2,construction_null,2,128,high,0.0,418,1521786824
validation,257841043574753,2,construction_null,2,128,high,0.0,419,4121718988
validation,257841043574753,2,construction_null,2,128,high,0.0,420,500512260
validation,257841043574753,2,construction_null,2,128,high,0.0,421,2069909611
validation,257841043574753,2,construction_null,2,128,high,0.0,422,2395635938
validation,257841043574753,2,construction_null,2,128,high,0.0,423,4178835951
validation,257841043574753,2,construction_null,2,128,high,0.0,424,742136289
validation,257841043574753,2,construction_null,2,128,high,0.0,425,3344122607
validation,257841043574753,2,construction_null,2,128,high,0.0,426,621717689
validation,257841043574753,2,construction_null,2,128,high,0.0,427,917656699
validation,257841043574753,2,construction_null,2,128,high,0.0,428,2059397078
validation,257841043574753,2,construction_null,2,128,high,0.0,429,392389963
validation,257841043574753,2,construction_null,2,128,high,0.0,430,2552078236
validation,257841043574753,2,construction_null,2,128,high,0.0,431,83340181
validation,257841043574753,2,construction_null,2,128,high,0.0,432,360609630
validation,257841043574753,2,construction_null,2,128,high,0.0,433,2720995575
validation,257841043574753,2,construction_null,2,128,high,0.0,434,2734936489
validation,257841043574753,2,construction_null,2,128,high,0.0,435,3533271207
validation,257841043574753,2,construction_null,2,128,high,0.0,436,1114448090
validation,257841043574753,2,construction_null,2,128,high,0.0,437,3866287056
validation,257841043574753,2,construction_null,2,128,high,0.0,438,409352416
validation,257841043574753,2,construction_null,2,128,high,0.0,439,994852326
validation,257841043574753,2,construction_null,2,128,high,0.0,440,776694571
validation,257841043574753,2,construction_null,2,128,high,0.0,441,2977079672
validation,257841043574753,2,construction_null,2,128,high,0.0,442,256582582
validation,257841043574753,2,construction_null,2,128,high,0.0,443,1722317640
validation,257841043574753,2,construction_null,2,128,high,0.0,444,3893231430
validation,257841043574753,2,construction_null,2,128,high,0.0,445,4084526143
validation,257841043574753,2,construction_null,2,128,high,0.0,446,760260509
validation,257841043574753,2,construction_null,2,128,high,0.0,447,223242910
validation,257841043574753,2,construction_null,2,128,high,0.0,448,230102550
validation,257841043574753,2,construction_null,2,128,high,0.0,449,3955425022
validation,257841043574753,2,construction_null,2,128,high,0.0,450,2612984990
validation,257841043574753,2,construction_null,2,128,high,0.0,451,2828122004
validation,257841043574753,2,construction_null,2,128,high,0.0,452,1050358046
validation,257841043574753,2,construction_null,2,128,high,0.0,453,785881195
validation,257841043574753,2,construction_null,2,128,high,0.0,454,1429278299
validation,257841043574753,2,construction_null,2,128,high,0.0,455,1854977165
validation,257841043574753,2,construction_null,2,128,high,0.0,456,1787221898
validation,257841043574753,2,construction_null,2,128,high,0.0,457,4168479207
validation,257841043574753,2,construction_null,2,128,high,0.0,458,2600263931
validation,257841043574753,2,construction_null,2,128,high,0.0,459,2959794339
validation,257841043574753,2,construction_null,2,128,high,0.0,460,2527687394
validation,257841043574753,2,construction_null,2,128,high,0.0,461,3989224327
validation,257841043574753,2,construction_null,2,128,high,0.0,462,1628355940
validation,257841043574753,2,construction_null,2,128,high,0.0,463,1185648306
validation,257841043574753,2,construction_null,2,128,high,0.0,464,3732214777
validation,257841043574753,2,construction_null,2,128,high,0.0,465,4219653296
validation,257841043574753,2,construction_null,2,128,high,0.0,466,3555965617
validation,257841043574753,2,construction_null,2,128,high,0.0,467,1567956263
validation,257841043574753,2,construction_null,2,128,high,0.0,468,1741692698
validation,257841043574753,2,construction_null,2,128,high,0.0,469,1122812290
validation,257841043574753,2,construction_null,2,128,high,0.0,470,692486549
validation,257841043574753,2,construction_null,2,128,high,0.0,471,1133831055
validation,257841043574753,2,construction_null,2,128,high,0.0,472,2449304763
validation,257841043574753,2,construction_null,2,128,high,0.0,473,3004184808
validation,257841043574753,2,construction_null,2,128,high,0.0,474,186373851
validation,257841043574753,2,construction_null,2,128,high,0.0,475,2556605604
validation,257841043574753,2,construction_null,2,128,high,0.0,476,2533547556
validation,257841043574753,2,construction_null,2,128,high,0.0,477,3057753285
validation,257841043574753,2,construction_null,2,128,high,0.0,478,2051641350
validation,257841043574753,2,construction_null,2,128,high,0.0,479,17350688
validation,257841043574753,2,construction_null,2,128,high,0.0,480,3876519958
validation,257841043574753,2,construction_null,2,128,high,0.0,481,3480470780
validation,257841043574753,2,construction_null,2,128,high,0.0,482,654404774
validation,257841043574753,2,construction_null,2,128,high,0.0,483,3392471010
validation,257841043574753,2,construction_null,2,128,high,0.0,484,2764243676
validation,257841043574753,2,construction_null,2,128,high,0.0,485,3828633462
validation,257841043574753,2,construction_null,2,128,high,0.0,486,3126309987
validation,257841043574753,2,construction_null,2,128,high,0.0,487,556362183
validation,257841043574753,2,construction_null,2,128,high,0.0,488,592681553
validation,257841043574753,2,construction_null,2,128,high,0.0,489,1710438704
validation,257841043574753,2,construction_null,2,128,high,0.0,490,4090731545
validation,257841043574753,2,construction_null,2,128,high,0.0,491,882689546
validation,257841043574753,2,construction_null,2,128,high,0.0,492,4095207523
validation,257841043574753,2,construction_null,2,128,high,0.0,493,2332899168
validation,257841043574753,2,construction_null,2,128,high,0.0,494,1610338523
validation,257841043574753,2,construction_null,2,128,high,0.0,495,3835246297
validation,257841043574753,2,construction_null,2,128,high,0.0,496,3211263234
validation,257841043574753,2,construction_null,2,128,high,0.0,497,3370417217
validation,257841043574753,2,construction_null,2,128,high,0.0,498,1400677112
validation,257841043574753,2,construction_null,2,128,high,0.0,499,1029605373
validation,257841043574753,3,tier1,2,128,low,0.1,0,2333060888
validation,257841043574753,3,tier1,2,128,low,0.1,1,3266313634
validation,257841043574753,3,tier1,2,128,low,0.1,2,4013846481
validation,257841043574753,3,tier1,2,128,low,0.1,3,3516482186
validation,257841043574753,3,tier1,2,128,low,0.1,4,3128214583
validation,257841043574753,3,tier1,2,128,low,0.1,5,920000812
validation,257841043574753,3,tier1,2,128,low,0.1,6,414999810
validation,257841043574753,3,tier1,2,128,low,0.1,7,1687241145
validation,257841043574753,3,tier1,2,128,low,0.1,8,3613183635
validation,257841043574753,3,tier1,2,128,low,0.1,9,3072580639
validation,257841043574753,3,tier1,2,128,low,0.1,10,3715920614
validation,257841043574753,3,tier1,2,128,low,0.1,11,543189600
validation,257841043574753,3,tier1,2,128,low,0.1,12,3285637864
validation,257841043574753,3,tier1,2,128,low,0.1,13,2466184005
validation,257841043574753,3,tier1,2,128,low,0.1,14,2650327120
validation,257841043574753,3,tier1,2,128,low,0.1,15,2951807957
validation,257841043574753,3,tier1,2,128,low,0.1,16,1670939971
validation,257841043574753,3,tier1,2,128,low,0.1,17,2789554232
validation,257841043574753,3,tier1,2,128,low,0.1,18,3204142218
validation,257841043574753,3,tier1,2,128,low,0.1,19,2336655144
validation,257841043574753,3,tier1,2,128,low,0.1,20,2631499155
validation,257841043574753,3,tier1,2,128,low,0.1,21,2366067062
validation,257841043574753,3,tier1,2,128,low,0.1,22,910558624
validation,257841043574753,3,tier1,2,128,low,0.1,23,3073100853
validation,257841043574753,3,tier1,2,128,low,0.1,24,559114418
validation,257841043574753,3,tier1,2,128,low,0.1,25,1997740440
validation,257841043574753,3,tier1,2,128,low,0.1,26,299703597
validation,257841043574753,3,tier1,2,128,low,0.1,27,978378485
validation,257841043574753,3,tier1,2,128,low,0.1,28,1006806203
validation,257841043574753,3,tier1,2,128,low,0.1,29,66149893
validation,257841043574753,3,tier1,2,128,low,0.1,30,2849459070
validation,257841043574753,3,tier1,2,128,low,0.1,31,4155652197
validation,257841043574753,3,tier1,2,128,low,0.1,32,827928867
validation,257841043574753,3,tier1,2,128,low,0.1,33,3198658196
validation,257841043574753,3,tier1,2,128,low,0.1,34,1682542576
validation,257841043574753,3,tier1,2,128,low,0.1,35,4047730390
validation,257841043574753,3,tier1,2,128,low,0.1,36,1300852180
validation,257841043574753,3,tier1,2,128,low,0.1,37,2476286112
validation,257841043574753,3,tier1,2,128,low,0.1,38,3635114499
validation,257841043574753,3,tier1,2,128,low,0.1,39,212400137
validation,257841043574753,3,tier1,2,128,low,0.1,40,846400683
validation,257841043574753,3,tier1,2,128,low,0.1,41,2671869277
validation,257841043574753,3,tier1,2,128,low,0.1,42,2241056797
validation,257841043574753,3,tier1,2,128,low,0.1,43,2727906211
validation,257841043574753,3,tier1,2,128,low,0.1,44,28041066
validation,257841043574753,3,tier1,2,128,low,0.1,45,2329837608
validation,257841043574753,3,tier1,2,128,low,0.1,46,1127408991
validation,257841043574753,3,tier1,2,128,low,0.1,47,405527277
validation,257841043574753,3,tier1,2,128,low,0.1,48,4209698840
validation,257841043574753,3,tier1,2,128,low,0.1,49,3034279613
validation,257841043574753,3,tier1,2,128,low,0.1,50,144217509
validation,257841043574753,3,tier1,2,128,low,0.1,51,3316398223
validation,257841043574753,3,tier1,2,128,low,0.1,52,2500319501
validation,257841043574753,3,tier1,2,128,low,0.1,53,3403355594
validation,257841043574753,3,tier1,2,128,low,0.1,54,2025333995
validation,257841043574753,3,tier1,2,128,low,0.1,55,1001134786
validation,257841043574753,3,tier1,2,128,low,0.1,56,4185923911
validation,257841043574753,3,tier1,2,128,low,0.1,57,2397431642
validation,257841043574753,3,tier1,2,128,low,0.1,58,2371605107
validation,257841043574753,3,tier1,2,128,low,0.1,59,9641525
validation,257841043574753,3,tier1,2,128,low,0.1,60,3172087331
validation,257841043574753,3,tier1,2,128,low,0.1,61,1833233993
validation,257841043574753,3,tier1,2,128,low,0.1,62,1220072393
validation,257841043574753,3,tier1,2,128,low,0.1,63,4082880515
validation,257841043574753,3,tier1,2,128,low,0.1,64,1858917889
validation,257841043574753,3,tier1,2,128,low,0.1,65,4196032533
validation,257841043574753,3,tier1,2,128,low,0.1,66,4056350583
validation,257841043574753,3,tier1,2,128,low,0.1,67,916610986
validation,257841043574753,3,tier1,2,128,low,0.1,68,1118715070
validation,257841043574753,3,tier1,2,128,low,0.1,69,2632061845
validation,257841043574753,3,tier1,2,128,low,0.1,70,1528922541
validation,257841043574753,3,tier1,2,128,low,0.1,71,4232478768
validation,257841043574753,3,tier1,2,128,low,0.1,72,2103917719
validation,257841043574753,3,tier1,2,128,low,0.1,73,435256422
validation,257841043574753,3,tier1,2,128,low,0.1,74,3812413482
validation,257841043574753,3,tier1,2,128,low,0.1,75,1407597242
validation,257841043574753,3,tier1,2,128,low,0.1,76,2648384271
validation,257841043574753,3,tier1,2,128,low,0.1,77,1977930714
validation,257841043574753,3,tier1,2,128,low,0.1,78,4232715585
validation,257841043574753,3,tier1,2,128,low,0.1,79,1893769155
validation,257841043574753,3,tier1,2,128,low,0.1,80,182120120
validation,257841043574753,3,tier1,2,128,low,0.1,81,2662547276
validation,257841043574753,3,tier1,2,128,low,0.1,82,3767979781
validation,257841043574753,3,tier1,2,128,low,0.1,83,228693679
validation,257841043574753,3,tier1,2,128,low,0.1,84,2657996292
validation,257841043574753,3,tier1,2,128,low,0.1,85,565866094
validation,257841043574753,3,tier1,2,128,low,0.1,86,279922555
validation,257841043574753,3,tier1,2,128,low,0.1,87,3831682446
validation,257841043574753,3,tier1,2,128,low,0.1,88,1576351757
validation,257841043574753,3,tier1,2,128,low,0.1,89,1838427395
validation,257841043574753,3,tier1,2,128,low,0.1,90,2833411811
validation,257841043574753,3,tier1,2,128,low,0.1,91,2474504419
validation,257841043574753,3,tier1,2,128,low,0.1,92,527902443
validation,257841043574753,3,tier1,2,128,low,0.1,93,47913707
validation,257841043574753,3,tier1,2,128,low,0.1,94,430747473
validation,257841043574753,3,tier1,2,128,low,0.1,95,3828057463
validation,257841043574753,3,tier1,2,128,low,0.1,96,3540435688
validation,257841043574753,3,tier1,2,128,low,0.1,97,1962494448
validation,257841043574753,3,tier1,2,128,low,0.1,98,1380374495
validation,257841043574753,3,tier1,2,128,low,0.1,99,19320664
validation,257841043574753,3,tier1,2,128,low,0.1,100,860446502
validation,257841043574753,3,tier1,2,128,low,0.1,101,1074401699
validation,257841043574753,3,tier1,2,128,low,0.1,102,904729762
validation,257841043574753,3,tier1,2,128,low,0.1,103,3619482058
validation,257841043574753,3,tier1,2,128,low,0.1,104,464427986
validation,257841043574753,3,tier1,2,128,low,0.1,105,1269223814
validation,257841043574753,3,tier1,2,128,low,0.1,106,362064195
validation,257841043574753,3,tier1,2,128,low,0.1,107,2115354867
validation,257841043574753,3,tier1,2,128,low,0.1,108,3271011325
validation,257841043574753,3,tier1,2,128,low,0.1,109,4271060694
validation,257841043574753,3,tier1,2,128,low,0.1,110,2363168648
validation,257841043574753,3,tier1,2,128,low,0.1,111,600235478
validation,257841043574753,3,tier1,2,128,low,0.1,112,4245272047
validation,257841043574753,3,tier1,2,128,low,0.1,113,2174877670
validation,257841043574753,3,tier1,2,128,low,0.1,114,4271982259
validation,257841043574753,3,tier1,2,128,low,0.1,115,1691620759
validation,257841043574753,3,tier1,2,128,low,0.1,116,3657981677
validation,257841043574753,3,tier1,2,128,low,0.1,117,1207531117
validation,257841043574753,3,tier1,2,128,low,0.1,118,193283893
validation,257841043574753,3,tier1,2,128,low,0.1,119,1587840427
validation,257841043574753,3,tier1,2,128,low,0.1,120,2429967679
validation,257841043574753,3,tier1,2,128,low,0.1,121,229240000
validation,257841043574753,3,tier1,2,128,low,0.1,122,3948301346
validation,257841043574753,3,tier1,2,128,low,0.1,123,794229185
validation,257841043574753,3,tier1,2,128,low,0.1,124,1624121150
validation,257841043574753,3,tier1,2,128,low,0.1,125,1234585408
validation,257841043574753,3,tier1,2,128,low,0.1,126,453282175
validation,257841043574753,3,tier1,2,128,low,0.1,127,1264939921
validation,257841043574753,3,tier1,2,128,low,0.1,128,2824700858
validation,257841043574753,3,tier1,2,128,low,0.1,129,3919101162
validation,257841043574753,3,tier1,2,128,low,0.1,130,4279906096
validation,257841043574753,3,tier1,2,128,low,0.1,131,2009306005
validation,257841043574753,3,tier1,2,128,low,0.1,132,2236999896
validation,257841043574753,3,tier1,2,128,low,0.1,133,2763478659
validation,257841043574753,3,tier1,2,128,low,0.1,134,2425268762
validation,257841043574753,3,tier1,2,128,low,0.1,135,1520042852
validation,257841043574753,3,tier1,2,128,low,0.1,136,1353549358
validation,257841043574753,3,tier1,2,128,low,0.1,137,1414202819
validation,257841043574753,3,tier1,2,128,low,0.1,138,1739564160
validation,257841043574753,3,tier1,2,128,low,0.1,139,3287443752
validation,257841043574753,3,tier1,2,128,low,0.1,140,2976625205
validation,257841043574753,3,tier1,2,128,low,0.1,141,2033937973
validation,257841043574753,3,tier1,2,128,low,0.1,142,3465698521
validation,257841043574753,3,tier1,2,128,low,0.1,143,1780291703
validation,257841043574753,3,tier1,2,128,low,0.1,144,1256690837
validation,257841043574753,3,tier1,2,128,low,0.1,145,452452025
validation,257841043574753,3,tier1,2,128,low,0.1,146,2417290285
validation,257841043574753,3,tier1,2,128,low,0.1,147,598103686
validation,257841043574753,3,tier1,2,128,low,0.1,148,1440881185
validation,257841043574753,3,tier1,2,128,low,0.1,149,3197413896
validation,257841043574753,3,tier1,2,128,low,0.1,150,144337099
validation,257841043574753,3,tier1,2,128,low,0.1,151,1303692525
validation,257841043574753,3,tier1,2,128,low,0.1,152,266869710
validation,257841043574753,3,tier1,2,128,low,0.1,153,3309020167
validation,257841043574753,3,tier1,2,128,low,0.1,154,3172078435
validation,257841043574753,3,tier1,2,128,low,0.1,155,4221496752
validation,257841043574753,3,tier1,2,128,low,0.1,156,859216386
validation,257841043574753,3,tier1,2,128,low,0.1,157,1463492299
validation,257841043574753,3,tier1,2,128,low,0.1,158,1007753415
validation,257841043574753,3,tier1,2,128,low,0.1,159,1582222361
validation,257841043574753,3,tier1,2,128,low,0.1,160,3670450350
validation,257841043574753,3,tier1,2,128,low,0.1,161,3942108349
validation,257841043574753,3,tier1,2,128,low,0.1,162,3808580862
validation,257841043574753,3,tier1,2,128,low,0.1,163,1596149475
validation,257841043574753,3,tier1,2,128,low,0.1,164,396842920
validation,257841043574753,3,tier1,2,128,low,0.1,165,343238500
validation,257841043574753,3,tier1,2,128,low,0.1,166,2943226902
validation,257841043574753,3,tier1,2,128,low,0.1,167,2124228202
validation,257841043574753,3,tier1,2,128,low,0.1,168,969626500
validation,257841043574753,3,tier1,2,128,low,0.1,169,318037253
validation,257841043574753,3,tier1,2,128,low,0.1,170,738744959
validation,257841043574753,3,tier1,2,128,low,0.1,171,1823733608
validation,257841043574753,3,tier1,2,128,low,0.1,172,62496445
validation,257841043574753,3,tier1,2,128,low,0.1,173,617585447
validation,257841043574753,3,tier1,2,128,low,0.1,174,1054179632
validation,257841043574753,3,tier1,2,128,low,0.1,175,2779906045
validation,257841043574753,3,tier1,2,128,low,0.1,176,536035205
validation,257841043574753,3,tier1,2,128,low,0.1,177,173501208
validation,257841043574753,3,tier1,2,128,low,0.1,178,3074531694
validation,257841043574753,3,tier1,2,128,low,0.1,179,3789088388
validation,257841043574753,3,tier1,2,128,low,0.1,180,3530070516
validation,257841043574753,3,tier1,2,128,low,0.1,181,2715710127
validation,257841043574753,3,tier1,2,128,low,0.1,182,509516855
validation,257841043574753,3,tier1,2,128,low,0.1,183,2174969480
validation,257841043574753,3,tier1,2,128,low,0.1,184,3980648240
validation,257841043574753,3,tier1,2,128,low,0.1,185,3711646327
validation,257841043574753,3,tier1,2,128,low,0.1,186,1668099638
validation,257841043574753,3,tier1,2,128,low,0.1,187,1164003532
validation,257841043574753,3,tier1,2,128,low,0.1,188,1848787426
validation,257841043574753,3,tier1,2,128,low,0.1,189,988179383
validation,257841043574753,3,tier1,2,128,low,0.1,190,1973948695
validation,257841043574753,3,tier1,2,128,low,0.1,191,1546666299
validation,257841043574753,3,tier1,2,128,low,0.1,192,1695662547
validation,257841043574753,3,tier1,2,128,low,0.1,193,880533604
validation,257841043574753,3,tier1,2,128,low,0.1,194,3546052967
validation,257841043574753,3,tier1,2,128,low,0.1,195,1041639387
validation,257841043574753,3,tier1,2,128,low,0.1,196,3811272400
validation,257841043574753,3,tier1,2,128,low,0.1,197,2839048817
validation,257841043574753,3,tier1,2,128,low,0.1,198,2212143327
validation,257841043574753,3,tier1,2,128,low,0.1,199,1193559680
validation,257841043574753,3,tier1,2,128,low,0.1,200,3302867791
validation,257841043574753,3,tier1,2,128,low,0.1,201,3846099579
validation,257841043574753,3,tier1,2,128,low,0.1,202,60472102
validation,257841043574753,3,tier1,2,128,low,0.1,203,303605167
validation,257841043574753,3,tier1,2,128,low,0.1,204,211759409
validation,257841043574753,3,tier1,2,128,low,0.1,205,1397677413
validation,257841043574753,3,tier1,2,128,low,0.1,206,2001316412
validation,257841043574753,3,tier1,2,128,low,0.1,207,2479040435
validation,257841043574753,3,tier1,2,128,low,0.1,208,169627855
validation,257841043574753,3,tier1,2,128,low,0.1,209,1793481623
validation,257841043574753,3,tier1,2,128,low,0.1,210,2844357447
validation,257841043574753,3,tier1,2,128,low,0.1,211,2256217267
validation,257841043574753,3,tier1,2,128,low,0.1,212,2206826764
validation,257841043574753,3,tier1,2,128,low,0.1,213,1982859568
validation,257841043574753,3,tier1,2,128,low,0.1,214,1565047767
validation,257841043574753,3,tier1,2,128,low,0.1,215,66005499
validation,257841043574753,3,tier1,2,128,low,0.1,216,69273925
validation,257841043574753,3,tier1,2,128,low,0.1,217,2964276024
validation,257841043574753,3,tier1,2,128,low,0.1,218,1359521309
validation,257841043574753,3,tier1,2,128,low,0.1,219,3252413175
validation,257841043574753,3,tier1,2,128,low,0.1,220,515548586
validation,257841043574753,3,tier1,2,128,low,0.1,221,773885035
validation,257841043574753,3,tier1,2,128,low,0.1,222,56697787
validation,257841043574753,3,tier1,2,128,low,0.1,223,3754046247
validation,257841043574753,3,tier1,2,128,low,0.1,224,1781970775
validation,257841043574753,3,tier1,2,128,low,0.1,225,3937747814
validation,257841043574753,3,tier1,2,128,low,0.1,226,3893575553
validation,257841043574753,3,tier1,2,128,low,0.1,227,2164851961
validation,257841043574753,3,tier1,2,128,low,0.1,228,1919820927
validation,257841043574753,3,tier1,2,128,low,0.1,229,1740020054
validation,257841043574753,3,tier1,2,128,low,0.1,230,3507680479
validation,257841043574753,3,tier1,2,128,low,0.1,231,2012073664
validation,257841043574753,3,tier1,2,128,low,0.1,232,2005042108
validation,257841043574753,3,tier1,2,128,low,0.1,233,254404794
validation,257841043574753,3,tier1,2,128,low,0.1,234,3435037246
validation,257841043574753,3,tier1,2,128,low,0.1,235,3634206863
validation,257841043574753,3,tier1,2,128,low,0.1,236,2334812377
validation,257841043574753,3,tier1,2,128,low,0.1,237,3280988659
validation,257841043574753,3,tier1,2,128,low,0.1,238,2097845996
validation,257841043574753,3,tier1,2,128,low,0.1,239,632016854
validation,257841043574753,3,tier1,2,128,low,0.1,240,4225413742
validation,257841043574753,3,tier1,2,128,low,0.1,241,190009463
validation,257841043574753,3,tier1,2,128,low,0.1,242,158446390
validation,257841043574753,3,tier1,2,128,low,0.1,243,78563719
validation,257841043574753,3,tier1,2,128,low,0.1,244,1348532473
validation,257841043574753,3,tier1,2,128,low,0.1,245,1138663846
validation,257841043574753,3,tier1,2,128,low,0.1,246,458096062
validation,257841043574753,3,tier1,2,128,low,0.1,247,3079220083
validation,257841043574753,3,tier1,2,128,low,0.1,248,663390772
validation,257841043574753,3,tier1,2,128,low,0.1,249,2401754027
validation,257841043574753,3,tier1,2,128,low,0.1,250,2860635119
validation,257841043574753,3,tier1,2,128,low,0.1,251,3929452237
validation,257841043574753,3,tier1,2,128,low,0.1,252,1697146743
validation,257841043574753,3,tier1,2,128,low,0.1,253,3094797629
validation,257841043574753,3,tier1,2,128,low,0.1,254,830356859
validation,257841043574753,3,tier1,2,128,low,0.1,255,1371787838
validation,257841043574753,3,tier1,2,128,low,0.1,256,2723971297
validation,257841043574753,3,tier1,2,128,low,0.1,257,3701624269
validation,257841043574753,3,tier1,2,128,low,0.1,258,369887530
validation,257841043574753,3,tier1,2,128,low,0.1,259,428047874
validation,257841043574753,3,tier1,2,128,low,0.1,260,1036398236
validation,257841043574753,3,tier1,2,128,low,0.1,261,1978903584
validation,257841043574753,3,tier1,2,128,low,0.1,262,4006083882
validation,257841043574753,3,tier1,2,128,low,0.1,263,4057070468
validation,257841043574753,3,tier1,2,128,low,0.1,264,3085505275
validation,257841043574753,3,tier1,2,128,low,0.1,265,367428063
validation,257841043574753,3,tier1,2,128,low,0.1,266,41433733
validation,257841043574753,3,tier1,2,128,low,0.1,267,3751815418
validation,257841043574753,3,tier1,2,128,low,0.1,268,2429615851
validation,257841043574753,3,tier1,2,128,low,0.1,269,3237106427
validation,257841043574753,3,tier1,2,128,low,0.1,270,2759315776
validation,257841043574753,3,tier1,2,128,low,0.1,271,1284459685
validation,257841043574753,3,tier1,2,128,low,0.1,272,3343754043
validation,257841043574753,3,tier1,2,128,low,0.1,273,834766625
validation,257841043574753,3,tier1,2,128,low,0.1,274,3809803932
validation,257841043574753,3,tier1,2,128,low,0.1,275,203298246
validation,257841043574753,3,tier1,2,128,low,0.1,276,1611532397
validation,257841043574753,3,tier1,2,128,low,0.1,277,3859785723
validation,257841043574753,3,tier1,2,128,low,0.1,278,1324028203
validation,257841043574753,3,tier1,2,128,low,0.1,279,2572341852
validation,257841043574753,3,tier1,2,128,low,0.1,280,4033318735
validation,257841043574753,3,tier1,2,128,low,0.1,281,584271525
validation,257841043574753,3,tier1,2,128,low,0.1,282,2015642529
validation,257841043574753,3,tier1,2,128,low,0.1,283,3091395542
validation,257841043574753,3,tier1,2,128,low,0.1,284,3441159420
validation,257841043574753,3,tier1,2,128,low,0.1,285,3661163360
validation,257841043574753,3,tier1,2,128,low,0.1,286,4062293922
validation,257841043574753,3,tier1,2,128,low,0.1,287,1404109746
validation,257841043574753,3,tier1,2,128,low,0.1,288,3062208338
validation,257841043574753,3,tier1,2,128,low,0.1,289,3499462044
validation,257841043574753,3,tier1,2,128,low,0.1,290,3533922890
validation,257841043574753,3,tier1,2,128,low,0.1,291,3397584158
validation,257841043574753,3,tier1,2,128,low,0.1,292,466922126
validation,257841043574753,3,tier1,2,128,low,0.1,293,3356615345
validation,257841043574753,3,tier1,2,128,low,0.1,294,65464448
validation,257841043574753,3,tier1,2,128,low,0.1,295,3486067721
validation,257841043574753,3,tier1,2,128,low,0.1,296,2196266457
validation,257841043574753,3,tier1,2,128,low,0.1,297,64843093
validation,257841043574753,3,tier1,2,128,low,0.1,298,382097796
validation,257841043574753,3,tier1,2,128,low,0.1,299,826740349
validation,257841043574753,3,tier1,2,128,low,0.1,300,2582018677
validation,257841043574753,3,tier1,2,128,low,0.1,301,3265921175
validation,257841043574753,3,tier1,2,128,low,0.1,302,359478423
validation,257841043574753,3,tier1,2,128,low,0.1,303,680853558
validation,257841043574753,3,tier1,2,128,low,0.1,304,2494159724
validation,257841043574753,3,tier1,2,128,low,0.1,305,1709815861
validation,257841043574753,3,tier1,2,128,low,0.1,306,2111780112
validation,257841043574753,3,tier1,2,128,low,0.1,307,4232548572
validation,257841043574753,3,tier1,2,128,low,0.1,308,1323080626
validation,257841043574753,3,tier1,2,128,low,0.1,309,515149254
validation,257841043574753,3,tier1,2,128,low,0.1,310,2941183537
validation,257841043574753,3,tier1,2,128,low,0.1,311,940300343
validation,257841043574753,3,tier1,2,128,low,0.1,312,2029464170
validation,257841043574753,3,tier1,2,128,low,0.1,313,3837535800
validation,257841043574753,3,tier1,2,128,low,0.1,314,1411774166
validation,257841043574753,3,tier1,2,128,low,0.1,315,1903896152
validation,257841043574753,3,tier1,2,128,low,0.1,316,390163505
validation,257841043574753,3,tier1,2,128,low,0.1,317,524638430
validation,257841043574753,3,tier1,2,128,low,0.1,318,2454499140
validation,257841043574753,3,tier1,2,128,low,0.1,319,1634341885
validation,257841043574753,3,tier1,2,128,low,0.1,320,2383407593
validation,257841043574753,3,tier1,2,128,low,0.1,321,1345860591
validation,257841043574753,3,tier1,2,128,low,0.1,322,417210346
validation,257841043574753,3,tier1,2,128,low,0.1,323,108400138
validation,257841043574753,3,tier1,2,128,low,0.1,324,2202538619
validation,257841043574753,3,tier1,2,128,low,0.1,325,754368887
validation,257841043574753,3,tier1,2,128,low,0.1,326,2859916539
validation,257841043574753,3,tier1,2,128,low,0.1,327,771702030
validation,257841043574753,3,tier1,2,128,low,0.1,328,1442445398
validation,257841043574753,3,tier1,2,128,low,0.1,329,3624627752
validation,257841043574753,3,tier1,2,128,low,0.1,330,744064076
validation,257841043574753,3,tier1,2,128,low,0.1,331,3832464471
validation,257841043574753,3,tier1,2,128,low,0.1,332,3399987214
validation,257841043574753,3,tier1,2,128,low,0.1,333,3828662403
validation,257841043574753,3,tier1,2,128,low,0.1,334,3887535513
validation,257841043574753,3,tier1,2,128,low,0.1,335,2713513348
validation,257841043574753,3,tier1,2,128,low,0.1,336,3608892248
validation,257841043574753,3,tier1,2,128,low,0.1,337,1617823947
validation,257841043574753,3,tier1,2,128,low,0.1,338,2638154557
validation,257841043574753,3,tier1,2,128,low,0.1,339,662828020
validation,257841043574753,3,tier1,2,128,low,0.1,340,3037806151
validation,257841043574753,3,tier1,2,128,low,0.1,341,1612256499
validation,257841043574753,3,tier1,2,128,low,0.1,342,3911708649
validation,257841043574753,3,tier1,2,128,low,0.1,343,2150365572
validation,257841043574753,3,tier1,2,128,low,0.1,344,2702210221
validation,257841043574753,3,tier1,2,128,low,0.1,345,3541901359
validation,257841043574753,3,tier1,2,128,low,0.1,346,309793606
validation,257841043574753,3,tier1,2,128,low,0.1,347,3366467817
validation,257841043574753,3,tier1,2,128,low,0.1,348,4190795085
validation,257841043574753,3,tier1,2,128,low,0.1,349,115205781
validation,257841043574753,3,tier1,2,128,low,0.1,350,572147841
validation,257841043574753,3,tier1,2,128,low,0.1,351,3593555678
validation,257841043574753,3,tier1,2,128,low,0.1,352,3516711723
validation,257841043574753,3,tier1,2,128,low,0.1,353,1441332787
validation,257841043574753,3,tier1,2,128,low,0.1,354,3278483990
validation,257841043574753,3,tier1,2,128,low,0.1,355,47449961
validation,257841043574753,3,tier1,2,128,low,0.1,356,2225175002
validation,257841043574753,3,tier1,2,128,low,0.1,357,3869534162
validation,257841043574753,3,tier1,2,128,low,0.1,358,2769564101
validation,257841043574753,3,tier1,2,128,low,0.1,359,4223838219
validation,257841043574753,3,tier1,2,128,low,0.1,360,1136264077
validation,257841043574753,3,tier1,2,128,low,0.1,361,3810086505
validation,257841043574753,3,tier1,2,128,low,0.1,362,3897780272
validation,257841043574753,3,tier1,2,128,low,0.1,363,2907825363
validation,257841043574753,3,tier1,2,128,low,0.1,364,257588804
validation,257841043574753,3,tier1,2,128,low,0.1,365,1127612508
validation,257841043574753,3,tier1,2,128,low,0.1,366,4265987546
validation,257841043574753,3,tier1,2,128,low,0.1,367,614817931
validation,257841043574753,3,tier1,2,128,low,0.1,368,1913568493
validation,257841043574753,3,tier1,2,128,low,0.1,369,3049195654
validation,257841043574753,3,tier1,2,128,low,0.1,370,600533113
validation,257841043574753,3,tier1,2,128,low,0.1,371,2604097720
validation,257841043574753,3,tier1,2,128,low,0.1,372,4250159890
validation,257841043574753,3,tier1,2,128,low,0.1,373,3793746765
validation,257841043574753,3,tier1,2,128,low,0.1,374,1971893512
validation,257841043574753,3,tier1,2,128,low,0.1,375,1057335864
validation,257841043574753,3,tier1,2,128,low,0.1,376,1014255711
validation,257841043574753,3,tier1,2,128,low,0.1,377,3764190764
validation,257841043574753,3,tier1,2,128,low,0.1,378,2182360020
validation,257841043574753,3,tier1,2,128,low,0.1,379,2101940216
validation,257841043574753,3,tier1,2,128,low,0.1,380,3417773384
validation,257841043574753,3,tier1,2,128,low,0.1,381,3772578853
validation,257841043574753,3,tier1,2,128,low,0.1,382,663192565
validation,257841043574753,3,tier1,2,128,low,0.1,383,816700849
validation,257841043574753,3,tier1,2,128,low,0.1,384,282688175
validation,257841043574753,3,tier1,2,128,low,0.1,385,154123225
validation,257841043574753,3,tier1,2,128,low,0.1,386,3251947385
validation,257841043574753,3,tier1,2,128,low,0.1,387,2320828743
validation,257841043574753,3,tier1,2,128,low,0.1,388,572222863
validation,257841043574753,3,tier1,2,128,low,0.1,389,2066993448
validation,257841043574753,3,tier1,2,128,low,0.1,390,835918842
validation,257841043574753,3,tier1,2,128,low,0.1,391,149585971
validation,257841043574753,3,tier1,2,128,low,0.1,392,3707779444
validation,257841043574753,3,tier1,2,128,low,0.1,393,3060457765
validation,257841043574753,3,tier1,2,128,low,0.1,394,3969830384
validation,257841043574753,3,tier1,2,128,low,0.1,395,3986949736
validation,257841043574753,3,tier1,2,128,low,0.1,396,1828666572
validation,257841043574753,3,tier1,2,128,low,0.1,397,3384251531
validation,257841043574753,3,tier1,2,128,low,0.1,398,2028393388
validation,257841043574753,3,tier1,2,128,low,0.1,399,1652110306
validation,257841043574753,3,tier1,2,128,low,0.1,400,3385423
validation,257841043574753,3,tier1,2,128,low,0.1,401,235235765
validation,257841043574753,3,tier1,2,128,low,0.1,402,646503694
validation,257841043574753,3,tier1,2,128,low,0.1,403,1572073645
validation,257841043574753,3,tier1,2,128,low,0.1,404,1869339074
validation,257841043574753,3,tier1,2,128,low,0.1,405,817830350
validation,257841043574753,3,tier1,2,128,low,0.1,406,2137849394
validation,257841043574753,3,tier1,2,128,low,0.1,407,3098257797
validation,257841043574753,3,tier1,2,128,low,0.1,408,2710977235
validation,257841043574753,3,tier1,2,128,low,0.1,409,425946980
validation,257841043574753,3,tier1,2,128,low,0.1,410,2740683489
validation,257841043574753,3,tier1,2,128,low,0.1,411,1690108228
validation,257841043574753,3,tier1,2,128,low,0.1,412,3967336095
validation,257841043574753,3,tier1,2,128,low,0.1,413,3980635995
validation,257841043574753,3,tier1,2,128,low,0.1,414,701780866
validation,257841043574753,3,tier1,2,128,low,0.1,415,2811686934
validation,257841043574753,3,tier1,2,128,low,0.1,416,736954242
validation,257841043574753,3,tier1,2,128,low,0.1,417,4162066686
validation,257841043574753,3,tier1,2,128,low,0.1,418,1567911541
validation,257841043574753,3,tier1,2,128,low,0.1,419,2018196367
validation,257841043574753,3,tier1,2,128,low,0.1,420,1435012544
validation,257841043574753,3,tier1,2,128,low,0.1,421,4225063471
validation,257841043574753,3,tier1,2,128,low,0.1,422,1481049935
validation,257841043574753,3,tier1,2,128,low,0.1,423,2218852154
validation,257841043574753,3,tier1,2,128,low,0.1,424,3123653385
validation,257841043574753,3,tier1,2,128,low,0.1,425,4127667828
validation,257841043574753,3,tier1,2,128,low,0.1,426,1189941200
validation,257841043574753,3,tier1,2,128,low,0.1,427,3927481528
validation,257841043574753,3,tier1,2,128,low,0.1,428,4053562135
validation,257841043574753,3,tier1,2,128,low,0.1,429,2185017887
validation,257841043574753,3,tier1,2,128,low,0.1,430,1971544011
validation,257841043574753,3,tier1,2,128,low,0.1,431,3877240007
validation,257841043574753,3,tier1,2,128,low,0.1,432,3994766896
validation,257841043574753,3,tier1,2,128,low,0.1,433,1072254539
validation,257841043574753,3,tier1,2,128,low,0.1,434,2766389018
validation,257841043574753,3,tier1,2,128,low,0.1,435,1110340733
validation,257841043574753,3,tier1,2,128,low,0.1,436,1720197356
validation,257841043574753,3,tier1,2,128,low,0.1,437,1263109477
validation,257841043574753,3,tier1,2,128,low,0.1,438,4217693479
validation,257841043574753,3,tier1,2,128,low,0.1,439,909534412
validation,257841043574753,3,tier1,2,128,low,0.1,440,967156383
validation,257841043574753,3,tier1,2,128,low,0.1,441,3563389855
validation,257841043574753,3,tier1,2,128,low,0.1,442,2782552491
validation,257841043574753,3,tier1,2,128,low,0.1,443,757784863
validation,257841043574753,3,tier1,2,128,low,0.1,444,1684558940
validation,257841043574753,3,tier1,2,128,low,0.1,445,3200519492
validation,257841043574753,3,tier1,2,128,low,0.1,446,4201436810
validation,257841043574753,3,tier1,2,128,low,0.1,447,1325046707
validation,257841043574753,3,tier1,2,128,low,0.1,448,2485013588
validation,257841043574753,3,tier1,2,128,low,0.1,449,955703419
validation,257841043574753,3,tier1,2,128,low,0.1,450,3132960423
validation,257841043574753,3,tier1,2,128,low,0.1,451,3913311054
validation,257841043574753,3,tier1,2,128,low,0.1,452,1192761722
validation,257841043574753,3,tier1,2,128,low,0.1,453,1108017074
validation,257841043574753,3,tier1,2,128,low,0.1,454,2031022909
validation,257841043574753,3,tier1,2,128,low,0.1,455,2008091407
validation,257841043574753,3,tier1,2,128,low,0.1,456,2873159257
validation,257841043574753,3,tier1,2,128,low,0.1,457,385965173
validation,257841043574753,3,tier1,2,128,low,0.1,458,2749072329
validation,257841043574753,3,tier1,2,128,low,0.1,459,4014226243
validation,257841043574753,3,tier1,2,128,low,0.1,460,173182743
validation,257841043574753,3,tier1,2,128,low,0.1,461,4149746900
validation,257841043574753,3,tier1,2,128,low,0.1,462,3145986483
validation,257841043574753,3,tier1,2,128,low,0.1,463,689437425
validation,257841043574753,3,tier1,2,128,low,0.1,464,2407062721
validation,257841043574753,3,tier1,2,128,low,0.1,465,806064914
validation,257841043574753,3,tier1,2,128,low,0.1,466,2613201607
validation,257841043574753,3,tier1,2,128,low,0.1,467,3991851680
validation,257841043574753,3,tier1,2,128,low,0.1,468,1440327325
validation,257841043574753,3,tier1,2,128,low,0.1,469,586337940
validation,257841043574753,3,tier1,2,128,low,0.1,470,3209015737
validation,257841043574753,3,tier1,2,128,low,0.1,471,3461755488
validation,257841043574753,3,tier1,2,128,low,0.1,472,3748594037
validation,257841043574753,3,tier1,2,128,low,0.1,473,1737771348
validation,257841043574753,3,tier1,2,128,low,0.1,474,4178667584
validation,257841043574753,3,tier1,2,128,low,0.1,475,1841764895
validation,257841043574753,3,tier1,2,128,low,0.1,476,1739981365
validation,257841043574753,3,tier1,2,128,low,0.1,477,2024318241
validation,257841043574753,3,tier1,2,128,low,0.1,478,576643256
validation,257841043574753,3,tier1,2,128,low,0.1,479,1899653053
validation,257841043574753,3,tier1,2,128,low,0.1,480,1617192122
validation,257841043574753,3,tier1,2,128,low,0.1,481,370295177
validation,257841043574753,3,tier1,2,128,low,0.1,482,905173221
validation,257841043574753,3,tier1,2,128,low,0.1,483,2420193462
validation,257841043574753,3,tier1,2,128,low,0.1,484,1750023148
validation,257841043574753,3,tier1,2,128,low,0.1,485,1109784651
validation,257841043574753,3,tier1,2,128,low,0.1,486,2539831372
validation,257841043574753,3,tier1,2,128,low,0.1,487,961565277
validation,257841043574753,3,tier1,2,128,low,0.1,488,209807409
validation,257841043574753,3,tier1,2,128,low,0.1,489,2713116177
validation,257841043574753,3,tier1,2,128,low,0.1,490,631342241
validation,257841043574753,3,tier1,2,128,low,0.1,491,138986220
validation,257841043574753,3,tier1,2,128,low,0.1,492,3492577961
validation,257841043574753,3,tier1,2,128,low,0.1,493,3029442822
validation,257841043574753,3,tier1,2,128,low,0.1,494,1130465291
validation,257841043574753,3,tier1,2,128,low,0.1,495,638524803
validation,257841043574753,3,tier1,2,128,low,0.1,496,182863077
validation,257841043574753,3,tier1,2,128,low,0.1,497,3688142849
validation,257841043574753,3,tier1,2,128,low,0.1,498,1764488595
validation,257841043574753,3,tier1,2,128,low,0.1,499,2226121870
validation,257841043574753,4,tier1,2,128,low,0.15,0,2722915414
validation,257841043574753,4,tier1,2,128,low,0.15,1,190328074
validation,257841043574753,4,tier1,2,128,low,0.15,2,30464428
validation,257841043574753,4,tier1,2,128,low,0.15,3,260757665
validation,257841043574753,4,tier1,2,128,low,0.15,4,1142572924
validation,257841043574753,4,tier1,2,128,low,0.15,5,3370511606
validation,257841043574753,4,tier1,2,128,low,0.15,6,4076913279
validation,257841043574753,4,tier1,2,128,low,0.15,7,2839365027
validation,257841043574753,4,tier1,2,128,low,0.15,8,2716691156
validation,257841043574753,4,tier1,2,128,low,0.15,9,3347151699
validation,257841043574753,4,tier1,2,128,low,0.15,10,4028018926
validation,257841043574753,4,tier1,2,128,low,0.15,11,1143270849
validation,257841043574753,4,tier1,2,128,low,0.15,12,477608768
validation,257841043574753,4,tier1,2,128,low,0.15,13,793526779
validation,257841043574753,4,tier1,2,128,low,0.15,14,532561538
validation,257841043574753,4,tier1,2,128,low,0.15,15,547535008
validation,257841043574753,4,tier1,2,128,low,0.15,16,1171209356
validation,257841043574753,4,tier1,2,128,low,0.15,17,2967782756
validation,257841043574753,4,tier1,2,128,low,0.15,18,3049363149
validation,257841043574753,4,tier1,2,128,low,0.15,19,1635496857
validation,257841043574753,4,tier1,2,128,low,0.15,20,1800589825
validation,257841043574753,4,tier1,2,128,low,0.15,21,2433393694
validation,257841043574753,4,tier1,2,128,low,0.15,22,1525696435
validation,257841043574753,4,tier1,2,128,low,0.15,23,3137333182
validation,257841043574753,4,tier1,2,128,low,0.15,24,265408497
validation,257841043574753,4,tier1,2,128,low,0.15,25,669748322
validation,257841043574753,4,tier1,2,128,low,0.15,26,3432904088
validation,257841043574753,4,tier1,2,128,low,0.15,27,48126285
validation,257841043574753,4,tier1,2,128,low,0.15,28,1224548404
validation,257841043574753,4,tier1,2,128,low,0.15,29,1855148612
validation,257841043574753,4,tier1,2,128,low,0.15,30,1629114629
validation,257841043574753,4,tier1,2,128,low,0.15,31,3371116998
validation,257841043574753,4,tier1,2,128,low,0.15,32,953294617
validation,257841043574753,4,tier1,2,128,low,0.15,33,1794359662
validation,257841043574753,4,tier1,2,128,low,0.15,34,3222708733
validation,257841043574753,4,tier1,2,128,low,0.15,35,3918382776
validation,257841043574753,4,tier1,2,128,low,0.15,36,1112022452
validation,257841043574753,4,tier1,2,128,low,0.15,37,1987296012
validation,257841043574753,4,tier1,2,128,low,0.15,38,2498550638
validation,257841043574753,4,tier1,2,128,low,0.15,39,3176757978
validation,257841043574753,4,tier1,2,128,low,0.15,40,590551809
validation,257841043574753,4,tier1,2,128,low,0.15,41,344378306
validation,257841043574753,4,tier1,2,128,low,0.15,42,3202219724
validation,257841043574753,4,tier1,2,128,low,0.15,43,862717141
validation,257841043574753,4,tier1,2,128,low,0.15,44,1867113008
validation,257841043574753,4,tier1,2,128,low,0.15,45,3422198356
validation,257841043574753,4,tier1,2,128,low,0.15,46,3441768751
validation,257841043574753,4,tier1,2,128,low,0.15,47,2522541963
validation,257841043574753,4,tier1,2,128,low,0.15,48,1475167139
validation,257841043574753,4,tier1,2,128,low,0.15,49,3202255630
validation,257841043574753,4,tier1,2,128,low,0.15,50,29418737
validation,257841043574753,4,tier1,2,128,low,0.15,51,3019241965
validation,257841043574753,4,tier1,2,128,low,0.15,52,3708323747
validation,257841043574753,4,tier1,2,128,low,0.15,53,3588324249
validation,257841043574753,4,tier1,2,128,low,0.15,54,4213772446
validation,257841043574753,4,tier1,2,128,low,0.15,55,1034168080
validation,257841043574753,4,tier1,2,128,low,0.15,56,1666395704
validation,257841043574753,4,tier1,2,128,low,0.15,57,14603201
validation,257841043574753,4,tier1,2,128,low,0.15,58,4221904580
validation,257841043574753,4,tier1,2,128,low,0.15,59,51683146
validation,257841043574753,4,tier1,2,128,low,0.15,60,1502782675
validation,257841043574753,4,tier1,2,128,low,0.15,61,954108080
validation,257841043574753,4,tier1,2,128,low,0.15,62,853623526
validation,257841043574753,4,tier1,2,128,low,0.15,63,2192352289
validation,257841043574753,4,tier1,2,128,low,0.15,64,516221456
validation,257841043574753,4,tier1,2,128,low,0.15,65,2094302593
validation,257841043574753,4,tier1,2,128,low,0.15,66,4089795914
validation,257841043574753,4,tier1,2,128,low,0.15,67,3090524181
validation,257841043574753,4,tier1,2,128,low,0.15,68,4173406849
validation,257841043574753,4,tier1,2,128,low,0.15,69,629832648
validation,257841043574753,4,tier1,2,128,low,0.15,70,2103883195
validation,257841043574753,4,tier1,2,128,low,0.15,71,4091931298
validation,257841043574753,4,tier1,2,128,low,0.15,72,4277473436
validation,257841043574753,4,tier1,2,128,low,0.15,73,273699314
validation,257841043574753,4,tier1,2,128,low,0.15,74,702893755
validation,257841043574753,4,tier1,2,128,low,0.15,75,130396904
validation,257841043574753,4,tier1,2,128,low,0.15,76,3039893343
validation,257841043574753,4,tier1,2,128,low,0.15,77,3609083927
validation,257841043574753,4,tier1,2,128,low,0.15,78,3020325121
validation,257841043574753,4,tier1,2,128,low,0.15,79,1968723408
validation,257841043574753,4,tier1,2,128,low,0.15,80,2147295060
validation,257841043574753,4,tier1,2,128,low,0.15,81,391401907
validation,257841043574753,4,tier1,2,128,low,0.15,82,2084119773
validation,257841043574753,4,tier1,2,128,low,0.15,83,3809666135
validation,257841043574753,4,tier1,2,128,low,0.15,84,1466906168
validation,257841043574753,4,tier1,2,128,low,0.15,85,3058665291
validation,257841043574753,4,tier1,2,128,low,0.15,86,4197560247
validation,257841043574753,4,tier1,2,128,low,0.15,87,3419663821
validation,257841043574753,4,tier1,2,128,low,0.15,88,3001967554
validation,257841043574753,4,tier1,2,128,low,0.15,89,1072552176
validation,257841043574753,4,tier1,2,128,low,0.15,90,2185169936
validation,257841043574753,4,tier1,2,128,low,0.15,91,627974180
validation,257841043574753,4,tier1,2,128,low,0.15,92,3320751727
validation,257841043574753,4,tier1,2,128,low,0.15,93,12140657
validation,257841043574753,4,tier1,2,128,low,0.15,94,150608176
validation,257841043574753,4,tier1,2,128,low,0.15,95,393221863
validation,257841043574753,4,tier1,2,128,low,0.15,96,545247707
validation,257841043574753,4,tier1,2,128,low,0.15,97,4043698003
validation,257841043574753,4,tier1,2,128,low,0.15,98,1696530379
validation,257841043574753,4,tier1,2,128,low,0.15,99,3239504234
validation,257841043574753,4,tier1,2,128,low,0.15,100,1130348599
validation,257841043574753,4,tier1,2,128,low,0.15,101,3237712895
validation,257841043574753,4,tier1,2,128,low,0.15,102,1970720620
validation,257841043574753,4,tier1,2,128,low,0.15,103,2968139526
validation,257841043574753,4,tier1,2,128,low,0.15,104,1727204619
validation,257841043574753,4,tier1,2,128,low,0.15,105,4044692097
validation,257841043574753,4,tier1,2,128,low,0.15,106,2586341835
validation,257841043574753,4,tier1,2,128,low,0.15,107,3226385279
validation,257841043574753,4,tier1,2,128,low,0.15,108,622538598
validation,257841043574753,4,tier1,2,128,low,0.15,109,1669784358
validation,257841043574753,4,tier1,2,128,low,0.15,110,2835847780
validation,257841043574753,4,tier1,2,128,low,0.15,111,349752221
validation,257841043574753,4,tier1,2,128,low,0.15,112,1142356200
validation,257841043574753,4,tier1,2,128,low,0.15,113,2814614469
validation,257841043574753,4,tier1,2,128,low,0.15,114,3758006056
validation,257841043574753,4,tier1,2,128,low,0.15,115,2841072123
validation,257841043574753,4,tier1,2,128,low,0.15,116,1517784666
validation,257841043574753,4,tier1,2,128,low,0.15,117,3055236454
validation,257841043574753,4,tier1,2,128,low,0.15,118,2723311806
validation,257841043574753,4,tier1,2,128,low,0.15,119,3290764696
validation,257841043574753,4,tier1,2,128,low,0.15,120,1815405008
validation,257841043574753,4,tier1,2,128,low,0.15,121,3220054607
validation,257841043574753,4,tier1,2,128,low,0.15,122,3176435331
validation,257841043574753,4,tier1,2,128,low,0.15,123,2587120780
validation,257841043574753,4,tier1,2,128,low,0.15,124,558178715
validation,257841043574753,4,tier1,2,128,low,0.15,125,244021852
validation,257841043574753,4,tier1,2,128,low,0.15,126,1887512759
validation,257841043574753,4,tier1,2,128,low,0.15,127,2221611038
validation,257841043574753,4,tier1,2,128,low,0.15,128,1915276042
validation,257841043574753,4,tier1,2,128,low,0.15,129,1927482074
validation,257841043574753,4,tier1,2,128,low,0.15,130,1300907285
validation,257841043574753,4,tier1,2,128,low,0.15,131,3806504859
validation,257841043574753,4,tier1,2,128,low,0.15,132,602571198
validation,257841043574753,4,tier1,2,128,low,0.15,133,1603647974
validation,257841043574753,4,tier1,2,128,low,0.15,134,1264977159
validation,257841043574753,4,tier1,2,128,low,0.15,135,1597414142
validation,257841043574753,4,tier1,2,128,low,0.15,136,1347947120
validation,257841043574753,4,tier1,2,128,low,0.15,137,227121952
validation,257841043574753,4,tier1,2,128,low,0.15,138,3224460867
validation,257841043574753,4,tier1,2,128,low,0.15,139,4039471066
validation,257841043574753,4,tier1,2,128,low,0.15,140,1634401068
validation,257841043574753,4,tier1,2,128,low,0.15,141,15642311
validation,257841043574753,4,tier1,2,128,low,0.15,142,1494639629
validation,257841043574753,4,tier1,2,128,low,0.15,143,198034797
validation,257841043574753,4,tier1,2,128,low,0.15,144,4051830476
validation,257841043574753,4,tier1,2,128,low,0.15,145,909201466
validation,257841043574753,4,tier1,2,128,low,0.15,146,2235498077
validation,257841043574753,4,tier1,2,128,low,0.15,147,548258431
validation,257841043574753,4,tier1,2,128,low,0.15,148,3532931971
validation,257841043574753,4,tier1,2,128,low,0.15,149,2076859348
validation,257841043574753,4,tier1,2,128,low,0.15,150,811056186
validation,257841043574753,4,tier1,2,128,low,0.15,151,3666590098
validation,257841043574753,4,tier1,2,128,low,0.15,152,2631315195
validation,257841043574753,4,tier1,2,128,low,0.15,153,3320139184
validation,257841043574753,4,tier1,2,128,low,0.15,154,1502233105
validation,257841043574753,4,tier1,2,128,low,0.15,155,3288586491
validation,257841043574753,4,tier1,2,128,low,0.15,156,1122183843
validation,257841043574753,4,tier1,2,128,low,0.15,157,2151988256
validation,257841043574753,4,tier1,2,128,low,0.15,158,1797513277
validation,257841043574753,4,tier1,2,128,low,0.15,159,2733896965
validation,257841043574753,4,tier1,2,128,low,0.15,160,679672413
validation,257841043574753,4,tier1,2,128,low,0.15,161,1200923182
validation,257841043574753,4,tier1,2,128,low,0.15,162,2067438662
validation,257841043574753,4,tier1,2,128,low,0.15,163,3077491614
validation,257841043574753,4,tier1,2,128,low,0.15,164,2346035115
validation,257841043574753,4,tier1,2,128,low,0.15,165,2651149299
validation,257841043574753,4,tier1,2,128,low,0.15,166,143043991
validation,257841043574753,4,tier1,2,128,low,0.15,167,1190793004
validation,257841043574753,4,tier1,2,128,low,0.15,168,1009805819
validation,257841043574753,4,tier1,2,128,low,0.15,169,4211509470
validation,257841043574753,4,tier1,2,128,low,0.15,170,2786092708
validation,257841043574753,4,tier1,2,128,low,0.15,171,3412149224
validation,257841043574753,4,tier1,2,128,low,0.15,172,421211300
validation,257841043574753,4,tier1,2,128,low,0.15,173,2728346655
validation,257841043574753,4,tier1,2,128,low,0.15,174,1852980652
validation,257841043574753,4,tier1,2,128,low,0.15,175,3606225967
validation,257841043574753,4,tier1,2,128,low,0.15,176,3875586668
validation,257841043574753,4,tier1,2,128,low,0.15,177,193820084
validation,257841043574753,4,tier1,2,128,low,0.15,178,189699060
validation,257841043574753,4,tier1,2,128,low,0.15,179,3039866912
validation,257841043574753,4,tier1,2,128,low,0.15,180,2540978612
validation,257841043574753,4,tier1,2,128,low,0.15,181,2421171213
validation,257841043574753,4,tier1,2,128,low,0.15,182,122872271
validation,257841043574753,4,tier1,2,128,low,0.15,183,798012243
validation,257841043574753,4,tier1,2,128,low,0.15,184,269926321
validation,257841043574753,4,tier1,2,128,low,0.15,185,813663073
validation,257841043574753,4,tier1,2,128,low,0.15,186,1414484695
validation,257841043574753,4,tier1,2,128,low,0.15,187,1461111022
validation,257841043574753,4,tier1,2,128,low,0.15,188,1633544773
validation,257841043574753,4,tier1,2,128,low,0.15,189,4001718474
validation,257841043574753,4,tier1,2,128,low,0.15,190,1195556478
validation,257841043574753,4,tier1,2,128,low,0.15,191,4020948774
validation,257841043574753,4,tier1,2,128,low,0.15,192,2711529176
validation,257841043574753,4,tier1,2,128,low,0.15,193,3424894720
validation,257841043574753,4,tier1,2,128,low,0.15,194,368687301
validation,257841043574753,4,tier1,2,128,low,0.15,195,2942599600
validation,257841043574753,4,tier1,2,128,low,0.15,196,4200305429
validation,257841043574753,4,tier1,2,128,low,0.15,197,1477631450
validation,257841043574753,4,tier1,2,128,low,0.15,198,3716502576
validation,257841043574753,4,tier1,2,128,low,0.15,199,1163425011
validation,257841043574753,4,tier1,2,128,low,0.15,200,1727817151
validation,257841043574753,4,tier1,2,128,low,0.15,201,687345236
validation,257841043574753,4,tier1,2,128,low,0.15,202,1987985835
validation,257841043574753,4,tier1,2,128,low,0.15,203,2374099009
validation,257841043574753,4,tier1,2,128,low,0.15,204,404602407
validation,257841043574753,4,tier1,2,128,low,0.15,205,110324304
validation,257841043574753,4,tier1,2,128,low,0.15,206,714594181
validation,257841043574753,4,tier1,2,128,low,0.15,207,1849991704
validation,257841043574753,4,tier1,2,128,low,0.15,208,2978338895
validation,257841043574753,4,tier1,2,128,low,0.15,209,2271801347
validation,257841043574753,4,tier1,2,128,low,0.15,210,2781565169
validation,257841043574753,4,tier1,2,128,low,0.15,211,2796975351
validation,257841043574753,4,tier1,2,128,low,0.15,212,1625810538
validation,257841043574753,4,tier1,2,128,low,0.15,213,1686992031
validation,257841043574753,4,tier1,2,128,low,0.15,214,103568534
validation,257841043574753,4,tier1,2,128,low,0.15,215,2040185304
validation,257841043574753,4,tier1,2,128,low,0.15,216,2097237454
validation,257841043574753,4,tier1,2,128,low,0.15,217,559557241
validation,257841043574753,4,tier1,2,128,low,0.15,218,3554890126
validation,257841043574753,4,tier1,2,128,low,0.15,219,1167524065
validation,257841043574753,4,tier1,2,128,low,0.15,220,2058777140
validation,257841043574753,4,tier1,2,128,low,0.15,221,2460155580
validation,257841043574753,4,tier1,2,128,low,0.15,222,3997969810
validation,257841043574753,4,tier1,2,128,low,0.15,223,3212356276
validation,257841043574753,4,tier1,2,128,low,0.15,224,1082845521
validation,257841043574753,4,tier1,2,128,low,0.15,225,1469846544
validation,257841043574753,4,tier1,2,128,low,0.15,226,4266651159
validation,257841043574753,4,tier1,2,128,low,0.15,227,4258792731
validation,257841043574753,4,tier1,2,128,low,0.15,228,484705109
validation,257841043574753,4,tier1,2,128,low,0.15,229,1083226385
validation,257841043574753,4,tier1,2,128,low,0.15,230,1004307140
validation,257841043574753,4,tier1,2,128,low,0.15,231,3202953228
validation,257841043574753,4,tier1,2,128,low,0.15,232,1243995641
validation,257841043574753,4,tier1,2,128,low,0.15,233,1999229522
validation,257841043574753,4,tier1,2,128,low,0.15,234,510763118
validation,257841043574753,4,tier1,2,128,low,0.15,235,3685570675
validation,257841043574753,4,tier1,2,128,low,0.15,236,2478055876
validation,257841043574753,4,tier1,2,128,low,0.15,237,3869085248
validation,257841043574753,4,tier1,2,128,low,0.15,238,2125161128
validation,257841043574753,4,tier1,2,128,low,0.15,239,2338124229
validation,257841043574753,4,tier1,2,128,low,0.15,240,1761217812
validation,257841043574753,4,tier1,2,128,low,0.15,241,2024165598
validation,257841043574753,4,tier1,2,128,low,0.15,242,4250499885
validation,257841043574753,4,tier1,2,128,low,0.15,243,3032451225
validation,257841043574753,4,tier1,2,128,low,0.15,244,2279852749
validation,257841043574753,4,tier1,2,128,low,0.15,245,3037601872
validation,257841043574753,4,tier1,2,128,low,0.15,246,4065585148
validation,257841043574753,4,tier1,2,128,low,0.15,247,949152287
validation,257841043574753,4,tier1,2,128,low,0.15,248,464172377
validation,257841043574753,4,tier1,2,128,low,0.15,249,3353346906
validation,257841043574753,4,tier1,2,128,low,0.15,250,2628270938
validation,257841043574753,4,tier1,2,128,low,0.15,251,3529281710
validation,257841043574753,4,tier1,2,128,low,0.15,252,521055438
validation,257841043574753,4,tier1,2,128,low,0.15,253,739625203
validation,257841043574753,4,tier1,2,128,low,0.15,254,3414414108
validation,257841043574753,4,tier1,2,128,low,0.15,255,2756844684
validation,257841043574753,4,tier1,2,128,low,0.15,256,2435058038
validation,257841043574753,4,tier1,2,128,low,0.15,257,1745008841
validation,257841043574753,4,tier1,2,128,low,0.15,258,3847039567
validation,257841043574753,4,tier1,2,128,low,0.15,259,2527894055
validation,257841043574753,4,tier1,2,128,low,0.15,260,2891965461
validation,257841043574753,4,tier1,2,128,low,0.15,261,3318535513
validation,257841043574753,4,tier1,2,128,low,0.15,262,3667322092
validation,257841043574753,4,tier1,2,128,low,0.15,263,166794245
validation,257841043574753,4,tier1,2,128,low,0.15,264,1984995778
validation,257841043574753,4,tier1,2,128,low,0.15,265,175961677
validation,257841043574753,4,tier1,2,128,low,0.15,266,211545328
validation,257841043574753,4,tier1,2,128,low,0.15,267,1898838367
validation,257841043574753,4,tier1,2,128,low,0.15,268,113012287
validation,257841043574753,4,tier1,2,128,low,0.15,269,849639753
validation,257841043574753,4,tier1,2,128,low,0.15,270,3787037933
validation,257841043574753,4,tier1,2,128,low,0.15,271,2570974530
validation,257841043574753,4,tier1,2,128,low,0.15,272,2415891313
validation,257841043574753,4,tier1,2,128,low,0.15,273,890950251
validation,257841043574753,4,tier1,2,128,low,0.15,274,333383358
validation,257841043574753,4,tier1,2,128,low,0.15,275,120296776
validation,257841043574753,4,tier1,2,128,low,0.15,276,3811255978
validation,257841043574753,4,tier1,2,128,low,0.15,277,1869084665
validation,257841043574753,4,tier1,2,128,low,0.15,278,2829360545
validation,257841043574753,4,tier1,2,128,low,0.15,279,1494525001
validation,257841043574753,4,tier1,2,128,low,0.15,280,2602536074
validation,257841043574753,4,tier1,2,128,low,0.15,281,402586588
validation,257841043574753,4,tier1,2,128,low,0.15,282,2263667827
validation,257841043574753,4,tier1,2,128,low,0.15,283,896913931
validation,257841043574753,4,tier1,2,128,low,0.15,284,4085096509
validation,257841043574753,4,tier1,2,128,low,0.15,285,2037986850
validation,257841043574753,4,tier1,2,128,low,0.15,286,1414006887
validation,257841043574753,4,tier1,2,128,low,0.15,287,3778610701
validation,257841043574753,4,tier1,2,128,low,0.15,288,1657186523
validation,257841043574753,4,tier1,2,128,low,0.15,289,1128255145
validation,257841043574753,4,tier1,2,128,low,0.15,290,37977016
validation,257841043574753,4,tier1,2,128,low,0.15,291,1457523851
validation,257841043574753,4,tier1,2,128,low,0.15,292,2587900656
validation,257841043574753,4,tier1,2,128,low,0.15,293,3523795335
validation,257841043574753,4,tier1,2,128,low,0.15,294,1627514854
validation,257841043574753,4,tier1,2,128,low,0.15,295,1648890546
validation,257841043574753,4,tier1,2,128,low,0.15,296,1990461472
validation,257841043574753,4,tier1,2,128,low,0.15,297,1995654770
validation,257841043574753,4,tier1,2,128,low,0.15,298,699576125
validation,257841043574753,4,tier1,2,128,low,0.15,299,3081724978
validation,257841043574753,4,tier1,2,128,low,0.15,300,1369984590
validation,257841043574753,4,tier1,2,128,low,0.15,301,653366965
validation,257841043574753,4,tier1,2,128,low,0.15,302,109456223
validation,257841043574753,4,tier1,2,128,low,0.15,303,3727060005
validation,257841043574753,4,tier1,2,128,low,0.15,304,1283352864
validation,257841043574753,4,tier1,2,128,low,0.15,305,3165191193
validation,257841043574753,4,tier1,2,128,low,0.15,306,2232695731
validation,257841043574753,4,tier1,2,128,low,0.15,307,2799768392
validation,257841043574753,4,tier1,2,128,low,0.15,308,3962140593
validation,257841043574753,4,tier1,2,128,low,0.15,309,3468609178
validation,257841043574753,4,tier1,2,128,low,0.15,310,2132637878
validation,257841043574753,4,tier1,2,128,low,0.15,311,566101222
validation,257841043574753,4,tier1,2,128,low,0.15,312,3773083506
validation,257841043574753,4,tier1,2,128,low,0.15,313,2854741864
validation,257841043574753,4,tier1,2,128,low,0.15,314,202930475
validation,257841043574753,4,tier1,2,128,low,0.15,315,3079990943
validation,257841043574753,4,tier1,2,128,low,0.15,316,1022216631
validation,257841043574753,4,tier1,2,128,low,0.15,317,3270852184
validation,257841043574753,4,tier1,2,128,low,0.15,318,523262904
validation,257841043574753,4,tier1,2,128,low,0.15,319,3074890592
validation,257841043574753,4,tier1,2,128,low,0.15,320,3550044106
validation,257841043574753,4,tier1,2,128,low,0.15,321,4197234894
validation,257841043574753,4,tier1,2,128,low,0.15,322,1878315917
validation,257841043574753,4,tier1,2,128,low,0.15,323,2725048801
validation,257841043574753,4,tier1,2,128,low,0.15,324,3972259684
validation,257841043574753,4,tier1,2,128,low,0.15,325,1919461185
validation,257841043574753,4,tier1,2,128,low,0.15,326,2753480889
validation,257841043574753,4,tier1,2,128,low,0.15,327,1562281674
validation,257841043574753,4,tier1,2,128,low,0.15,328,2152660382
validation,257841043574753,4,tier1,2,128,low,0.15,329,3500546583
validation,257841043574753,4,tier1,2,128,low,0.15,330,946375939
validation,257841043574753,4,tier1,2,128,low,0.15,331,1496543062
validation,257841043574753,4,tier1,2,128,low,0.15,332,3298618227
validation,257841043574753,4,tier1,2,128,low,0.15,333,2607859681
validation,257841043574753,4,tier1,2,128,low,0.15,334,2792072043
validation,257841043574753,4,tier1,2,128,low,0.15,335,340587627
validation,257841043574753,4,tier1,2,128,low,0.15,336,797393978
validation,257841043574753,4,tier1,2,128,low,0.15,337,798495350
validation,257841043574753,4,tier1,2,128,low,0.15,338,1351488266
validation,257841043574753,4,tier1,2,128,low,0.15,339,2445093061
validation,257841043574753,4,tier1,2,128,low,0.15,340,4182724101
validation,257841043574753,4,tier1,2,128,low,0.15,341,121474499
validation,257841043574753,4,tier1,2,128,low,0.15,342,3314236866
validation,257841043574753,4,tier1,2,128,low,0.15,343,223009064
validation,257841043574753,4,tier1,2,128,low,0.15,344,4172573584
validation,257841043574753,4,tier1,2,128,low,0.15,345,1870989332
validation,257841043574753,4,tier1,2,128,low,0.15,346,2534522703
validation,257841043574753,4,tier1,2,128,low,0.15,347,761796526
validation,257841043574753,4,tier1,2,128,low,0.15,348,1870596560
validation,257841043574753,4,tier1,2,128,low,0.15,349,3597942023
validation,257841043574753,4,tier1,2,128,low,0.15,350,2572908154
validation,257841043574753,4,tier1,2,128,low,0.15,351,2684000128
validation,257841043574753,4,tier1,2,128,low,0.15,352,3162914783
validation,257841043574753,4,tier1,2,128,low,0.15,353,3619562515
validation,257841043574753,4,tier1,2,128,low,0.15,354,936478527
validation,257841043574753,4,tier1,2,128,low,0.15,355,531287926
validation,257841043574753,4,tier1,2,128,low,0.15,356,1648924000
validation,257841043574753,4,tier1,2,128,low,0.15,357,3955554477
validation,257841043574753,4,tier1,2,128,low,0.15,358,739868922
validation,257841043574753,4,tier1,2,128,low,0.15,359,250728135
validation,257841043574753,4,tier1,2,128,low,0.15,360,826032022
validation,257841043574753,4,tier1,2,128,low,0.15,361,787398770
validation,257841043574753,4,tier1,2,128,low,0.15,362,2567455690
validation,257841043574753,4,tier1,2,128,low,0.15,363,1958807182
validation,257841043574753,4,tier1,2,128,low,0.15,364,107203825
validation,257841043574753,4,tier1,2,128,low,0.15,365,2388929154
validation,257841043574753,4,tier1,2,128,low,0.15,366,823022710
validation,257841043574753,4,tier1,2,128,low,0.15,367,659432288
validation,257841043574753,4,tier1,2,128,low,0.15,368,2246625972
validation,257841043574753,4,tier1,2,128,low,0.15,369,161773587
validation,257841043574753,4,tier1,2,128,low,0.15,370,1718942594
validation,257841043574753,4,tier1,2,128,low,0.15,371,1650148824
validation,257841043574753,4,tier1,2,128,low,0.15,372,3901085062
validation,257841043574753,4,tier1,2,128,low,0.15,373,3354212158
validation,257841043574753,4,tier1,2,128,low,0.15,374,3641252657
validation,257841043574753,4,tier1,2,128,low,0.15,375,2369507469
validation,257841043574753,4,tier1,2,128,low,0.15,376,1056915918
validation,257841043574753,4,tier1,2,128,low,0.15,377,852291341
validation,257841043574753,4,tier1,2,128,low,0.15,378,2144040085
validation,257841043574753,4,tier1,2,128,low,0.15,379,1239696756
validation,257841043574753,4,tier1,2,128,low,0.15,380,214933420
validation,257841043574753,4,tier1,2,128,low,0.15,381,2770742092
validation,257841043574753,4,tier1,2,128,low,0.15,382,1885457132
validation,257841043574753,4,tier1,2,128,low,0.15,383,929925143
validation,257841043574753,4,tier1,2,128,low,0.15,384,1986228523
validation,257841043574753,4,tier1,2,128,low,0.15,385,1840548265
validation,257841043574753,4,tier1,2,128,low,0.15,386,3182067517
validation,257841043574753,4,tier1,2,128,low,0.15,387,3777769930
validation,257841043574753,4,tier1,2,128,low,0.15,388,3273798488
validation,257841043574753,4,tier1,2,128,low,0.15,389,3341709854
validation,257841043574753,4,tier1,2,128,low,0.15,390,1850113261
validation,257841043574753,4,tier1,2,128,low,0.15,391,1138451575
validation,257841043574753,4,tier1,2,128,low,0.15,392,809948514
validation,257841043574753,4,tier1,2,128,low,0.15,393,2473138294
validation,257841043574753,4,tier1,2,128,low,0.15,394,1578253336
validation,257841043574753,4,tier1,2,128,low,0.15,395,3139934699
validation,257841043574753,4,tier1,2,128,low,0.15,396,503899747
validation,257841043574753,4,tier1,2,128,low,0.15,397,1976149043
validation,257841043574753,4,tier1,2,128,low,0.15,398,459701847
validation,257841043574753,4,tier1,2,128,low,0.15,399,2518511026
validation,257841043574753,4,tier1,2,128,low,0.15,400,1672213847
validation,257841043574753,4,tier1,2,128,low,0.15,401,314860938
validation,257841043574753,4,tier1,2,128,low,0.15,402,1846866656
validation,257841043574753,4,tier1,2,128,low,0.15,403,3630485905
validation,257841043574753,4,tier1,2,128,low,0.15,404,2486816481
validation,257841043574753,4,tier1,2,128,low,0.15,405,3431899900
validation,257841043574753,4,tier1,2,128,low,0.15,406,230491352
validation,257841043574753,4,tier1,2,128,low,0.15,407,3643814485
validation,257841043574753,4,tier1,2,128,low,0.15,408,3222126253
validation,257841043574753,4,tier1,2,128,low,0.15,409,2029401288
validation,257841043574753,4,tier1,2,128,low,0.15,410,499663054
validation,257841043574753,4,tier1,2,128,low,0.15,411,3835329854
validation,257841043574753,4,tier1,2,128,low,0.15,412,850491237
validation,257841043574753,4,tier1,2,128,low,0.15,413,3917134311
validation,257841043574753,4,tier1,2,128,low,0.15,414,2781562283
validation,257841043574753,4,tier1,2,128,low,0.15,415,1507114083
validation,257841043574753,4,tier1,2,128,low,0.15,416,1714917764
validation,257841043574753,4,tier1,2,128,low,0.15,417,1940240219
validation,257841043574753,4,tier1,2,128,low,0.15,418,1792960301
validation,257841043574753,4,tier1,2,128,low,0.15,419,3684548461
validation,257841043574753,4,tier1,2,128,low,0.15,420,1697175751
validation,257841043574753,4,tier1,2,128,low,0.15,421,2993551901
validation,257841043574753,4,tier1,2,128,low,0.15,422,200361278
validation,257841043574753,4,tier1,2,128,low,0.15,423,1134606101
validation,257841043574753,4,tier1,2,128,low,0.15,424,1488849712
validation,257841043574753,4,tier1,2,128,low,0.15,425,2519683605
validation,257841043574753,4,tier1,2,128,low,0.15,426,2739584371
validation,257841043574753,4,tier1,2,128,low,0.15,427,2187261470
validation,257841043574753,4,tier1,2,128,low,0.15,428,2880464260
validation,257841043574753,4,tier1,2,128,low,0.15,429,1638571488
validation,257841043574753,4,tier1,2,128,low,0.15,430,2301810973
validation,257841043574753,4,tier1,2,128,low,0.15,431,1337019213
validation,257841043574753,4,tier1,2,128,low,0.15,432,4084476779
validation,257841043574753,4,tier1,2,128,low,0.15,433,2447788204
validation,257841043574753,4,tier1,2,128,low,0.15,434,1354155658
validation,257841043574753,4,tier1,2,128,low,0.15,435,2689668937
validation,257841043574753,4,tier1,2,128,low,0.15,436,618168535
validation,257841043574753,4,tier1,2,128,low,0.15,437,938910528
validation,257841043574753,4,tier1,2,128,low,0.15,438,1548923049
validation,257841043574753,4,tier1,2,128,low,0.15,439,3989106527
validation,257841043574753,4,tier1,2,128,low,0.15,440,1610612821
validation,257841043574753,4,tier1,2,128,low,0.15,441,1651838643
validation,257841043574753,4,tier1,2,128,low,0.15,442,1214218953
validation,257841043574753,4,tier1,2,128,low,0.15,443,3476189541
validation,257841043574753,4,tier1,2,128,low,0.15,444,1569917876
validation,257841043574753,4,tier1,2,128,low,0.15,445,1091933276
validation,257841043574753,4,tier1,2,128,low,0.15,446,3796940024
validation,257841043574753,4,tier1,2,128,low,0.15,447,2196106124
validation,257841043574753,4,tier1,2,128,low,0.15,448,1909340859
validation,257841043574753,4,tier1,2,128,low,0.15,449,3328051506
validation,257841043574753,4,tier1,2,128,low,0.15,450,3174522806
validation,257841043574753,4,tier1,2,128,low,0.15,451,589573147
validation,257841043574753,4,tier1,2,128,low,0.15,452,1456220334
validation,257841043574753,4,tier1,2,128,low,0.15,453,933744191
validation,257841043574753,4,tier1,2,128,low,0.15,454,2574811681
validation,257841043574753,4,tier1,2,128,low,0.15,455,1062233839
validation,257841043574753,4,tier1,2,128,low,0.15,456,645602531
validation,257841043574753,4,tier1,2,128,low,0.15,457,3981267824
validation,257841043574753,4,tier1,2,128,low,0.15,458,1624685815
validation,257841043574753,4,tier1,2,128,low,0.15,459,3418920144
validation,257841043574753,4,tier1,2,128,low,0.15,460,3114577129
validation,257841043574753,4,tier1,2,128,low,0.15,461,504990969
validation,257841043574753,4,tier1,2,128,low,0.15,462,4077199845
validation,257841043574753,4,tier1,2,128,low,0.15,463,929044862
validation,257841043574753,4,tier1,2,128,low,0.15,464,4099921587
validation,257841043574753,4,tier1,2,128,low,0.15,465,3836608316
validation,257841043574753,4,tier1,2,128,low,0.15,466,1662294491
validation,257841043574753,4,tier1,2,128,low,0.15,467,3085862384
validation,257841043574753,4,tier1,2,128,low,0.15,468,95114448
validation,257841043574753,4,tier1,2,128,low,0.15,469,429940032
validation,257841043574753,4,tier1,2,128,low,0.15,470,100793927
validation,257841043574753,4,tier1,2,128,low,0.15,471,535236403
validation,257841043574753,4,tier1,2,128,low,0.15,472,1337742566
validation,257841043574753,4,tier1,2,128,low,0.15,473,906500907
validation,257841043574753,4,tier1,2,128,low,0.15,474,111554573
validation,257841043574753,4,tier1,2,128,low,0.15,475,3917228915
validation,257841043574753,4,tier1,2,128,low,0.15,476,2928361657
validation,257841043574753,4,tier1,2,128,low,0.15,477,2473728320
validation,257841043574753,4,tier1,2,128,low,0.15,478,664973934
validation,257841043574753,4,tier1,2,128,low,0.15,479,3469449607
validation,257841043574753,4,tier1,2,128,low,0.15,480,131080078
validation,257841043574753,4,tier1,2,128,low,0.15,481,923226279
validation,257841043574753,4,tier1,2,128,low,0.15,482,3181480598
validation,257841043574753,4,tier1,2,128,low,0.15,483,3183181703
validation,257841043574753,4,tier1,2,128,low,0.15,484,2437450417
validation,257841043574753,4,tier1,2,128,low,0.15,485,617263465
validation,257841043574753,4,tier1,2,128,low,0.15,486,2112213294
validation,257841043574753,4,tier1,2,128,low,0.15,487,259871292
validation,257841043574753,4,tier1,2,128,low,0.15,488,367643912
validation,257841043574753,4,tier1,2,128,low,0.15,489,58170664
validation,257841043574753,4,tier1,2,128,low,0.15,490,3701554444
validation,257841043574753,4,tier1,2,128,low,0.15,491,3230932609
validation,257841043574753,4,tier1,2,128,low,0.15,492,2233205110
validation,257841043574753,4,tier1,2,128,low,0.15,493,3484925384
validation,257841043574753,4,tier1,2,128,low,0.15,494,1367136100
validation,257841043574753,4,tier1,2,128,low,0.15,495,1378447135
validation,257841043574753,4,tier1,2,128,low,0.15,496,3914243919
validation,257841043574753,4,tier1,2,128,low,0.15,497,832194643
validation,257841043574753,4,tier1,2,128,low,0.15,498,2618889226
validation,257841043574753,4,tier1,2,128,low,0.15,499,3683659612
validation,257841043574753,5,tier1,2,128,low,0.2,0,1981661102
validation,257841043574753,5,tier1,2,128,low,0.2,1,2626357509
validation,257841043574753,5,tier1,2,128,low,0.2,2,3594732976
validation,257841043574753,5,tier1,2,128,low,0.2,3,1635377097
validation,257841043574753,5,tier1,2,128,low,0.2,4,3335405204
validation,257841043574753,5,tier1,2,128,low,0.2,5,3589640011
validation,257841043574753,5,tier1,2,128,low,0.2,6,1224869998
validation,257841043574753,5,tier1,2,128,low,0.2,7,1468639980
validation,257841043574753,5,tier1,2,128,low,0.2,8,205439474
validation,257841043574753,5,tier1,2,128,low,0.2,9,972712100
validation,257841043574753,5,tier1,2,128,low,0.2,10,3838744338
validation,257841043574753,5,tier1,2,128,low,0.2,11,2982971027
validation,257841043574753,5,tier1,2,128,low,0.2,12,1794028985
validation,257841043574753,5,tier1,2,128,low,0.2,13,338509026
validation,257841043574753,5,tier1,2,128,low,0.2,14,686487882
validation,257841043574753,5,tier1,2,128,low,0.2,15,3451950724
validation,257841043574753,5,tier1,2,128,low,0.2,16,523594127
validation,257841043574753,5,tier1,2,128,low,0.2,17,2511677033
validation,257841043574753,5,tier1,2,128,low,0.2,18,345814774
validation,257841043574753,5,tier1,2,128,low,0.2,19,562216725
validation,257841043574753,5,tier1,2,128,low,0.2,20,34702160
validation,257841043574753,5,tier1,2,128,low,0.2,21,3055074009
validation,257841043574753,5,tier1,2,128,low,0.2,22,631786257
validation,257841043574753,5,tier1,2,128,low,0.2,23,284208279
validation,257841043574753,5,tier1,2,128,low,0.2,24,3803495768
validation,257841043574753,5,tier1,2,128,low,0.2,25,520949795
validation,257841043574753,5,tier1,2,128,low,0.2,26,3048288456
validation,257841043574753,5,tier1,2,128,low,0.2,27,1363094681
validation,257841043574753,5,tier1,2,128,low,0.2,28,2825195078
validation,257841043574753,5,tier1,2,128,low,0.2,29,3503937383
validation,257841043574753,5,tier1,2,128,low,0.2,30,3985120450
validation,257841043574753,5,tier1,2,128,low,0.2,31,2650094782
validation,257841043574753,5,tier1,2,128,low,0.2,32,1995839517
validation,257841043574753,5,tier1,2,128,low,0.2,33,2283898786
validation,257841043574753,5,tier1,2,128,low,0.2,34,2650204395
validation,257841043574753,5,tier1,2,128,low,0.2,35,2652982082
validation,257841043574753,5,tier1,2,128,low,0.2,36,3924696207
validation,257841043574753,5,tier1,2,128,low,0.2,37,2343046294
validation,257841043574753,5,tier1,2,128,low,0.2,38,217831030
validation,257841043574753,5,tier1,2,128,low,0.2,39,4034272185
validation,257841043574753,5,tier1,2,128,low,0.2,40,2702584834
validation,257841043574753,5,tier1,2,128,low,0.2,41,1335587989
validation,257841043574753,5,tier1,2,128,low,0.2,42,797494588
validation,257841043574753,5,tier1,2,128,low,0.2,43,3501784658
validation,257841043574753,5,tier1,2,128,low,0.2,44,1221054903
validation,257841043574753,5,tier1,2,128,low,0.2,45,2591096787
validation,257841043574753,5,tier1,2,128,low,0.2,46,84047785
validation,257841043574753,5,tier1,2,128,low,0.2,47,427785150
validation,257841043574753,5,tier1,2,128,low,0.2,48,832755333
validation,257841043574753,5,tier1,2,128,low,0.2,49,2109215904
validation,257841043574753,5,tier1,2,128,low,0.2,50,2858856114
validation,257841043574753,5,tier1,2,128,low,0.2,51,3210934496
validation,257841043574753,5,tier1,2,128,low,0.2,52,2562881040
validation,257841043574753,5,tier1,2,128,low,0.2,53,3381910324
validation,257841043574753,5,tier1,2,128,low,0.2,54,2634303151
validation,257841043574753,5,tier1,2,128,low,0.2,55,3224514566
validation,257841043574753,5,tier1,2,128,low,0.2,56,2840128479
validation,257841043574753,5,tier1,2,128,low,0.2,57,4285750755
validation,257841043574753,5,tier1,2,128,low,0.2,58,3461701002
validation,257841043574753,5,tier1,2,128,low,0.2,59,203715702
validation,257841043574753,5,tier1,2,128,low,0.2,60,2681456424
validation,257841043574753,5,tier1,2,128,low,0.2,61,3971928333
validation,257841043574753,5,tier1,2,128,low,0.2,62,3141627605
validation,257841043574753,5,tier1,2,128,low,0.2,63,1462936151
validation,257841043574753,5,tier1,2,128,low,0.2,64,2290787428
validation,257841043574753,5,tier1,2,128,low,0.2,65,1357784458
validation,257841043574753,5,tier1,2,128,low,0.2,66,3114564359
validation,257841043574753,5,tier1,2,128,low,0.2,67,1514950791
validation,257841043574753,5,tier1,2,128,low,0.2,68,1854920583
validation,257841043574753,5,tier1,2,128,low,0.2,69,1260268570
validation,257841043574753,5,tier1,2,128,low,0.2,70,2483105216
validation,257841043574753,5,tier1,2,128,low,0.2,71,2815280770
validation,257841043574753,5,tier1,2,128,low,0.2,72,2475662901
validation,257841043574753,5,tier1,2,128,low,0.2,73,2411564451
validation,257841043574753,5,tier1,2,128,low,0.2,74,1758015112
validation,257841043574753,5,tier1,2,128,low,0.2,75,2510205882
validation,257841043574753,5,tier1,2,128,low,0.2,76,1588212094
validation,257841043574753,5,tier1,2,128,low,0.2,77,421751168
validation,257841043574753,5,tier1,2,128,low,0.2,78,1045880559
validation,257841043574753,5,tier1,2,128,low,0.2,79,740624841
validation,257841043574753,5,tier1,2,128,low,0.2,80,3573744219
validation,257841043574753,5,tier1,2,128,low,0.2,81,1228202644
validation,257841043574753,5,tier1,2,128,low,0.2,82,2750239675
validation,257841043574753,5,tier1,2,128,low,0.2,83,3189304131
validation,257841043574753,5,tier1,2,128,low,0.2,84,1962432726
validation,257841043574753,5,tier1,2,128,low,0.2,85,2900648566
validation,257841043574753,5,tier1,2,128,low,0.2,86,4072453482
validation,257841043574753,5,tier1,2,128,low,0.2,87,3578739495
validation,257841043574753,5,tier1,2,128,low,0.2,88,3762701763
validation,257841043574753,5,tier1,2,128,low,0.2,89,1771746238
validation,257841043574753,5,tier1,2,128,low,0.2,90,1890984845
validation,257841043574753,5,tier1,2,128,low,0.2,91,1452004451
validation,257841043574753,5,tier1,2,128,low,0.2,92,4281619552
validation,257841043574753,5,tier1,2,128,low,0.2,93,1366481349
validation,257841043574753,5,tier1,2,128,low,0.2,94,1981291497
validation,257841043574753,5,tier1,2,128,low,0.2,95,1396902059
validation,257841043574753,5,tier1,2,128,low,0.2,96,3335756855
validation,257841043574753,5,tier1,2,128,low,0.2,97,121816343
validation,257841043574753,5,tier1,2,128,low,0.2,98,2457965192
validation,257841043574753,5,tier1,2,128,low,0.2,99,2816681072
validation,257841043574753,5,tier1,2,128,low,0.2,100,3860687171
validation,257841043574753,5,tier1,2,128,low,0.2,101,3449883692
validation,257841043574753,5,tier1,2,128,low,0.2,102,2738503780
validation,257841043574753,5,tier1,2,128,low,0.2,103,2600362955
validation,257841043574753,5,tier1,2,128,low,0.2,104,1626886552
validation,257841043574753,5,tier1,2,128,low,0.2,105,672271093
validation,257841043574753,5,tier1,2,128,low,0.2,106,1021797152
validation,257841043574753,5,tier1,2,128,low,0.2,107,1450772817
validation,257841043574753,5,tier1,2,128,low,0.2,108,207042445
validation,257841043574753,5,tier1,2,128,low,0.2,109,257832599
validation,257841043574753,5,tier1,2,128,low,0.2,110,1742443286
validation,257841043574753,5,tier1,2,128,low,0.2,111,567485356
validation,257841043574753,5,tier1,2,128,low,0.2,112,430523541
validation,257841043574753,5,tier1,2,128,low,0.2,113,1336488130
validation,257841043574753,5,tier1,2,128,low,0.2,114,3053293799
validation,257841043574753,5,tier1,2,128,low,0.2,115,1230200325
validation,257841043574753,5,tier1,2,128,low,0.2,116,3769879218
validation,257841043574753,5,tier1,2,128,low,0.2,117,696352564
validation,257841043574753,5,tier1,2,128,low,0.2,118,249492576
validation,257841043574753,5,tier1,2,128,low,0.2,119,2844071403
validation,257841043574753,5,tier1,2,128,low,0.2,120,12534678
validation,257841043574753,5,tier1,2,128,low,0.2,121,165350418
validation,257841043574753,5,tier1,2,128,low,0.2,122,3161512497
validation,257841043574753,5,tier1,2,128,low,0.2,123,528351058
validation,257841043574753,5,tier1,2,128,low,0.2,124,151968811
validation,257841043574753,5,tier1,2,128,low,0.2,125,1042185236
validation,257841043574753,5,tier1,2,128,low,0.2,126,2368454092
validation,257841043574753,5,tier1,2,128,low,0.2,127,1154094140
validation,257841043574753,5,tier1,2,128,low,0.2,128,2889341436
validation,257841043574753,5,tier1,2,128,low,0.2,129,1628436068
validation,257841043574753,5,tier1,2,128,low,0.2,130,2022900517
validation,257841043574753,5,tier1,2,128,low,0.2,131,3157623341
validation,257841043574753,5,tier1,2,128,low,0.2,132,1672081844
validation,257841043574753,5,tier1,2,128,low,0.2,133,2149709339
validation,257841043574753,5,tier1,2,128,low,0.2,134,2714365993
validation,257841043574753,5,tier1,2,128,low,0.2,135,2203932045
validation,257841043574753,5,tier1,2,128,low,0.2,136,1479863896
validation,257841043574753,5,tier1,2,128,low,0.2,137,2529744320
validation,257841043574753,5,tier1,2,128,low,0.2,138,1184473850
validation,257841043574753,5,tier1,2,128,low,0.2,139,1307086794
validation,257841043574753,5,tier1,2,128,low,0.2,140,1498237144
validation,257841043574753,5,tier1,2,128,low,0.2,141,909613376
validation,257841043574753,5,tier1,2,128,low,0.2,142,3566604336
validation,257841043574753,5,tier1,2,128,low,0.2,143,1833439669
validation,257841043574753,5,tier1,2,128,low,0.2,144,2648810945
validation,257841043574753,5,tier1,2,128,low,0.2,145,3922678467
validation,257841043574753,5,tier1,2,128,low,0.2,146,3157800611
validation,257841043574753,5,tier1,2,128,low,0.2,147,2023299820
validation,257841043574753,5,tier1,2,128,low,0.2,148,1515200547
validation,257841043574753,5,tier1,2,128,low,0.2,149,2935134670
validation,257841043574753,5,tier1,2,128,low,0.2,150,2653356720
validation,257841043574753,5,tier1,2,128,low,0.2,151,2749804269
validation,257841043574753,5,tier1,2,128,low,0.2,152,310313070
validation,257841043574753,5,tier1,2,128,low,0.2,153,4135511272
validation,257841043574753,5,tier1,2,128,low,0.2,154,2938483
validation,257841043574753,5,tier1,2,128,low,0.2,155,3746512924
validation,257841043574753,5,tier1,2,128,low,0.2,156,3055792238
validation,257841043574753,5,tier1,2,128,low,0.2,157,2593127606
validation,257841043574753,5,tier1,2,128,low,0.2,158,1529990452
validation,257841043574753,5,tier1,2,128,low,0.2,159,4255505105
validation,257841043574753,5,tier1,2,128,low,0.2,160,2350494139
validation,257841043574753,5,tier1,2,128,low,0.2,161,1930804112
validation,257841043574753,5,tier1,2,128,low,0.2,162,3048289985
validation,257841043574753,5,tier1,2,128,low,0.2,163,3513786810
validation,257841043574753,5,tier1,2,128,low,0.2,164,2510316234
validation,257841043574753,5,tier1,2,128,low,0.2,165,2388439172
validation,257841043574753,5,tier1,2,128,low,0.2,166,1975158165
validation,257841043574753,5,tier1,2,128,low,0.2,167,2830493503
validation,257841043574753,5,tier1,2,128,low,0.2,168,146111860
validation,257841043574753,5,tier1,2,128,low,0.2,169,1000727126
validation,257841043574753,5,tier1,2,128,low,0.2,170,1341222315
validation,257841043574753,5,tier1,2,128,low,0.2,171,3284485943
validation,257841043574753,5,tier1,2,128,low,0.2,172,417769786
validation,257841043574753,5,tier1,2,128,low,0.2,173,1898499747
validation,257841043574753,5,tier1,2,128,low,0.2,174,3879100020
validation,257841043574753,5,tier1,2,128,low,0.2,175,12834140
validation,257841043574753,5,tier1,2,128,low,0.2,176,2588620225
validation,257841043574753,5,tier1,2,128,low,0.2,177,4182811760
validation,257841043574753,5,tier1,2,128,low,0.2,178,2630542497
validation,257841043574753,5,tier1,2,128,low,0.2,179,132376307
validation,257841043574753,5,tier1,2,128,low,0.2,180,523086127
validation,257841043574753,5,tier1,2,128,low,0.2,181,1980447103
validation,257841043574753,5,tier1,2,128,low,0.2,182,3136678960
validation,257841043574753,5,tier1,2,128,low,0.2,183,201782508
validation,257841043574753,5,tier1,2,128,low,0.2,184,352934204
validation,257841043574753,5,tier1,2,128,low,0.2,185,3553520644
validation,257841043574753,5,tier1,2,128,low,0.2,186,911773678
validation,257841043574753,5,tier1,2,128,low,0.2,187,3155346461
validation,257841043574753,5,tier1,2,128,low,0.2,188,4082254222
validation,257841043574753,5,tier1,2,128,low,0.2,189,1956799981
validation,257841043574753,5,tier1,2,128,low,0.2,190,3632674063
validation,257841043574753,5,tier1,2,128,low,0.2,191,1888776187
validation,257841043574753,5,tier1,2,128,low,0.2,192,1965398673
validation,257841043574753,5,tier1,2,128,low,0.2,193,1705450424
validation,257841043574753,5,tier1,2,128,low,0.2,194,630183296
validation,257841043574753,5,tier1,2,128,low,0.2,195,54569829
validation,257841043574753,5,tier1,2,128,low,0.2,196,800403395
validation,257841043574753,5,tier1,2,128,low,0.2,197,2912449401
validation,257841043574753,5,tier1,2,128,low,0.2,198,188660241
validation,257841043574753,5,tier1,2,128,low,0.2,199,2043042451
validation,257841043574753,5,tier1,2,128,low,0.2,200,4124791431
validation,257841043574753,5,tier1,2,128,low,0.2,201,4110593837
validation,257841043574753,5,tier1,2,128,low,0.2,202,3337797578
validation,257841043574753,5,tier1,2,128,low,0.2,203,1366634571
validation,257841043574753,5,tier1,2,128,low,0.2,204,25082133
validation,257841043574753,5,tier1,2,128,low,0.2,205,438983729
validation,257841043574753,5,tier1,2,128,low,0.2,206,3851086324
validation,257841043574753,5,tier1,2,128,low,0.2,207,1387405682
validation,257841043574753,5,tier1,2,128,low,0.2,208,1968776168
validation,257841043574753,5,tier1,2,128,low,0.2,209,729512098
validation,257841043574753,5,tier1,2,128,low,0.2,210,4212675018
validation,257841043574753,5,tier1,2,128,low,0.2,211,1331467581
validation,257841043574753,5,tier1,2,128,low,0.2,212,3972030250
validation,257841043574753,5,tier1,2,128,low,0.2,213,318188983
validation,257841043574753,5,tier1,2,128,low,0.2,214,3652860355
validation,257841043574753,5,tier1,2,128,low,0.2,215,3666070906
validation,257841043574753,5,tier1,2,128,low,0.2,216,3716151021
validation,257841043574753,5,tier1,2,128,low,0.2,217,3935380304
validation,257841043574753,5,tier1,2,128,low,0.2,218,2444193712
validation,257841043574753,5,tier1,2,128,low,0.2,219,1976934123
validation,257841043574753,5,tier1,2,128,low,0.2,220,4083987350
validation,257841043574753,5,tier1,2,128,low,0.2,221,5675547
validation,257841043574753,5,tier1,2,128,low,0.2,222,2757217542
validation,257841043574753,5,tier1,2,128,low,0.2,223,2683990953
validation,257841043574753,5,tier1,2,128,low,0.2,224,4125087380
validation,257841043574753,5,tier1,2,128,low,0.2,225,2300216949
validation,257841043574753,5,tier1,2,128,low,0.2,226,2209749664
validation,257841043574753,5,tier1,2,128,low,0.2,227,957562907
validation,257841043574753,5,tier1,2,128,low,0.2,228,2339993430
validation,257841043574753,5,tier1,2,128,low,0.2,229,2905728581
validation,257841043574753,5,tier1,2,128,low,0.2,230,3633445749
validation,257841043574753,5,tier1,2,128,low,0.2,231,1065974962
validation,257841043574753,5,tier1,2,128,low,0.2,232,1828410650
validation,257841043574753,5,tier1,2,128,low,0.2,233,3050051265
validation,257841043574753,5,tier1,2,128,low,0.2,234,2616381736
validation,257841043574753,5,tier1,2,128,low,0.2,235,1440824872
validation,257841043574753,5,tier1,2,128,low,0.2,236,869089460
validation,257841043574753,5,tier1,2,128,low,0.2,237,1880801111
validation,257841043574753,5,tier1,2,128,low,0.2,238,2790399476
validation,257841043574753,5,tier1,2,128,low,0.2,239,2589465938
validation,257841043574753,5,tier1,2,128,low,0.2,240,1813348843
validation,257841043574753,5,tier1,2,128,low,0.2,241,3184953623
validation,257841043574753,5,tier1,2,128,low,0.2,242,244275232
validation,257841043574753,5,tier1,2,128,low,0.2,243,1067006764
validation,257841043574753,5,tier1,2,128,low,0.2,244,1731312095
validation,257841043574753,5,tier1,2,128,low,0.2,245,2644589280
validation,257841043574753,5,tier1,2,128,low,0.2,246,2307363935
validation,257841043574753,5,tier1,2,128,low,0.2,247,2316812901
validation,257841043574753,5,tier1,2,128,low,0.2,248,119066747
validation,257841043574753,5,tier1,2,128,low,0.2,249,784330047
validation,257841043574753,5,tier1,2,128,low,0.2,250,1368970279
validation,257841043574753,5,tier1,2,128,low,0.2,251,2289993468
validation,257841043574753,5,tier1,2,128,low,0.2,252,844338467
validation,257841043574753,5,tier1,2,128,low,0.2,253,1764102157
validation,257841043574753,5,tier1,2,128,low,0.2,254,3889935802
validation,257841043574753,5,tier1,2,128,low,0.2,255,2738357396
validation,257841043574753,5,tier1,2,128,low,0.2,256,4108910135
validation,257841043574753,5,tier1,2,128,low,0.2,257,1365562727
validation,257841043574753,5,tier1,2,128,low,0.2,258,889067959
validation,257841043574753,5,tier1,2,128,low,0.2,259,738779105
validation,257841043574753,5,tier1,2,128,low,0.2,260,3982559916
validation,257841043574753,5,tier1,2,128,low,0.2,261,4072294146
validation,257841043574753,5,tier1,2,128,low,0.2,262,2011750273
validation,257841043574753,5,tier1,2,128,low,0.2,263,2997348285
validation,257841043574753,5,tier1,2,128,low,0.2,264,741692236
validation,257841043574753,5,tier1,2,128,low,0.2,265,265922070
validation,257841043574753,5,tier1,2,128,low,0.2,266,2604125366
validation,257841043574753,5,tier1,2,128,low,0.2,267,136253993
validation,257841043574753,5,tier1,2,128,low,0.2,268,824580110
validation,257841043574753,5,tier1,2,128,low,0.2,269,432274094
validation,257841043574753,5,tier1,2,128,low,0.2,270,2442006328
validation,257841043574753,5,tier1,2,128,low,0.2,271,3321033783
validation,257841043574753,5,tier1,2,128,low,0.2,272,984985002
validation,257841043574753,5,tier1,2,128,low,0.2,273,3051180086
validation,257841043574753,5,tier1,2,128,low,0.2,274,1977500470
validation,257841043574753,5,tier1,2,128,low,0.2,275,711507347
validation,257841043574753,5,tier1,2,128,low,0.2,276,2135054872
validation,257841043574753,5,tier1,2,128,low,0.2,277,1073330875
validation,257841043574753,5,tier1,2,128,low,0.2,278,2998997465
validation,257841043574753,5,tier1,2,128,low,0.2,279,1377021603
validation,257841043574753,5,tier1,2,128,low,0.2,280,2028123734
validation,257841043574753,5,tier1,2,128,low,0.2,281,1825624918
validation,257841043574753,5,tier1,2,128,low,0.2,282,3845315397
validation,257841043574753,5,tier1,2,128,low,0.2,283,394707125
validation,257841043574753,5,tier1,2,128,low,0.2,284,406677691
validation,257841043574753,5,tier1,2,128,low,0.2,285,3384973142
validation,257841043574753,5,tier1,2,128,low,0.2,286,1845876737
validation,257841043574753,5,tier1,2,128,low,0.2,287,3435968399
validation,257841043574753,5,tier1,2,128,low,0.2,288,2217087929
validation,257841043574753,5,tier1,2,128,low,0.2,289,311295738
validation,257841043574753,5,tier1,2,128,low,0.2,290,1399032500
validation,257841043574753,5,tier1,2,128,low,0.2,291,3621008727
validation,257841043574753,5,tier1,2,128,low,0.2,292,1648337324
validation,257841043574753,5,tier1,2,128,low,0.2,293,175710164
validation,257841043574753,5,tier1,2,128,low,0.2,294,130448015
validation,257841043574753,5,tier1,2,128,low,0.2,295,1369822937
validation,257841043574753,5,tier1,2,128,low,0.2,296,1081740707
validation,257841043574753,5,tier1,2,128,low,0.2,297,550866838
validation,257841043574753,5,tier1,2,128,low,0.2,298,1917740828
validation,257841043574753,5,tier1,2,128,low,0.2,299,4265858716
validation,257841043574753,5,tier1,2,128,low,0.2,300,1139739833
validation,257841043574753,5,tier1,2,128,low,0.2,301,2766675425
validation,257841043574753,5,tier1,2,128,low,0.2,302,269711549
validation,257841043574753,5,tier1,2,128,low,0.2,303,1615095942
validation,257841043574753,5,tier1,2,128,low,0.2,304,318247723
validation,257841043574753,5,tier1,2,128,low,0.2,305,464393405
validation,257841043574753,5,tier1,2,128,low,0.2,306,922111151
validation,257841043574753,5,tier1,2,128,low,0.2,307,2511116030
validation,257841043574753,5,tier1,2,128,low,0.2,308,3290097300
validation,257841043574753,5,tier1,2,128,low,0.2,309,3370179974
validation,257841043574753,5,tier1,2,128,low,0.2,310,2962379559
validation,257841043574753,5,tier1,2,128,low,0.2,311,3481257865
validation,257841043574753,5,tier1,2,128,low,0.2,312,804338043
validation,257841043574753,5,tier1,2,128,low,0.2,313,1265094059
validation,257841043574753,5,tier1,2,128,low,0.2,314,885415703
validation,257841043574753,5,tier1,2,128,low,0.2,315,5345675
validation,257841043574753,5,tier1,2,128,low,0.2,316,1358000051
validation,257841043574753,5,tier1,2,128,low,0.2,317,2391826700
validation,257841043574753,5,tier1,2,128,low,0.2,318,1379170315
validation,257841043574753,5,tier1,2,128,low,0.2,319,2485179771
validation,257841043574753,5,tier1,2,128,low,0.2,320,4276588693
validation,257841043574753,5,tier1,2,128,low,0.2,321,2169871631
validation,257841043574753,5,tier1,2,128,low,0.2,322,670165500
validation,257841043574753,5,tier1,2,128,low,0.2,323,1321981985
validation,257841043574753,5,tier1,2,128,low,0.2,324,3156068285
validation,257841043574753,5,tier1,2,128,low,0.2,325,893132317
validation,257841043574753,5,tier1,2,128,low,0.2,326,4167297250
validation,257841043574753,5,tier1,2,128,low,0.2,327,1103822200
validation,257841043574753,5,tier1,2,128,low,0.2,328,4280831615
validation,257841043574753,5,tier1,2,128,low,0.2,329,401675536
validation,257841043574753,5,tier1,2,128,low,0.2,330,2889516777
validation,257841043574753,5,tier1,2,128,low,0.2,331,1024099915
validation,257841043574753,5,tier1,2,128,low,0.2,332,3237415509
validation,257841043574753,5,tier1,2,128,low,0.2,333,595783919
validation,257841043574753,5,tier1,2,128,low,0.2,334,1046931794
validation,257841043574753,5,tier1,2,128,low,0.2,335,2729981575
validation,257841043574753,5,tier1,2,128,low,0.2,336,3929670020
validation,257841043574753,5,tier1,2,128,low,0.2,337,4174867606
validation,257841043574753,5,tier1,2,128,low,0.2,338,1904157111
validation,257841043574753,5,tier1,2,128,low,0.2,339,2521553716
validation,257841043574753,5,tier1,2,128,low,0.2,340,236693962
validation,257841043574753,5,tier1,2,128,low,0.2,341,3693949963
validation,257841043574753,5,tier1,2,128,low,0.2,342,1700951398
validation,257841043574753,5,tier1,2,128,low,0.2,343,1847202766
validation,257841043574753,5,tier1,2,128,low,0.2,344,3769451441
validation,257841043574753,5,tier1,2,128,low,0.2,345,79754704
validation,257841043574753,5,tier1,2,128,low,0.2,346,3268756832
validation,257841043574753,5,tier1,2,128,low,0.2,347,2101282298
validation,257841043574753,5,tier1,2,128,low,0.2,348,3356480030
validation,257841043574753,5,tier1,2,128,low,0.2,349,2304975620
validation,257841043574753,5,tier1,2,128,low,0.2,350,1628976136
validation,257841043574753,5,tier1,2,128,low,0.2,351,2381823383
validation,257841043574753,5,tier1,2,128,low,0.2,352,4120185168
validation,257841043574753,5,tier1,2,128,low,0.2,353,3741589625
validation,257841043574753,5,tier1,2,128,low,0.2,354,2221089451
validation,257841043574753,5,tier1,2,128,low,0.2,355,1211277760
validation,257841043574753,5,tier1,2,128,low,0.2,356,2810161838
validation,257841043574753,5,tier1,2,128,low,0.2,357,3713044317
validation,257841043574753,5,tier1,2,128,low,0.2,358,3460210949
validation,257841043574753,5,tier1,2,128,low,0.2,359,2385357048
validation,257841043574753,5,tier1,2,128,low,0.2,360,4244414316
validation,257841043574753,5,tier1,2,128,low,0.2,361,417397226
validation,257841043574753,5,tier1,2,128,low,0.2,362,704566145
validation,257841043574753,5,tier1,2,128,low,0.2,363,2519476659
validation,257841043574753,5,tier1,2,128,low,0.2,364,173534940
validation,257841043574753,5,tier1,2,128,low,0.2,365,3010234167
validation,257841043574753,5,tier1,2,128,low,0.2,366,1629698068
validation,257841043574753,5,tier1,2,128,low,0.2,367,2892546893
validation,257841043574753,5,tier1,2,128,low,0.2,368,513623143
validation,257841043574753,5,tier1,2,128,low,0.2,369,626982014
validation,257841043574753,5,tier1,2,128,low,0.2,370,3488710398
validation,257841043574753,5,tier1,2,128,low,0.2,371,540940107
validation,257841043574753,5,tier1,2,128,low,0.2,372,3098568964
validation,257841043574753,5,tier1,2,128,low,0.2,373,4258805676
validation,257841043574753,5,tier1,2,128,low,0.2,374,3992660680
validation,257841043574753,5,tier1,2,128,low,0.2,375,419917501
validation,257841043574753,5,tier1,2,128,low,0.2,376,379273248
validation,257841043574753,5,tier1,2,128,low,0.2,377,2053686212
validation,257841043574753,5,tier1,2,128,low,0.2,378,301281909
validation,257841043574753,5,tier1,2,128,low,0.2,379,3047963931
validation,257841043574753,5,tier1,2,128,low,0.2,380,642549019
validation,257841043574753,5,tier1,2,128,low,0.2,381,271953311
validation,257841043574753,5,tier1,2,128,low,0.2,382,727125789
validation,257841043574753,5,tier1,2,128,low,0.2,383,2578782784
validation,257841043574753,5,tier1,2,128,low,0.2,384,3124853081
validation,257841043574753,5,tier1,2,128,low,0.2,385,895333900
validation,257841043574753,5,tier1,2,128,low,0.2,386,3001239254
validation,257841043574753,5,tier1,2,128,low,0.2,387,3435494639
validation,257841043574753,5,tier1,2,128,low,0.2,388,2068514864
validation,257841043574753,5,tier1,2,128,low,0.2,389,3582997677
validation,257841043574753,5,tier1,2,128,low,0.2,390,3747470096
validation,257841043574753,5,tier1,2,128,low,0.2,391,1838874374
validation,257841043574753,5,tier1,2,128,low,0.2,392,3016352287
validation,257841043574753,5,tier1,2,128,low,0.2,393,1050020974
validation,257841043574753,5,tier1,2,128,low,0.2,394,1825681962
validation,257841043574753,5,tier1,2,128,low,0.2,395,715357575
validation,257841043574753,5,tier1,2,128,low,0.2,396,2342290
validation,257841043574753,5,tier1,2,128,low,0.2,397,2971470315
validation,257841043574753,5,tier1,2,128,low,0.2,398,4053091584
validation,257841043574753,5,tier1,2,128,low,0.2,399,16347824
validation,257841043574753,5,tier1,2,128,low,0.2,400,1545666855
validation,257841043574753,5,tier1,2,128,low,0.2,401,3977896296
validation,257841043574753,5,tier1,2,128,low,0.2,402,2898041418
validation,257841043574753,5,tier1,2,128,low,0.2,403,2400611481
validation,257841043574753,5,tier1,2,128,low,0.2,404,4025956862
validation,257841043574753,5,tier1,2,128,low,0.2,405,663136127
validation,257841043574753,5,tier1,2,128,low,0.2,406,2127945059
validation,257841043574753,5,tier1,2,128,low,0.2,407,1209765267
validation,257841043574753,5,tier1,2,128,low,0.2,408,1418600408
validation,257841043574753,5,tier1,2,128,low,0.2,409,2663775739
validation,257841043574753,5,tier1,2,128,low,0.2,410,2819230835
validation,257841043574753,5,tier1,2,128,low,0.2,411,1950522990
validation,257841043574753,5,tier1,2,128,low,0.2,412,3862165790
validation,257841043574753,5,tier1,2,128,low,0.2,413,2029173781
validation,257841043574753,5,tier1,2,128,low,0.2,414,3844819014
validation,257841043574753,5,tier1,2,128,low,0.2,415,2342219150
validation,257841043574753,5,tier1,2,128,low,0.2,416,1688989213
validation,257841043574753,5,tier1,2,128,low,0.2,417,3309666439
validation,257841043574753,5,tier1,2,128,low,0.2,418,2740424362
validation,257841043574753,5,tier1,2,128,low,0.2,419,4176751649
validation,257841043574753,5,tier1,2,128,low,0.2,420,1800089762
validation,257841043574753,5,tier1,2,128,low,0.2,421,3180000565
validation,257841043574753,5,tier1,2,128,low,0.2,422,853937776
validation,257841043574753,5,tier1,2,128,low,0.2,423,174006623
validation,257841043574753,5,tier1,2,128,low,0.2,424,3966496922
validation,257841043574753,5,tier1,2,128,low,0.2,425,592731808
validation,257841043574753,5,tier1,2,128,low,0.2,426,3499140313
validation,257841043574753,5,tier1,2,128,low,0.2,427,1685249735
validation,257841043574753,5,tier1,2,128,low,0.2,428,600288472
validation,257841043574753,5,tier1,2,128,low,0.2,429,1363858760
validation,257841043574753,5,tier1,2,128,low,0.2,430,3258549310
validation,257841043574753,5,tier1,2,128,low,0.2,431,486596491
validation,257841043574753,5,tier1,2,128,low,0.2,432,1484898383
validation,257841043574753,5,tier1,2,128,low,0.2,433,2478417487
validation,257841043574753,5,tier1,2,128,low,0.2,434,2083245780
validation,257841043574753,5,tier1,2,128,low,0.2,435,2215962650
validation,257841043574753,5,tier1,2,128,low,0.2,436,3264246231
validation,257841043574753,5,tier1,2,128,low,0.2,437,205977378
validation,257841043574753,5,tier1,2,128,low,0.2,438,2012434326
validation,257841043574753,5,tier1,2,128,low,0.2,439,828232498
validation,257841043574753,5,tier1,2,128,low,0.2,440,239657387
validation,257841043574753,5,tier1,2,128,low,0.2,441,1787816162
validation,257841043574753,5,tier1,2,128,low,0.2,442,3560617663
validation,257841043574753,5,tier1,2,128,low,0.2,443,3514975598
validation,257841043574753,5,tier1,2,128,low,0.2,444,858026554
validation,257841043574753,5,tier1,2,128,low,0.2,445,1957543940
validation,257841043574753,5,tier1,2,128,low,0.2,446,998212109
validation,257841043574753,5,tier1,2,128,low,0.2,447,757233065
validation,257841043574753,5,tier1,2,128,low,0.2,448,3077402601
validation,257841043574753,5,tier1,2,128,low,0.2,449,1797666416
validation,257841043574753,5,tier1,2,128,low,0.2,450,858402214
validation,257841043574753,5,tier1,2,128,low,0.2,451,1176173259
validation,257841043574753,5,tier1,2,128,low,0.2,452,2389160407
validation,257841043574753,5,tier1,2,128,low,0.2,453,944352798
validation,257841043574753,5,tier1,2,128,low,0.2,454,3625725656
validation,257841043574753,5,tier1,2,128,low,0.2,455,1902016916
validation,257841043574753,5,tier1,2,128,low,0.2,456,1988843987
validation,257841043574753,5,tier1,2,128,low,0.2,457,2045445081
validation,257841043574753,5,tier1,2,128,low,0.2,458,574438625
validation,257841043574753,5,tier1,2,128,low,0.2,459,1622684959
validation,257841043574753,5,tier1,2,128,low,0.2,460,748132914
validation,257841043574753,5,tier1,2,128,low,0.2,461,1072927833
validation,257841043574753,5,tier1,2,128,low,0.2,462,2929279030
validation,257841043574753,5,tier1,2,128,low,0.2,463,158978615
validation,257841043574753,5,tier1,2,128,low,0.2,464,1480342915
validation,257841043574753,5,tier1,2,128,low,0.2,465,553434054
validation,257841043574753,5,tier1,2,128,low,0.2,466,110567937
validation,257841043574753,5,tier1,2,128,low,0.2,467,3921235049
validation,257841043574753,5,tier1,2,128,low,0.2,468,3851927317
validation,257841043574753,5,tier1,2,128,low,0.2,469,1031569017
validation,257841043574753,5,tier1,2,128,low,0.2,470,2540121532
validation,257841043574753,5,tier1,2,128,low,0.2,471,3244548598
validation,257841043574753,5,tier1,2,128,low,0.2,472,2810512551
validation,257841043574753,5,tier1,2,128,low,0.2,473,1742034454
validation,257841043574753,5,tier1,2,128,low,0.2,474,1678637061
validation,257841043574753,5,tier1,2,128,low,0.2,475,2869723071
validation,257841043574753,5,tier1,2,128,low,0.2,476,1036648337
validation,257841043574753,5,tier1,2,128,low,0.2,477,1131835278
validation,257841043574753,5,tier1,2,128,low,0.2,478,2107808646
validation,257841043574753,5,tier1,2,128,low,0.2,479,3112656962
validation,257841043574753,5,tier1,2,128,low,0.2,480,1197952516
validation,257841043574753,5,tier1,2,128,low,0.2,481,1469614231
validation,257841043574753,5,tier1,2,128,low,0.2,482,200456523
validation,257841043574753,5,tier1,2,128,low,0.2,483,3837641396
validation,257841043574753,5,tier1,2,128,low,0.2,484,1764252452
validation,257841043574753,5,tier1,2,128,low,0.2,485,3730379328
validation,257841043574753,5,tier1,2,128,low,0.2,486,3295672935
validation,257841043574753,5,tier1,2,128,low,0.2,487,3256539808
validation,257841043574753,5,tier1,2,128,low,0.2,488,1820492050
validation,257841043574753,5,tier1,2,128,low,0.2,489,2535951235
validation,257841043574753,5,tier1,2,128,low,0.2,490,2237918655
validation,257841043574753,5,tier1,2,128,low,0.2,491,952319014
validation,257841043574753,5,tier1,2,128,low,0.2,492,4170118385
validation,257841043574753,5,tier1,2,128,low,0.2,493,18497736
validation,257841043574753,5,tier1,2,128,low,0.2,494,3909658067
validation,257841043574753,5,tier1,2,128,low,0.2,495,1752883384
validation,257841043574753,5,tier1,2,128,low,0.2,496,2939782350
validation,257841043574753,5,tier1,2,128,low,0.2,497,4186532197
validation,257841043574753,5,tier1,2,128,low,0.2,498,1240990498
validation,257841043574753,5,tier1,2,128,low,0.2,499,3660771627
validation,257841043574753,6,tier1,2,128,medium,0.1,0,3482747999
validation,257841043574753,6,tier1,2,128,medium,0.1,1,841972010
validation,257841043574753,6,tier1,2,128,medium,0.1,2,2402303017
validation,257841043574753,6,tier1,2,128,medium,0.1,3,2864747898
validation,257841043574753,6,tier1,2,128,medium,0.1,4,1037121127
validation,257841043574753,6,tier1,2,128,medium,0.1,5,2941961402
validation,257841043574753,6,tier1,2,128,medium,0.1,6,3591245809
validation,257841043574753,6,tier1,2,128,medium,0.1,7,3030526195
validation,257841043574753,6,tier1,2,128,medium,0.1,8,3910157674
validation,257841043574753,6,tier1,2,128,medium,0.1,9,1025384445
validation,257841043574753,6,tier1,2,128,medium,0.1,10,1188721086
validation,257841043574753,6,tier1,2,128,medium,0.1,11,2552926774
validation,257841043574753,6,tier1,2,128,medium,0.1,12,1382381049
validation,257841043574753,6,tier1,2,128,medium,0.1,13,1858464641
validation,257841043574753,6,tier1,2,128,medium,0.1,14,3717970115
validation,257841043574753,6,tier1,2,128,medium,0.1,15,461746554
validation,257841043574753,6,tier1,2,128,medium,0.1,16,4136859117
validation,257841043574753,6,tier1,2,128,medium,0.1,17,2383519030
validation,257841043574753,6,tier1,2,128,medium,0.1,18,1384092981
validation,257841043574753,6,tier1,2,128,medium,0.1,19,2044393655
validation,257841043574753,6,tier1,2,128,medium,0.1,20,913214953
validation,257841043574753,6,tier1,2,128,medium,0.1,21,236659021
validation,257841043574753,6,tier1,2,128,medium,0.1,22,2482561495
validation,257841043574753,6,tier1,2,128,medium,0.1,23,641519994
validation,257841043574753,6,tier1,2,128,medium,0.1,24,2014073166
validation,257841043574753,6,tier1,2,128,medium,0.1,25,3293410857
validation,257841043574753,6,tier1,2,128,medium,0.1,26,223198902
validation,257841043574753,6,tier1,2,128,medium,0.1,27,882959617
validation,257841043574753,6,tier1,2,128,medium,0.1,28,2114786432
validation,257841043574753,6,tier1,2,128,medium,0.1,29,52694254
validation,257841043574753,6,tier1,2,128,medium,0.1,30,1115204643
validation,257841043574753,6,tier1,2,128,medium,0.1,31,2971346385
validation,257841043574753,6,tier1,2,128,medium,0.1,32,2661746799
validation,257841043574753,6,tier1,2,128,medium,0.1,33,334221361
validation,257841043574753,6,tier1,2,128,medium,0.1,34,2711536238
validation,257841043574753,6,tier1,2,128,medium,0.1,35,2319518653
validation,257841043574753,6,tier1,2,128,medium,0.1,36,2375603440
validation,257841043574753,6,tier1,2,128,medium,0.1,37,763190925
validation,257841043574753,6,tier1,2,128,medium,0.1,38,2114016594
validation,257841043574753,6,tier1,2,128,medium,0.1,39,2533632267
validation,257841043574753,6,tier1,2,128,medium,0.1,40,1095156899
validation,257841043574753,6,tier1,2,128,medium,0.1,41,1906574268
validation,257841043574753,6,tier1,2,128,medium,0.1,42,451417875
validation,257841043574753,6,tier1,2,128,medium,0.1,43,4294717456
validation,257841043574753,6,tier1,2,128,medium,0.1,44,2547300188
validation,257841043574753,6,tier1,2,128,medium,0.1,45,2976473209
validation,257841043574753,6,tier1,2,128,medium,0.1,46,115142335
validation,257841043574753,6,tier1,2,128,medium,0.1,47,2298457259
validation,257841043574753,6,tier1,2,128,medium,0.1,48,1846062795
validation,257841043574753,6,tier1,2,128,medium,0.1,49,3967157439
validation,257841043574753,6,tier1,2,128,medium,0.1,50,3200686198
validation,257841043574753,6,tier1,2,128,medium,0.1,51,984824268
validation,257841043574753,6,tier1,2,128,medium,0.1,52,1093057043
validation,257841043574753,6,tier1,2,128,medium,0.1,53,202905542
validation,257841043574753,6,tier1,2,128,medium,0.1,54,1707287531
validation,257841043574753,6,tier1,2,128,medium,0.1,55,2691128720
validation,257841043574753,6,tier1,2,128,medium,0.1,56,4160065325
validation,257841043574753,6,tier1,2,128,medium,0.1,57,2279988750
validation,257841043574753,6,tier1,2,128,medium,0.1,58,2836998758
validation,257841043574753,6,tier1,2,128,medium,0.1,59,3514456386
validation,257841043574753,6,tier1,2,128,medium,0.1,60,487273240
validation,257841043574753,6,tier1,2,128,medium,0.1,61,3862221645
validation,257841043574753,6,tier1,2,128,medium,0.1,62,2463655981
validation,257841043574753,6,tier1,2,128,medium,0.1,63,1900393845
validation,257841043574753,6,tier1,2,128,medium,0.1,64,4191412827
validation,257841043574753,6,tier1,2,128,medium,0.1,65,227281644
validation,257841043574753,6,tier1,2,128,medium,0.1,66,3952813202
validation,257841043574753,6,tier1,2,128,medium,0.1,67,882483919
validation,257841043574753,6,tier1,2,128,medium,0.1,68,4194335923
validation,257841043574753,6,tier1,2,128,medium,0.1,69,669062119
validation,257841043574753,6,tier1,2,128,medium,0.1,70,3794325560
validation,257841043574753,6,tier1,2,128,medium,0.1,71,769441287
validation,257841043574753,6,tier1,2,128,medium,0.1,72,1372041591
validation,257841043574753,6,tier1,2,128,medium,0.1,73,1582801187
validation,257841043574753,6,tier1,2,128,medium,0.1,74,1027151497
validation,257841043574753,6,tier1,2,128,medium,0.1,75,1974947867
validation,257841043574753,6,tier1,2,128,medium,0.1,76,4256174685
validation,257841043574753,6,tier1,2,128,medium,0.1,77,116169094
validation,257841043574753,6,tier1,2,128,medium,0.1,78,2962964022
validation,257841043574753,6,tier1,2,128,medium,0.1,79,3408506048
validation,257841043574753,6,tier1,2,128,medium,0.1,80,2429725620
validation,257841043574753,6,tier1,2,128,medium,0.1,81,36362153
validation,257841043574753,6,tier1,2,128,medium,0.1,82,2606383776
validation,257841043574753,6,tier1,2,128,medium,0.1,83,2071816938
validation,257841043574753,6,tier1,2,128,medium,0.1,84,1042243499
validation,257841043574753,6,tier1,2,128,medium,0.1,85,2219413775
validation,257841043574753,6,tier1,2,128,medium,0.1,86,522422097
validation,257841043574753,6,tier1,2,128,medium,0.1,87,1109743731
validation,257841043574753,6,tier1,2,128,medium,0.1,88,561516027
validation,257841043574753,6,tier1,2,128,medium,0.1,89,1666180379
validation,257841043574753,6,tier1,2,128,medium,0.1,90,3797063397
validation,257841043574753,6,tier1,2,128,medium,0.1,91,3755456182
validation,257841043574753,6,tier1,2,128,medium,0.1,92,1297631050
validation,257841043574753,6,tier1,2,128,medium,0.1,93,2275630034
validation,257841043574753,6,tier1,2,128,medium,0.1,94,330945278
validation,257841043574753,6,tier1,2,128,medium,0.1,95,2556946187
validation,257841043574753,6,tier1,2,128,medium,0.1,96,3099523829
validation,257841043574753,6,tier1,2,128,medium,0.1,97,1251458581
validation,257841043574753,6,tier1,2,128,medium,0.1,98,3565430650
validation,257841043574753,6,tier1,2,128,medium,0.1,99,2269488733
validation,257841043574753,6,tier1,2,128,medium,0.1,100,1811717834
validation,257841043574753,6,tier1,2,128,medium,0.1,101,3530279989
validation,257841043574753,6,tier1,2,128,medium,0.1,102,193964600
validation,257841043574753,6,tier1,2,128,medium,0.1,103,4279878419
validation,257841043574753,6,tier1,2,128,medium,0.1,104,3642076000
validation,257841043574753,6,tier1,2,128,medium,0.1,105,3499433001
validation,257841043574753,6,tier1,2,128,medium,0.1,106,3267501295
validation,257841043574753,6,tier1,2,128,medium,0.1,107,686660335
validation,257841043574753,6,tier1,2,128,medium,0.1,108,1362274864
validation,257841043574753,6,tier1,2,128,medium,0.1,109,156353174
validation,257841043574753,6,tier1,2,128,medium,0.1,110,158471287
validation,257841043574753,6,tier1,2,128,medium,0.1,111,1715608428
validation,257841043574753,6,tier1,2,128,medium,0.1,112,1503838196
validation,257841043574753,6,tier1,2,128,medium,0.1,113,2509810372
validation,257841043574753,6,tier1,2,128,medium,0.1,114,1580922066
validation,257841043574753,6,tier1,2,128,medium,0.1,115,3711076327
validation,257841043574753,6,tier1,2,128,medium,0.1,116,3070585596
validation,257841043574753,6,tier1,2,128,medium,0.1,117,2289213369
validation,257841043574753,6,tier1,2,128,medium,0.1,118,805381991
validation,257841043574753,6,tier1,2,128,medium,0.1,119,4016981582
validation,257841043574753,6,tier1,2,128,medium,0.1,120,4072621263
validation,257841043574753,6,tier1,2,128,medium,0.1,121,2748399850
validation,257841043574753,6,tier1,2,128,medium,0.1,122,3361847194
validation,257841043574753,6,tier1,2,128,medium,0.1,123,605263340
validation,257841043574753,6,tier1,2,128,medium,0.1,124,1468159072
validation,257841043574753,6,tier1,2,128,medium,0.1,125,2551032917
validation,257841043574753,6,tier1,2,128,medium,0.1,126,1128941629
validation,257841043574753,6,tier1,2,128,medium,0.1,127,4218459493
validation,257841043574753,6,tier1,2,128,medium,0.1,128,3301718897
validation,257841043574753,6,tier1,2,128,medium,0.1,129,1277822507
validation,257841043574753,6,tier1,2,128,medium,0.1,130,1328061493
validation,257841043574753,6,tier1,2,128,medium,0.1,131,875393678
validation,257841043574753,6,tier1,2,128,medium,0.1,132,1356337224
validation,257841043574753,6,tier1,2,128,medium,0.1,133,160558724
validation,257841043574753,6,tier1,2,128,medium,0.1,134,2088929913
validation,257841043574753,6,tier1,2,128,medium,0.1,135,643852719
validation,257841043574753,6,tier1,2,128,medium,0.1,136,223994173
validation,257841043574753,6,tier1,2,128,medium,0.1,137,2186841145
validation,257841043574753,6,tier1,2,128,medium,0.1,138,4080725853
validation,257841043574753,6,tier1,2,128,medium,0.1,139,617069307
validation,257841043574753,6,tier1,2,128,medium,0.1,140,1711833385
validation,257841043574753,6,tier1,2,128,medium,0.1,141,233488435
validation,257841043574753,6,tier1,2,128,medium,0.1,142,2508694635
validation,257841043574753,6,tier1,2,128,medium,0.1,143,3250373653
validation,257841043574753,6,tier1,2,128,medium,0.1,144,440360962
validation,257841043574753,6,tier1,2,128,medium,0.1,145,74835921
validation,257841043574753,6,tier1,2,128,medium,0.1,146,694930683
validation,257841043574753,6,tier1,2,128,medium,0.1,147,3561902191
validation,257841043574753,6,tier1,2,128,medium,0.1,148,2760318484
validation,257841043574753,6,tier1,2,128,medium,0.1,149,2600810053
validation,257841043574753,6,tier1,2,128,medium,0.1,150,1269659320
validation,257841043574753,6,tier1,2,128,medium,0.1,151,3078333525
validation,257841043574753,6,tier1,2,128,medium,0.1,152,3142180538
validation,257841043574753,6,tier1,2,128,medium,0.1,153,3381400587
validation,257841043574753,6,tier1,2,128,medium,0.1,154,850817115
validation,257841043574753,6,tier1,2,128,medium,0.1,155,845718996
validation,257841043574753,6,tier1,2,128,medium,0.1,156,3693683672
validation,257841043574753,6,tier1,2,128,medium,0.1,157,2123689296
validation,257841043574753,6,tier1,2,128,medium,0.1,158,1326742827
validation,257841043574753,6,tier1,2,128,medium,0.1,159,3721847498
validation,257841043574753,6,tier1,2,128,medium,0.1,160,2536932013
validation,257841043574753,6,tier1,2,128,medium,0.1,161,4205357522
validation,257841043574753,6,tier1,2,128,medium,0.1,162,3640543166
validation,257841043574753,6,tier1,2,128,medium,0.1,163,2877484275
validation,257841043574753,6,tier1,2,128,medium,0.1,164,401005632
validation,257841043574753,6,tier1,2,128,medium,0.1,165,4017085351
validation,257841043574753,6,tier1,2,128,medium,0.1,166,4283239425
validation,257841043574753,6,tier1,2,128,medium,0.1,167,2005171873
validation,257841043574753,6,tier1,2,128,medium,0.1,168,1932560753
validation,257841043574753,6,tier1,2,128,medium,0.1,169,1633833218
validation,257841043574753,6,tier1,2,128,medium,0.1,170,3093526014
validation,257841043574753,6,tier1,2,128,medium,0.1,171,2547879261
validation,257841043574753,6,tier1,2,128,medium,0.1,172,2360328993
validation,257841043574753,6,tier1,2,128,medium,0.1,173,2860640380
validation,257841043574753,6,tier1,2,128,medium,0.1,174,3870843935
validation,257841043574753,6,tier1,2,128,medium,0.1,175,2832171332
validation,257841043574753,6,tier1,2,128,medium,0.1,176,280650240
validation,257841043574753,6,tier1,2,128,medium,0.1,177,284942413
validation,257841043574753,6,tier1,2,128,medium,0.1,178,497786488
validation,257841043574753,6,tier1,2,128,medium,0.1,179,3666436728
validation,257841043574753,6,tier1,2,128,medium,0.1,180,3740723634
validation,257841043574753,6,tier1,2,128,medium,0.1,181,2098399399
validation,257841043574753,6,tier1,2,128,medium,0.1,182,1998430771
validation,257841043574753,6,tier1,2,128,medium,0.1,183,1877004312
validation,257841043574753,6,tier1,2,128,medium,0.1,184,646770660
validation,257841043574753,6,tier1,2,128,medium,0.1,185,1917051245
validation,257841043574753,6,tier1,2,128,medium,0.1,186,287289320
validation,257841043574753,6,tier1,2,128,medium,0.1,187,3118074668
validation,257841043574753,6,tier1,2,128,medium,0.1,188,1573003
validation,257841043574753,6,tier1,2,128,medium,0.1,189,2391300802
validation,257841043574753,6,tier1,2,128,medium,0.1,190,350352375
validation,257841043574753,6,tier1,2,128,medium,0.1,191,1422628754
validation,257841043574753,6,tier1,2,128,medium,0.1,192,3353610332
validation,257841043574753,6,tier1,2,128,medium,0.1,193,764235689
validation,257841043574753,6,tier1,2,128,medium,0.1,194,3773338711
validation,257841043574753,6,tier1,2,128,medium,0.1,195,100294327
validation,257841043574753,6,tier1,2,128,medium,0.1,196,1366655823
validation,257841043574753,6,tier1,2,128,medium,0.1,197,1069899909
validation,257841043574753,6,tier1,2,128,medium,0.1,198,2385035311
validation,257841043574753,6,tier1,2,128,medium,0.1,199,1095655149
validation,257841043574753,6,tier1,2,128,medium,0.1,200,2493965318
validation,257841043574753,6,tier1,2,128,medium,0.1,201,3994362226
validation,257841043574753,6,tier1,2,128,medium,0.1,202,727502597
validation,257841043574753,6,tier1,2,128,medium,0.1,203,3890096398
validation,257841043574753,6,tier1,2,128,medium,0.1,204,3555053386
validation,257841043574753,6,tier1,2,128,medium,0.1,205,750243082
validation,257841043574753,6,tier1,2,128,medium,0.1,206,1256283972
validation,257841043574753,6,tier1,2,128,medium,0.1,207,2586406655
validation,257841043574753,6,tier1,2,128,medium,0.1,208,1630551815
validation,257841043574753,6,tier1,2,128,medium,0.1,209,3667458839
validation,257841043574753,6,tier1,2,128,medium,0.1,210,4069187900
validation,257841043574753,6,tier1,2,128,medium,0.1,211,291211836
validation,257841043574753,6,tier1,2,128,medium,0.1,212,286708781
validation,257841043574753,6,tier1,2,128,medium,0.1,213,1233102888
validation,257841043574753,6,tier1,2,128,medium,0.1,214,2977956903
validation,257841043574753,6,tier1,2,128,medium,0.1,215,3977003987
validation,257841043574753,6,tier1,2,128,medium,0.1,216,1661874738
validation,257841043574753,6,tier1,2,128,medium,0.1,217,4027507627
validation,257841043574753,6,tier1,2,128,medium,0.1,218,777833419
validation,257841043574753,6,tier1,2,128,medium,0.1,219,274005720
validation,257841043574753,6,tier1,2,128,medium,0.1,220,1497232551
validation,257841043574753,6,tier1,2,128,medium,0.1,221,4077941746
validation,257841043574753,6,tier1,2,128,medium,0.1,222,1122870097
validation,257841043574753,6,tier1,2,128,medium,0.1,223,871478779
validation,257841043574753,6,tier1,2,128,medium,0.1,224,1820038280
validation,257841043574753,6,tier1,2,128,medium,0.1,225,2577632751
validation,257841043574753,6,tier1,2,128,medium,0.1,226,805547186
validation,257841043574753,6,tier1,2,128,medium,0.1,227,1215881458
validation,257841043574753,6,tier1,2,128,medium,0.1,228,1106607667
validation,257841043574753,6,tier1,2,128,medium,0.1,229,3787976904
validation,257841043574753,6,tier1,2,128,medium,0.1,230,3826257252
validation,257841043574753,6,tier1,2,128,medium,0.1,231,1003898610
validation,257841043574753,6,tier1,2,128,medium,0.1,232,1419110471
validation,257841043574753,6,tier1,2,128,medium,0.1,233,2613873810
validation,257841043574753,6,tier1,2,128,medium,0.1,234,996947547
validation,257841043574753,6,tier1,2,128,medium,0.1,235,119912761
validation,257841043574753,6,tier1,2,128,medium,0.1,236,4053159590
validation,257841043574753,6,tier1,2,128,medium,0.1,237,2175641078
validation,257841043574753,6,tier1,2,128,medium,0.1,238,2255884926
validation,257841043574753,6,tier1,2,128,medium,0.1,239,2786282738
validation,257841043574753,6,tier1,2,128,medium,0.1,240,2556121637
validation,257841043574753,6,tier1,2,128,medium,0.1,241,80379471
validation,257841043574753,6,tier1,2,128,medium,0.1,242,2834381982
validation,257841043574753,6,tier1,2,128,medium,0.1,243,1941391594
validation,257841043574753,6,tier1,2,128,medium,0.1,244,1156865071
validation,257841043574753,6,tier1,2,128,medium,0.1,245,3692855614
validation,257841043574753,6,tier1,2,128,medium,0.1,246,1910595099
validation,257841043574753,6,tier1,2,128,medium,0.1,247,2895566838
validation,257841043574753,6,tier1,2,128,medium,0.1,248,2473951595
validation,257841043574753,6,tier1,2,128,medium,0.1,249,455103333
validation,257841043574753,6,tier1,2,128,medium,0.1,250,1157952600
validation,257841043574753,6,tier1,2,128,medium,0.1,251,1363103299
validation,257841043574753,6,tier1,2,128,medium,0.1,252,3040091072
validation,257841043574753,6,tier1,2,128,medium,0.1,253,2920535545
validation,257841043574753,6,tier1,2,128,medium,0.1,254,1170190209
validation,257841043574753,6,tier1,2,128,medium,0.1,255,3508967673
validation,257841043574753,6,tier1,2,128,medium,0.1,256,112147675
validation,257841043574753,6,tier1,2,128,medium,0.1,257,3149654268
validation,257841043574753,6,tier1,2,128,medium,0.1,258,4133099023
validation,257841043574753,6,tier1,2,128,medium,0.1,259,3926000240
validation,257841043574753,6,tier1,2,128,medium,0.1,260,181235427
validation,257841043574753,6,tier1,2,128,medium,0.1,261,3431300404
validation,257841043574753,6,tier1,2,128,medium,0.1,262,830895133
validation,257841043574753,6,tier1,2,128,medium,0.1,263,1007165623
validation,257841043574753,6,tier1,2,128,medium,0.1,264,1010938587
validation,257841043574753,6,tier1,2,128,medium,0.1,265,3669226201
validation,257841043574753,6,tier1,2,128,medium,0.1,266,2245536520
validation,257841043574753,6,tier1,2,128,medium,0.1,267,2968666528
validation,257841043574753,6,tier1,2,128,medium,0.1,268,346054810
validation,257841043574753,6,tier1,2,128,medium,0.1,269,1464489269
validation,257841043574753,6,tier1,2,128,medium,0.1,270,2914025028
validation,257841043574753,6,tier1,2,128,medium,0.1,271,967239428
validation,257841043574753,6,tier1,2,128,medium,0.1,272,3785621417
validation,257841043574753,6,tier1,2,128,medium,0.1,273,4066614905
validation,257841043574753,6,tier1,2,128,medium,0.1,274,3412497157
validation,257841043574753,6,tier1,2,128,medium,0.1,275,3596065949
validation,257841043574753,6,tier1,2,128,medium,0.1,276,670977904
validation,257841043574753,6,tier1,2,128,medium,0.1,277,3092340645
validation,257841043574753,6,tier1,2,128,medium,0.1,278,1752359453
validation,257841043574753,6,tier1,2,128,medium,0.1,279,3742995782
validation,257841043574753,6,tier1,2,128,medium,0.1,280,3238651025
validation,257841043574753,6,tier1,2,128,medium,0.1,281,2882204152
validation,257841043574753,6,tier1,2,128,medium,0.1,282,4173446607
validation,257841043574753,6,tier1,2,128,medium,0.1,283,2610075590
validation,257841043574753,6,tier1,2,128,medium,0.1,284,1504827985
validation,257841043574753,6,tier1,2,128,medium,0.1,285,556599505
validation,257841043574753,6,tier1,2,128,medium,0.1,286,3794234207
validation,257841043574753,6,tier1,2,128,medium,0.1,287,3173910581
validation,257841043574753,6,tier1,2,128,medium,0.1,288,3965338089
validation,257841043574753,6,tier1,2,128,medium,0.1,289,3109260981
validation,257841043574753,6,tier1,2,128,medium,0.1,290,2117719880
validation,257841043574753,6,tier1,2,128,medium,0.1,291,3393792968
validation,257841043574753,6,tier1,2,128,medium,0.1,292,3117311274
validation,257841043574753,6,tier1,2,128,medium,0.1,293,1498355216
validation,257841043574753,6,tier1,2,128,medium,0.1,294,980882345
validation,257841043574753,6,tier1,2,128,medium,0.1,295,4182092575
validation,257841043574753,6,tier1,2,128,medium,0.1,296,3380325405
validation,257841043574753,6,tier1,2,128,medium,0.1,297,3797117582
validation,257841043574753,6,tier1,2,128,medium,0.1,298,2289262080
validation,257841043574753,6,tier1,2,128,medium,0.1,299,1733661590
validation,257841043574753,6,tier1,2,128,medium,0.1,300,1186846927
validation,257841043574753,6,tier1,2,128,medium,0.1,301,3824266170
validation,257841043574753,6,tier1,2,128,medium,0.1,302,4172090227
validation,257841043574753,6,tier1,2,128,medium,0.1,303,2206983349
validation,257841043574753,6,tier1,2,128,medium,0.1,304,1071246408
validation,257841043574753,6,tier1,2,128,medium,0.1,305,3597754627
validation,257841043574753,6,tier1,2,128,medium,0.1,306,1662635633
validation,257841043574753,6,tier1,2,128,medium,0.1,307,1047824537
validation,257841043574753,6,tier1,2,128,medium,0.1,308,3015191654
validation,257841043574753,6,tier1,2,128,medium,0.1,309,1266488274
validation,257841043574753,6,tier1,2,128,medium,0.1,310,3472721302
validation,257841043574753,6,tier1,2,128,medium,0.1,311,1482970348
validation,257841043574753,6,tier1,2,128,medium,0.1,312,2652282315
validation,257841043574753,6,tier1,2,128,medium,0.1,313,3152886743
validation,257841043574753,6,tier1,2,128,medium,0.1,314,1650534455
validation,257841043574753,6,tier1,2,128,medium,0.1,315,2192285453
validation,257841043574753,6,tier1,2,128,medium,0.1,316,2117727454
validation,257841043574753,6,tier1,2,128,medium,0.1,317,307644845
validation,257841043574753,6,tier1,2,128,medium,0.1,318,3728221654
validation,257841043574753,6,tier1,2,128,medium,0.1,319,1673923102
validation,257841043574753,6,tier1,2,128,medium,0.1,320,2194842627
validation,257841043574753,6,tier1,2,128,medium,0.1,321,857803278
validation,257841043574753,6,tier1,2,128,medium,0.1,322,4040964964
validation,257841043574753,6,tier1,2,128,medium,0.1,323,2026529586
validation,257841043574753,6,tier1,2,128,medium,0.1,324,2393642593
validation,257841043574753,6,tier1,2,128,medium,0.1,325,3317492969
validation,257841043574753,6,tier1,2,128,medium,0.1,326,15264376
validation,257841043574753,6,tier1,2,128,medium,0.1,327,3455180427
validation,257841043574753,6,tier1,2,128,medium,0.1,328,3059498958
validation,257841043574753,6,tier1,2,128,medium,0.1,329,3033449073
validation,257841043574753,6,tier1,2,128,medium,0.1,330,2486118071
validation,257841043574753,6,tier1,2,128,medium,0.1,331,1670786250
validation,257841043574753,6,tier1,2,128,medium,0.1,332,1496747542
validation,257841043574753,6,tier1,2,128,medium,0.1,333,3264178083
validation,257841043574753,6,tier1,2,128,medium,0.1,334,2360618604
validation,257841043574753,6,tier1,2,128,medium,0.1,335,1133664353
validation,257841043574753,6,tier1,2,128,medium,0.1,336,2074790984
validation,257841043574753,6,tier1,2,128,medium,0.1,337,1521352728
validation,257841043574753,6,tier1,2,128,medium,0.1,338,2421691328
validation,257841043574753,6,tier1,2,128,medium,0.1,339,4246644578
validation,257841043574753,6,tier1,2,128,medium,0.1,340,2757330563
validation,257841043574753,6,tier1,2,128,medium,0.1,341,2038285725
validation,257841043574753,6,tier1,2,128,medium,0.1,342,3154823113
validation,257841043574753,6,tier1,2,128,medium,0.1,343,1151307742
validation,257841043574753,6,tier1,2,128,medium,0.1,344,1995106958
validation,257841043574753,6,tier1,2,128,medium,0.1,345,3944015968
validation,257841043574753,6,tier1,2,128,medium,0.1,346,1529986681
validation,257841043574753,6,tier1,2,128,medium,0.1,347,835679120
validation,257841043574753,6,tier1,2,128,medium,0.1,348,2145154628
validation,257841043574753,6,tier1,2,128,medium,0.1,349,321303438
validation,257841043574753,6,tier1,2,128,medium,0.1,350,1967547490
validation,257841043574753,6,tier1,2,128,medium,0.1,351,3957663651
validation,257841043574753,6,tier1,2,128,medium,0.1,352,3189618516
validation,257841043574753,6,tier1,2,128,medium,0.1,353,4130261985
validation,257841043574753,6,tier1,2,128,medium,0.1,354,1553121994
validation,257841043574753,6,tier1,2,128,medium,0.1,355,1472981322
validation,257841043574753,6,tier1,2,128,medium,0.1,356,4003454605
validation,257841043574753,6,tier1,2,128,medium,0.1,357,1236591961
validation,257841043574753,6,tier1,2,128,medium,0.1,358,1446268649
validation,257841043574753,6,tier1,2,128,medium,0.1,359,3469936470
validation,257841043574753,6,tier1,2,128,medium,0.1,360,4185475261
validation,257841043574753,6,tier1,2,128,medium,0.1,361,3957380916
validation,257841043574753,6,tier1,2,128,medium,0.1,362,461623783
validation,257841043574753,6,tier1,2,128,medium,0.1,363,3045491394
validation,257841043574753,6,tier1,2,128,medium,0.1,364,3743173997
validation,257841043574753,6,tier1,2,128,medium,0.1,365,1219883408
validation,257841043574753,6,tier1,2,128,medium,0.1,366,4134050629
validation,257841043574753,6,tier1,2,128,medium,0.1,367,933511424
validation,257841043574753,6,tier1,2,128,medium,0.1,368,2494707606
validation,257841043574753,6,tier1,2,128,medium,0.1,369,2813857974
validation,257841043574753,6,tier1,2,128,medium,0.1,370,1844296716
validation,257841043574753,6,tier1,2,128,medium,0.1,371,1644765909
validation,257841043574753,6,tier1,2,128,medium,0.1,372,2077370254
validation,257841043574753,6,tier1,2,128,medium,0.1,373,1750939814
validation,257841043574753,6,tier1,2,128,medium,0.1,374,3441063907
validation,257841043574753,6,tier1,2,128,medium,0.1,375,332155015
validation,257841043574753,6,tier1,2,128,medium,0.1,376,1102692780
validation,257841043574753,6,tier1,2,128,medium,0.1,377,3236378240
validation,257841043574753,6,tier1,2,128,medium,0.1,378,2356037557
validation,257841043574753,6,tier1,2,128,medium,0.1,379,3411155605
validation,257841043574753,6,tier1,2,128,medium,0.1,380,3777582662
validation,257841043574753,6,tier1,2,128,medium,0.1,381,371382526
validation,257841043574753,6,tier1,2,128,medium,0.1,382,2110273305
validation,257841043574753,6,tier1,2,128,medium,0.1,383,171661134
validation,257841043574753,6,tier1,2,128,medium,0.1,384,2551935023
validation,257841043574753,6,tier1,2,128,medium,0.1,385,1681421671
validation,257841043574753,6,tier1,2,128,medium,0.1,386,2779967350
validation,257841043574753,6,tier1,2,128,medium,0.1,387,2981730196
validation,257841043574753,6,tier1,2,128,medium,0.1,388,4223496994
validation,257841043574753,6,tier1,2,128,medium,0.1,389,4217500788
validation,257841043574753,6,tier1,2,128,medium,0.1,390,3229803139
validation,257841043574753,6,tier1,2,128,medium,0.1,391,99329546
validation,257841043574753,6,tier1,2,128,medium,0.1,392,666202860
validation,257841043574753,6,tier1,2,128,medium,0.1,393,2453865337
validation,257841043574753,6,tier1,2,128,medium,0.1,394,2437790252
validation,257841043574753,6,tier1,2,128,medium,0.1,395,4089155395
validation,257841043574753,6,tier1,2,128,medium,0.1,396,1781158798
validation,257841043574753,6,tier1,2,128,medium,0.1,397,2179644575
validation,257841043574753,6,tier1,2,128,medium,0.1,398,4277214839
validation,257841043574753,6,tier1,2,128,medium,0.1,399,114908166
validation,257841043574753,6,tier1,2,128,medium,0.1,400,3574080189
validation,257841043574753,6,tier1,2,128,medium,0.1,401,2213628324
validation,257841043574753,6,tier1,2,128,medium,0.1,402,2585741496
validation,257841043574753,6,tier1,2,128,medium,0.1,403,677028343
validation,257841043574753,6,tier1,2,128,medium,0.1,404,771950151
validation,257841043574753,6,tier1,2,128,medium,0.1,405,25051724
validation,257841043574753,6,tier1,2,128,medium,0.1,406,1321692150
validation,257841043574753,6,tier1,2,128,medium,0.1,407,4054968412
validation,257841043574753,6,tier1,2,128,medium,0.1,408,2875520332
validation,257841043574753,6,tier1,2,128,medium,0.1,409,344888288
validation,257841043574753,6,tier1,2,128,medium,0.1,410,548839512
validation,257841043574753,6,tier1,2,128,medium,0.1,411,2368627819
validation,257841043574753,6,tier1,2,128,medium,0.1,412,1611428600
validation,257841043574753,6,tier1,2,128,medium,0.1,413,1084783314
validation,257841043574753,6,tier1,2,128,medium,0.1,414,452310695
validation,257841043574753,6,tier1,2,128,medium,0.1,415,432029649
validation,257841043574753,6,tier1,2,128,medium,0.1,416,3406130019
validation,257841043574753,6,tier1,2,128,medium,0.1,417,3371433695
validation,257841043574753,6,tier1,2,128,medium,0.1,418,1579562479
validation,257841043574753,6,tier1,2,128,medium,0.1,419,810223066
validation,257841043574753,6,tier1,2,128,medium,0.1,420,1354331613
validation,257841043574753,6,tier1,2,128,medium,0.1,421,2506313480
validation,257841043574753,6,tier1,2,128,medium,0.1,422,620944283
validation,257841043574753,6,tier1,2,128,medium,0.1,423,3993552441
validation,257841043574753,6,tier1,2,128,medium,0.1,424,2946654270
validation,257841043574753,6,tier1,2,128,medium,0.1,425,3613150609
validation,257841043574753,6,tier1,2,128,medium,0.1,426,3312728610
validation,257841043574753,6,tier1,2,128,medium,0.1,427,706052362
validation,257841043574753,6,tier1,2,128,medium,0.1,428,114762916
validation,257841043574753,6,tier1,2,128,medium,0.1,429,3732420767
validation,257841043574753,6,tier1,2,128,medium,0.1,430,2882493782
validation,257841043574753,6,tier1,2,128,medium,0.1,431,3757813387
validation,257841043574753,6,tier1,2,128,medium,0.1,432,503630811
validation,257841043574753,6,tier1,2,128,medium,0.1,433,4269735383
validation,257841043574753,6,tier1,2,128,medium,0.1,434,4248171316
validation,257841043574753,6,tier1,2,128,medium,0.1,435,57070122
validation,257841043574753,6,tier1,2,128,medium,0.1,436,2687522279
validation,257841043574753,6,tier1,2,128,medium,0.1,437,2835037906
validation,257841043574753,6,tier1,2,128,medium,0.1,438,68319777
validation,257841043574753,6,tier1,2,128,medium,0.1,439,2722288790
validation,257841043574753,6,tier1,2,128,medium,0.1,440,4273960531
validation,257841043574753,6,tier1,2,128,medium,0.1,441,549436069
validation,257841043574753,6,tier1,2,128,medium,0.1,442,1126606096
validation,257841043574753,6,tier1,2,128,medium,0.1,443,3793885484
validation,257841043574753,6,tier1,2,128,medium,0.1,444,253011309
validation,257841043574753,6,tier1,2,128,medium,0.1,445,3541872531
validation,257841043574753,6,tier1,2,128,medium,0.1,446,3721307454
validation,257841043574753,6,tier1,2,128,medium,0.1,447,2986875886
validation,257841043574753,6,tier1,2,128,medium,0.1,448,4133686734
validation,257841043574753,6,tier1,2,128,medium,0.1,449,720514653
validation,257841043574753,6,tier1,2,128,medium,0.1,450,2605411141
validation,257841043574753,6,tier1,2,128,medium,0.1,451,3403586207
validation,257841043574753,6,tier1,2,128,medium,0.1,452,1349572834
validation,257841043574753,6,tier1,2,128,medium,0.1,453,506901408
validation,257841043574753,6,tier1,2,128,medium,0.1,454,1767173099
validation,257841043574753,6,tier1,2,128,medium,0.1,455,491314676
validation,257841043574753,6,tier1,2,128,medium,0.1,456,2780349277
validation,257841043574753,6,tier1,2,128,medium,0.1,457,180594802
validation,257841043574753,6,tier1,2,128,medium,0.1,458,1920513551
validation,257841043574753,6,tier1,2,128,medium,0.1,459,2877791949
validation,257841043574753,6,tier1,2,128,medium,0.1,460,991446086
validation,257841043574753,6,tier1,2,128,medium,0.1,461,2350293799
validation,257841043574753,6,tier1,2,128,medium,0.1,462,247075642
validation,257841043574753,6,tier1,2,128,medium,0.1,463,3513311014
validation,257841043574753,6,tier1,2,128,medium,0.1,464,2320805457
validation,257841043574753,6,tier1,2,128,medium,0.1,465,3083719933
validation,257841043574753,6,tier1,2,128,medium,0.1,466,3943367574
validation,257841043574753,6,tier1,2,128,medium,0.1,467,3108496844
validation,257841043574753,6,tier1,2,128,medium,0.1,468,1924247117
validation,257841043574753,6,tier1,2,128,medium,0.1,469,3997790670
validation,257841043574753,6,tier1,2,128,medium,0.1,470,1687652760
validation,257841043574753,6,tier1,2,128,medium,0.1,471,1920880198
validation,257841043574753,6,tier1,2,128,medium,0.1,472,2211311341
validation,257841043574753,6,tier1,2,128,medium,0.1,473,3086901127
validation,257841043574753,6,tier1,2,128,medium,0.1,474,1801534632
validation,257841043574753,6,tier1,2,128,medium,0.1,475,2722689281
validation,257841043574753,6,tier1,2,128,medium,0.1,476,918556321
validation,257841043574753,6,tier1,2,128,medium,0.1,477,2111077185
validation,257841043574753,6,tier1,2,128,medium,0.1,478,3419871972
validation,257841043574753,6,tier1,2,128,medium,0.1,479,3999085342
validation,257841043574753,6,tier1,2,128,medium,0.1,480,276569345
validation,257841043574753,6,tier1,2,128,medium,0.1,481,1255893209
validation,257841043574753,6,tier1,2,128,medium,0.1,482,4213090699
validation,257841043574753,6,tier1,2,128,medium,0.1,483,2947387118
validation,257841043574753,6,tier1,2,128,medium,0.1,484,2805004511
validation,257841043574753,6,tier1,2,128,medium,0.1,485,1299053829
validation,257841043574753,6,tier1,2,128,medium,0.1,486,619956261
validation,257841043574753,6,tier1,2,128,medium,0.1,487,152893938
validation,257841043574753,6,tier1,2,128,medium,0.1,488,3834332208
validation,257841043574753,6,tier1,2,128,medium,0.1,489,69012265
validation,257841043574753,6,tier1,2,128,medium,0.1,490,2379011669
validation,257841043574753,6,tier1,2,128,medium,0.1,491,2844613793
validation,257841043574753,6,tier1,2,128,medium,0.1,492,3668156835
validation,257841043574753,6,tier1,2,128,medium,0.1,493,1072087498
validation,257841043574753,6,tier1,2,128,medium,0.1,494,1209027934
validation,257841043574753,6,tier1,2,128,medium,0.1,495,2450730597
validation,257841043574753,6,tier1,2,128,medium,0.1,496,504662470
validation,257841043574753,6,tier1,2,128,medium,0.1,497,203888578
validation,257841043574753,6,tier1,2,128,medium,0.1,498,1132059337
validation,257841043574753,6,tier1,2,128,medium,0.1,499,2973180743
validation,257841043574753,7,tier1,2,128,medium,0.15,0,4026491618
validation,257841043574753,7,tier1,2,128,medium,0.15,1,3518764714
validation,257841043574753,7,tier1,2,128,medium,0.15,2,4265517640
validation,257841043574753,7,tier1,2,128,medium,0.15,3,1832022870
validation,257841043574753,7,tier1,2,128,medium,0.15,4,4003240031
validation,257841043574753,7,tier1,2,128,medium,0.15,5,2147147549
validation,257841043574753,7,tier1,2,128,medium,0.15,6,2516947699
validation,257841043574753,7,tier1,2,128,medium,0.15,7,1513092493
validation,257841043574753,7,tier1,2,128,medium,0.15,8,3135003101
validation,257841043574753,7,tier1,2,128,medium,0.15,9,2421079838
validation,257841043574753,7,tier1,2,128,medium,0.15,10,4004149925
validation,257841043574753,7,tier1,2,128,medium,0.15,11,3122587871
validation,257841043574753,7,tier1,2,128,medium,0.15,12,2839316233
validation,257841043574753,7,tier1,2,128,medium,0.15,13,3299408691
validation,257841043574753,7,tier1,2,128,medium,0.15,14,1398469225
validation,257841043574753,7,tier1,2,128,medium,0.15,15,3541140103
validation,257841043574753,7,tier1,2,128,medium,0.15,16,2054073378
validation,257841043574753,7,tier1,2,128,medium,0.15,17,3522819056
validation,257841043574753,7,tier1,2,128,medium,0.15,18,2766367189
validation,257841043574753,7,tier1,2,128,medium,0.15,19,3139196021
validation,257841043574753,7,tier1,2,128,medium,0.15,20,3194635280
validation,257841043574753,7,tier1,2,128,medium,0.15,21,1176523761
validation,257841043574753,7,tier1,2,128,medium,0.15,22,1044790281
validation,257841043574753,7,tier1,2,128,medium,0.15,23,2517803596
validation,257841043574753,7,tier1,2,128,medium,0.15,24,2375149836
validation,257841043574753,7,tier1,2,128,medium,0.15,25,3675648455
validation,257841043574753,7,tier1,2,128,medium,0.15,26,4019225626
validation,257841043574753,7,tier1,2,128,medium,0.15,27,66387658
validation,257841043574753,7,tier1,2,128,medium,0.15,28,567811608
validation,257841043574753,7,tier1,2,128,medium,0.15,29,1459981972
validation,257841043574753,7,tier1,2,128,medium,0.15,30,3987898005
validation,257841043574753,7,tier1,2,128,medium,0.15,31,598871957
validation,257841043574753,7,tier1,2,128,medium,0.15,32,3596272630
validation,257841043574753,7,tier1,2,128,medium,0.15,33,2502642182
validation,257841043574753,7,tier1,2,128,medium,0.15,34,1201726469
validation,257841043574753,7,tier1,2,128,medium,0.15,35,2166994925
validation,257841043574753,7,tier1,2,128,medium,0.15,36,601165054
validation,257841043574753,7,tier1,2,128,medium,0.15,37,815610262
validation,257841043574753,7,tier1,2,128,medium,0.15,38,2085533400
validation,257841043574753,7,tier1,2,128,medium,0.15,39,3095812608
validation,257841043574753,7,tier1,2,128,medium,0.15,40,4290451155
validation,257841043574753,7,tier1,2,128,medium,0.15,41,444790668
validation,257841043574753,7,tier1,2,128,medium,0.15,42,3479122946
validation,257841043574753,7,tier1,2,128,medium,0.15,43,2731347874
validation,257841043574753,7,tier1,2,128,medium,0.15,44,1037716832
validation,257841043574753,7,tier1,2,128,medium,0.15,45,3615048518
validation,257841043574753,7,tier1,2,128,medium,0.15,46,1253876754
validation,257841043574753,7,tier1,2,128,medium,0.15,47,1854454694
validation,257841043574753,7,tier1,2,128,medium,0.15,48,3759584318
validation,257841043574753,7,tier1,2,128,medium,0.15,49,878005193
validation,257841043574753,7,tier1,2,128,medium,0.15,50,320736074
validation,257841043574753,7,tier1,2,128,medium,0.15,51,646257793
validation,257841043574753,7,tier1,2,128,medium,0.15,52,237421849
validation,257841043574753,7,tier1,2,128,medium,0.15,53,2573478269
validation,257841043574753,7,tier1,2,128,medium,0.15,54,4068067347
validation,257841043574753,7,tier1,2,128,medium,0.15,55,3234845701
validation,257841043574753,7,tier1,2,128,medium,0.15,56,1651238579
validation,257841043574753,7,tier1,2,128,medium,0.15,57,2893091597
validation,257841043574753,7,tier1,2,128,medium,0.15,58,1615368694
validation,257841043574753,7,tier1,2,128,medium,0.15,59,2422443913
validation,257841043574753,7,tier1,2,128,medium,0.15,60,3468181117
validation,257841043574753,7,tier1,2,128,medium,0.15,61,1612913729
validation,257841043574753,7,tier1,2,128,medium,0.15,62,1435237453
validation,257841043574753,7,tier1,2,128,medium,0.15,63,1991740721
validation,257841043574753,7,tier1,2,128,medium,0.15,64,2862693558
validation,257841043574753,7,tier1,2,128,medium,0.15,65,2672978928
validation,257841043574753,7,tier1,2,128,medium,0.15,66,3581700336
validation,257841043574753,7,tier1,2,128,medium,0.15,67,1160716897
validation,257841043574753,7,tier1,2,128,medium,0.15,68,3027056209
validation,257841043574753,7,tier1,2,128,medium,0.15,69,3629332687
validation,257841043574753,7,tier1,2,128,medium,0.15,70,1729614966
validation,257841043574753,7,tier1,2,128,medium,0.15,71,2718215484
validation,257841043574753,7,tier1,2,128,medium,0.15,72,2721947820
validation,257841043574753,7,tier1,2,128,medium,0.15,73,2462395984
validation,257841043574753,7,tier1,2,128,medium,0.15,74,4136280077
validation,257841043574753,7,tier1,2,128,medium,0.15,75,409434702
validation,257841043574753,7,tier1,2,128,medium,0.15,76,4053601660
validation,257841043574753,7,tier1,2,128,medium,0.15,77,3878589334
validation,257841043574753,7,tier1,2,128,medium,0.15,78,3349063229
validation,257841043574753,7,tier1,2,128,medium,0.15,79,2446185544
validation,257841043574753,7,tier1,2,128,medium,0.15,80,3873467837
validation,257841043574753,7,tier1,2,128,medium,0.15,81,3828822298
validation,257841043574753,7,tier1,2,128,medium,0.15,82,2849105907
validation,257841043574753,7,tier1,2,128,medium,0.15,83,4201769225
validation,257841043574753,7,tier1,2,128,medium,0.15,84,3428188762
validation,257841043574753,7,tier1,2,128,medium,0.15,85,4246233555
validation,257841043574753,7,tier1,2,128,medium,0.15,86,2638340256
validation,257841043574753,7,tier1,2,128,medium,0.15,87,2915083280
validation,257841043574753,7,tier1,2,128,medium,0.15,88,3978950386
validation,257841043574753,7,tier1,2,128,medium,0.15,89,2929328312
validation,257841043574753,7,tier1,2,128,medium,0.15,90,1845420434
validation,257841043574753,7,tier1,2,128,medium,0.15,91,4064075114
validation,257841043574753,7,tier1,2,128,medium,0.15,92,3842496484
validation,257841043574753,7,tier1,2,128,medium,0.15,93,2740961825
validation,257841043574753,7,tier1,2,128,medium,0.15,94,271394590
validation,257841043574753,7,tier1,2,128,medium,0.15,95,844731504
validation,257841043574753,7,tier1,2,128,medium,0.15,96,2838233355
validation,257841043574753,7,tier1,2,128,medium,0.15,97,4250291721
validation,257841043574753,7,tier1,2,128,medium,0.15,98,3734342698
validation,257841043574753,7,tier1,2,128,medium,0.15,99,1647979759
validation,257841043574753,7,tier1,2,128,medium,0.15,100,3807103447
validation,257841043574753,7,tier1,2,128,medium,0.15,101,3378297873
validation,257841043574753,7,tier1,2,128,medium,0.15,102,3407876168
validation,257841043574753,7,tier1,2,128,medium,0.15,103,2947146709
validation,257841043574753,7,tier1,2,128,medium,0.15,104,2030898263
validation,257841043574753,7,tier1,2,128,medium,0.15,105,451883249
validation,257841043574753,7,tier1,2,128,medium,0.15,106,3527100333
validation,257841043574753,7,tier1,2,128,medium,0.15,107,1330652352
validation,257841043574753,7,tier1,2,128,medium,0.15,108,2783929352
validation,257841043574753,7,tier1,2,128,medium,0.15,109,3147396475
validation,257841043574753,7,tier1,2,128,medium,0.15,110,3890591502
validation,257841043574753,7,tier1,2,128,medium,0.15,111,2069612708
validation,257841043574753,7,tier1,2,128,medium,0.15,112,461492042
validation,257841043574753,7,tier1,2,128,medium,0.15,113,542327459
validation,257841043574753,7,tier1,2,128,medium,0.15,114,1544143786
validation,257841043574753,7,tier1,2,128,medium,0.15,115,1186311293
validation,257841043574753,7,tier1,2,128,medium,0.15,116,1618880920
validation,257841043574753,7,tier1,2,128,medium,0.15,117,202814507
validation,257841043574753,7,tier1,2,128,medium,0.15,118,3541322713
validation,257841043574753,7,tier1,2,128,medium,0.15,119,475113641
validation,257841043574753,7,tier1,2,128,medium,0.15,120,3384184711
validation,257841043574753,7,tier1,2,128,medium,0.15,121,552289463
validation,257841043574753,7,tier1,2,128,medium,0.15,122,1714685446
validation,257841043574753,7,tier1,2,128,medium,0.15,123,2115714008
validation,257841043574753,7,tier1,2,128,medium,0.15,124,349489219
validation,257841043574753,7,tier1,2,128,medium,0.15,125,1367355853
validation,257841043574753,7,tier1,2,128,medium,0.15,126,33779201
validation,257841043574753,7,tier1,2,128,medium,0.15,127,3354903862
validation,257841043574753,7,tier1,2,128,medium,0.15,128,3344788932
validation,257841043574753,7,tier1,2,128,medium,0.15,129,245098235
validation,257841043574753,7,tier1,2,128,medium,0.15,130,3424200986
validation,257841043574753,7,tier1,2,128,medium,0.15,131,263395768
validation,257841043574753,7,tier1,2,128,medium,0.15,132,4212844059
validation,257841043574753,7,tier1,2,128,medium,0.15,133,1905761730
validation,257841043574753,7,tier1,2,128,medium,0.15,134,3926682396
validation,257841043574753,7,tier1,2,128,medium,0.15,135,782950060
validation,257841043574753,7,tier1,2,128,medium,0.15,136,3731447056
validation,257841043574753,7,tier1,2,128,medium,0.15,137,703741271
validation,257841043574753,7,tier1,2,128,medium,0.15,138,2213675383
validation,257841043574753,7,tier1,2,128,medium,0.15,139,3772433152
validation,257841043574753,7,tier1,2,128,medium,0.15,140,326022448
validation,257841043574753,7,tier1,2,128,medium,0.15,141,293654351
validation,257841043574753,7,tier1,2,128,medium,0.15,142,1713505885
validation,257841043574753,7,tier1,2,128,medium,0.15,143,422893998
validation,257841043574753,7,tier1,2,128,medium,0.15,144,3097291134
validation,257841043574753,7,tier1,2,128,medium,0.15,145,3866525942
validation,257841043574753,7,tier1,2,128,medium,0.15,146,3509045472
validation,257841043574753,7,tier1,2,128,medium,0.15,147,4195459478
validation,257841043574753,7,tier1,2,128,medium,0.15,148,3440631637
validation,257841043574753,7,tier1,2,128,medium,0.15,149,1072095102
validation,257841043574753,7,tier1,2,128,medium,0.15,150,3782452302
validation,257841043574753,7,tier1,2,128,medium,0.15,151,364016742
validation,257841043574753,7,tier1,2,128,medium,0.15,152,3471472030
validation,257841043574753,7,tier1,2,128,medium,0.15,153,3367395800
validation,257841043574753,7,tier1,2,128,medium,0.15,154,4172556809
validation,257841043574753,7,tier1,2,128,medium,0.15,155,3656426008
validation,257841043574753,7,tier1,2,128,medium,0.15,156,1608327934
validation,257841043574753,7,tier1,2,128,medium,0.15,157,3981843855
validation,257841043574753,7,tier1,2,128,medium,0.15,158,1591860846
validation,257841043574753,7,tier1,2,128,medium,0.15,159,4280693693
validation,257841043574753,7,tier1,2,128,medium,0.15,160,1860698060
validation,257841043574753,7,tier1,2,128,medium,0.15,161,3578456396
validation,257841043574753,7,tier1,2,128,medium,0.15,162,3861977495
validation,257841043574753,7,tier1,2,128,medium,0.15,163,945803634
validation,257841043574753,7,tier1,2,128,medium,0.15,164,133362527
validation,257841043574753,7,tier1,2,128,medium,0.15,165,1541101521
validation,257841043574753,7,tier1,2,128,medium,0.15,166,157196594
validation,257841043574753,7,tier1,2,128,medium,0.15,167,652261829
validation,257841043574753,7,tier1,2,128,medium,0.15,168,3544406819
validation,257841043574753,7,tier1,2,128,medium,0.15,169,3785070012
validation,257841043574753,7,tier1,2,128,medium,0.15,170,2219206502
validation,257841043574753,7,tier1,2,128,medium,0.15,171,2520186403
validation,257841043574753,7,tier1,2,128,medium,0.15,172,2787839721
validation,257841043574753,7,tier1,2,128,medium,0.15,173,2143061680
validation,257841043574753,7,tier1,2,128,medium,0.15,174,3703017400
validation,257841043574753,7,tier1,2,128,medium,0.15,175,4015871707
validation,257841043574753,7,tier1,2,128,medium,0.15,176,4211988760
validation,257841043574753,7,tier1,2,128,medium,0.15,177,336015706
validation,257841043574753,7,tier1,2,128,medium,0.15,178,1850817426
validation,257841043574753,7,tier1,2,128,medium,0.15,179,897680377
validation,257841043574753,7,tier1,2,128,medium,0.15,180,3963321024
validation,257841043574753,7,tier1,2,128,medium,0.15,181,2068376245
validation,257841043574753,7,tier1,2,128,medium,0.15,182,4196251072
validation,257841043574753,7,tier1,2,128,medium,0.15,183,2603112278
validation,257841043574753,7,tier1,2,128,medium,0.15,184,788837376
validation,257841043574753,7,tier1,2,128,medium,0.15,185,473045612
validation,257841043574753,7,tier1,2,128,medium,0.15,186,1787392029
validation,257841043574753,7,tier1,2,128,medium,0.15,187,2616944130
validation,257841043574753,7,tier1,2,128,medium,0.15,188,2452073555
validation,257841043574753,7,tier1,2,128,medium,0.15,189,168596903
validation,257841043574753,7,tier1,2,128,medium,0.15,190,363019551
validation,257841043574753,7,tier1,2,128,medium,0.15,191,1576168646
validation,257841043574753,7,tier1,2,128,medium,0.15,192,2786511669
validation,257841043574753,7,tier1,2,128,medium,0.15,193,3805822333
validation,257841043574753,7,tier1,2,128,medium,0.15,194,1240879898
validation,257841043574753,7,tier1,2,128,medium,0.15,195,1575257446
validation,257841043574753,7,tier1,2,128,medium,0.15,196,3827303966
validation,257841043574753,7,tier1,2,128,medium,0.15,197,4281372788
validation,257841043574753,7,tier1,2,128,medium,0.15,198,729398094
validation,257841043574753,7,tier1,2,128,medium,0.15,199,4016274286
validation,257841043574753,7,tier1,2,128,medium,0.15,200,4150181257
validation,257841043574753,7,tier1,2,128,medium,0.15,201,836215526
validation,257841043574753,7,tier1,2,128,medium,0.15,202,1617606462
validation,257841043574753,7,tier1,2,128,medium,0.15,203,4278594642
validation,257841043574753,7,tier1,2,128,medium,0.15,204,2485723308
validation,257841043574753,7,tier1,2,128,medium,0.15,205,532923389
validation,257841043574753,7,tier1,2,128,medium,0.15,206,1133505532
validation,257841043574753,7,tier1,2,128,medium,0.15,207,3978256639
validation,257841043574753,7,tier1,2,128,medium,0.15,208,960649645
validation,257841043574753,7,tier1,2,128,medium,0.15,209,3240233848
validation,257841043574753,7,tier1,2,128,medium,0.15,210,2958163880
validation,257841043574753,7,tier1,2,128,medium,0.15,211,2500967038
validation,257841043574753,7,tier1,2,128,medium,0.15,212,2365825333
validation,257841043574753,7,tier1,2,128,medium,0.15,213,826200503
validation,257841043574753,7,tier1,2,128,medium,0.15,214,817684749
validation,257841043574753,7,tier1,2,128,medium,0.15,215,1756581060
validation,257841043574753,7,tier1,2,128,medium,0.15,216,1343474288
validation,257841043574753,7,tier1,2,128,medium,0.15,217,352084050
validation,257841043574753,7,tier1,2,128,medium,0.15,218,3202084870
validation,257841043574753,7,tier1,2,128,medium,0.15,219,461023785
validation,257841043574753,7,tier1,2,128,medium,0.15,220,518493266
validation,257841043574753,7,tier1,2,128,medium,0.15,221,3461560891
validation,257841043574753,7,tier1,2,128,medium,0.15,222,4103126380
validation,257841043574753,7,tier1,2,128,medium,0.15,223,808190845
validation,257841043574753,7,tier1,2,128,medium,0.15,224,4190114664
validation,257841043574753,7,tier1,2,128,medium,0.15,225,1460142753
validation,257841043574753,7,tier1,2,128,medium,0.15,226,2037433659
validation,257841043574753,7,tier1,2,128,medium,0.15,227,2807568649
validation,257841043574753,7,tier1,2,128,medium,0.15,228,631996204
validation,257841043574753,7,tier1,2,128,medium,0.15,229,3768040113
validation,257841043574753,7,tier1,2,128,medium,0.15,230,3253330859
validation,257841043574753,7,tier1,2,128,medium,0.15,231,422020595
validation,257841043574753,7,tier1,2,128,medium,0.15,232,278774493
validation,257841043574753,7,tier1,2,128,medium,0.15,233,314437152
validation,257841043574753,7,tier1,2,128,medium,0.15,234,1061622126
validation,257841043574753,7,tier1,2,128,medium,0.15,235,4132265082
validation,257841043574753,7,tier1,2,128,medium,0.15,236,2983277579
validation,257841043574753,7,tier1,2,128,medium,0.15,237,3384121467
validation,257841043574753,7,tier1,2,128,medium,0.15,238,2483681735
validation,257841043574753,7,tier1,2,128,medium,0.15,239,60403793
validation,257841043574753,7,tier1,2,128,medium,0.15,240,300664692
validation,257841043574753,7,tier1,2,128,medium,0.15,241,983200526
validation,257841043574753,7,tier1,2,128,medium,0.15,242,313061999
validation,257841043574753,7,tier1,2,128,medium,0.15,243,1108087683
validation,257841043574753,7,tier1,2,128,medium,0.15,244,2546957569
validation,257841043574753,7,tier1,2,128,medium,0.15,245,3402117285
validation,257841043574753,7,tier1,2,128,medium,0.15,246,1392611232
validation,257841043574753,7,tier1,2,128,medium,0.15,247,706708447
validation,257841043574753,7,tier1,2,128,medium,0.15,248,3335621879
validation,257841043574753,7,tier1,2,128,medium,0.15,249,3024635236
validation,257841043574753,7,tier1,2,128,medium,0.15,250,497621474
validation,257841043574753,7,tier1,2,128,medium,0.15,251,691293552
validation,257841043574753,7,tier1,2,128,medium,0.15,252,2655623842
validation,257841043574753,7,tier1,2,128,medium,0.15,253,2581401844
validation,257841043574753,7,tier1,2,128,medium,0.15,254,1021352611
validation,257841043574753,7,tier1,2,128,medium,0.15,255,3843768503
validation,257841043574753,7,tier1,2,128,medium,0.15,256,3416734732
validation,257841043574753,7,tier1,2,128,medium,0.15,257,1263800281
validation,257841043574753,7,tier1,2,128,medium,0.15,258,3714245318
validation,257841043574753,7,tier1,2,128,medium,0.15,259,165309261
validation,257841043574753,7,tier1,2,128,medium,0.15,260,3126679299
validation,257841043574753,7,tier1,2,128,medium,0.15,261,4256647740
validation,257841043574753,7,tier1,2,128,medium,0.15,262,3873615203
validation,257841043574753,7,tier1,2,128,medium,0.15,263,1148191569
validation,257841043574753,7,tier1,2,128,medium,0.15,264,3052128762
validation,257841043574753,7,tier1,2,128,medium,0.15,265,1317169416
validation,257841043574753,7,tier1,2,128,medium,0.15,266,822450984
validation,257841043574753,7,tier1,2,128,medium,0.15,267,997450997
validation,257841043574753,7,tier1,2,128,medium,0.15,268,1683207373
validation,257841043574753,7,tier1,2,128,medium,0.15,269,2646167135
validation,257841043574753,7,tier1,2,128,medium,0.15,270,350761794
validation,257841043574753,7,tier1,2,128,medium,0.15,271,4207287926
validation,257841043574753,7,tier1,2,128,medium,0.15,272,2463826694
validation,257841043574753,7,tier1,2,128,medium,0.15,273,1834249092
validation,257841043574753,7,tier1,2,128,medium,0.15,274,3826371089
validation,257841043574753,7,tier1,2,128,medium,0.15,275,1616929345
validation,257841043574753,7,tier1,2,128,medium,0.15,276,632490515
validation,257841043574753,7,tier1,2,128,medium,0.15,277,1760824055
validation,257841043574753,7,tier1,2,128,medium,0.15,278,1409163174
validation,257841043574753,7,tier1,2,128,medium,0.15,279,1574011653
validation,257841043574753,7,tier1,2,128,medium,0.15,280,2953200868
validation,257841043574753,7,tier1,2,128,medium,0.15,281,2586598744
validation,257841043574753,7,tier1,2,128,medium,0.15,282,3572039951
validation,257841043574753,7,tier1,2,128,medium,0.15,283,3536147557
validation,257841043574753,7,tier1,2,128,medium,0.15,284,3497398027
validation,257841043574753,7,tier1,2,128,medium,0.15,285,756178107
validation,257841043574753,7,tier1,2,128,medium,0.15,286,1988765363
validation,257841043574753,7,tier1,2,128,medium,0.15,287,3094027115
validation,257841043574753,7,tier1,2,128,medium,0.15,288,683429606
validation,257841043574753,7,tier1,2,128,medium,0.15,289,1713976230
validation,257841043574753,7,tier1,2,128,medium,0.15,290,909430925
validation,257841043574753,7,tier1,2,128,medium,0.15,291,842698555
validation,257841043574753,7,tier1,2,128,medium,0.15,292,3837402796
validation,257841043574753,7,tier1,2,128,medium,0.15,293,2314620405
validation,257841043574753,7,tier1,2,128,medium,0.15,294,187322777
validation,257841043574753,7,tier1,2,128,medium,0.15,295,3244666565
validation,257841043574753,7,tier1,2,128,medium,0.15,296,648233007
validation,257841043574753,7,tier1,2,128,medium,0.15,297,2372691411
validation,257841043574753,7,tier1,2,128,medium,0.15,298,1428323846
validation,257841043574753,7,tier1,2,128,medium,0.15,299,1201915731
validation,257841043574753,7,tier1,2,128,medium,0.15,300,2498927614
validation,257841043574753,7,tier1,2,128,medium,0.15,301,1259694694
validation,257841043574753,7,tier1,2,128,medium,0.15,302,1590746836
validation,257841043574753,7,tier1,2,128,medium,0.15,303,2411182912
validation,257841043574753,7,tier1,2,128,medium,0.15,304,2382131933
validation,257841043574753,7,tier1,2,128,medium,0.15,305,306077297
validation,257841043574753,7,tier1,2,128,medium,0.15,306,1029334498
validation,257841043574753,7,tier1,2,128,medium,0.15,307,3284349517
validation,257841043574753,7,tier1,2,128,medium,0.15,308,3717681690
validation,257841043574753,7,tier1,2,128,medium,0.15,309,2150348670
validation,257841043574753,7,tier1,2,128,medium,0.15,310,2674001197
validation,257841043574753,7,tier1,2,128,medium,0.15,311,22866614
validation,257841043574753,7,tier1,2,128,medium,0.15,312,483855569
validation,257841043574753,7,tier1,2,128,medium,0.15,313,1345059252
validation,257841043574753,7,tier1,2,128,medium,0.15,314,1732296123
validation,257841043574753,7,tier1,2,128,medium,0.15,315,751730009
validation,257841043574753,7,tier1,2,128,medium,0.15,316,1918772556
validation,257841043574753,7,tier1,2,128,medium,0.15,317,3333588165
validation,257841043574753,7,tier1,2,128,medium,0.15,318,4282238529
validation,257841043574753,7,tier1,2,128,medium,0.15,319,322139299
validation,257841043574753,7,tier1,2,128,medium,0.15,320,1473346227
validation,257841043574753,7,tier1,2,128,medium,0.15,321,870021464
validation,257841043574753,7,tier1,2,128,medium,0.15,322,1063189213
validation,257841043574753,7,tier1,2,128,medium,0.15,323,1160639030
validation,257841043574753,7,tier1,2,128,medium,0.15,324,1230646226
validation,257841043574753,7,tier1,2,128,medium,0.15,325,3602068371
validation,257841043574753,7,tier1,2,128,medium,0.15,326,3860768479
validation,257841043574753,7,tier1,2,128,medium,0.15,327,2699948303
validation,257841043574753,7,tier1,2,128,medium,0.15,328,2843051212
validation,257841043574753,7,tier1,2,128,medium,0.15,329,552103335
validation,257841043574753,7,tier1,2,128,medium,0.15,330,3089137258
validation,257841043574753,7,tier1,2,128,medium,0.15,331,633438945
validation,257841043574753,7,tier1,2,128,medium,0.15,332,792324329
validation,257841043574753,7,tier1,2,128,medium,0.15,333,107154023
validation,257841043574753,7,tier1,2,128,medium,0.15,334,1786286088
validation,257841043574753,7,tier1,2,128,medium,0.15,335,452259352
validation,257841043574753,7,tier1,2,128,medium,0.15,336,3051644018
validation,257841043574753,7,tier1,2,128,medium,0.15,337,1848146952
validation,257841043574753,7,tier1,2,128,medium,0.15,338,2878509304
validation,257841043574753,7,tier1,2,128,medium,0.15,339,3396009463
validation,257841043574753,7,tier1,2,128,medium,0.15,340,789632574
validation,257841043574753,7,tier1,2,128,medium,0.15,341,484612242
validation,257841043574753,7,tier1,2,128,medium,0.15,342,2229334081
validation,257841043574753,7,tier1,2,128,medium,0.15,343,3201786673
validation,257841043574753,7,tier1,2,128,medium,0.15,344,1926718573
validation,257841043574753,7,tier1,2,128,medium,0.15,345,2942041823
validation,257841043574753,7,tier1,2,128,medium,0.15,346,809015684
validation,257841043574753,7,tier1,2,128,medium,0.15,347,2432355286
validation,257841043574753,7,tier1,2,128,medium,0.15,348,254122929
validation,257841043574753,7,tier1,2,128,medium,0.15,349,383705353
validation,257841043574753,7,tier1,2,128,medium,0.15,350,601394508
validation,257841043574753,7,tier1,2,128,medium,0.15,351,3895324684
validation,257841043574753,7,tier1,2,128,medium,0.15,352,765365232
validation,257841043574753,7,tier1,2,128,medium,0.15,353,4240556145
validation,257841043574753,7,tier1,2,128,medium,0.15,354,2429140941
validation,257841043574753,7,tier1,2,128,medium,0.15,355,763618051
validation,257841043574753,7,tier1,2,128,medium,0.15,356,17597771
validation,257841043574753,7,tier1,2,128,medium,0.15,357,2748389074
validation,257841043574753,7,tier1,2,128,medium,0.15,358,732013771
validation,257841043574753,7,tier1,2,128,medium,0.15,359,2476173705
validation,257841043574753,7,tier1,2,128,medium,0.15,360,3503486512
validation,257841043574753,7,tier1,2,128,medium,0.15,361,1873324158
validation,257841043574753,7,tier1,2,128,medium,0.15,362,631682384
validation,257841043574753,7,tier1,2,128,medium,0.15,363,2240800600
validation,257841043574753,7,tier1,2,128,medium,0.15,364,2655700316
validation,257841043574753,7,tier1,2,128,medium,0.15,365,1045978055
validation,257841043574753,7,tier1,2,128,medium,0.15,366,2082123862
validation,257841043574753,7,tier1,2,128,medium,0.15,367,195068784
validation,257841043574753,7,tier1,2,128,medium,0.15,368,1573417488
validation,257841043574753,7,tier1,2,128,medium,0.15,369,4144598395
validation,257841043574753,7,tier1,2,128,medium,0.15,370,2621104549
validation,257841043574753,7,tier1,2,128,medium,0.15,371,1985983978
validation,257841043574753,7,tier1,2,128,medium,0.15,372,3768180963
validation,257841043574753,7,tier1,2,128,medium,0.15,373,3130868797
validation,257841043574753,7,tier1,2,128,medium,0.15,374,901287288
validation,257841043574753,7,tier1,2,128,medium,0.15,375,2363861083
validation,257841043574753,7,tier1,2,128,medium,0.15,376,2159831849
validation,257841043574753,7,tier1,2,128,medium,0.15,377,667282353
validation,257841043574753,7,tier1,2,128,medium,0.15,378,543532359
validation,257841043574753,7,tier1,2,128,medium,0.15,379,1655874874
validation,257841043574753,7,tier1,2,128,medium,0.15,380,2559730543
validation,257841043574753,7,tier1,2,128,medium,0.15,381,3158469107
validation,257841043574753,7,tier1,2,128,medium,0.15,382,3547446202
validation,257841043574753,7,tier1,2,128,medium,0.15,383,790381517
validation,257841043574753,7,tier1,2,128,medium,0.15,384,3747201412
validation,257841043574753,7,tier1,2,128,medium,0.15,385,2223957863
validation,257841043574753,7,tier1,2,128,medium,0.15,386,1445810487
validation,257841043574753,7,tier1,2,128,medium,0.15,387,1638251018
validation,257841043574753,7,tier1,2,128,medium,0.15,388,4133858906
validation,257841043574753,7,tier1,2,128,medium,0.15,389,3768074919
validation,257841043574753,7,tier1,2,128,medium,0.15,390,520605729
validation,257841043574753,7,tier1,2,128,medium,0.15,391,1357207486
validation,257841043574753,7,tier1,2,128,medium,0.15,392,2894312968
validation,257841043574753,7,tier1,2,128,medium,0.15,393,1398481756
validation,257841043574753,7,tier1,2,128,medium,0.15,394,309453553
validation,257841043574753,7,tier1,2,128,medium,0.15,395,437035283
validation,257841043574753,7,tier1,2,128,medium,0.15,396,1651972862
validation,257841043574753,7,tier1,2,128,medium,0.15,397,2067695925
validation,257841043574753,7,tier1,2,128,medium,0.15,398,1768314000
validation,257841043574753,7,tier1,2,128,medium,0.15,399,2517512677
validation,257841043574753,7,tier1,2,128,medium,0.15,400,1344941433
validation,257841043574753,7,tier1,2,128,medium,0.15,401,2266748009
validation,257841043574753,7,tier1,2,128,medium,0.15,402,833342015
validation,257841043574753,7,tier1,2,128,medium,0.15,403,549065214
validation,257841043574753,7,tier1,2,128,medium,0.15,404,3170582807
validation,257841043574753,7,tier1,2,128,medium,0.15,405,660462237
validation,257841043574753,7,tier1,2,128,medium,0.15,406,3794338826
validation,257841043574753,7,tier1,2,128,medium,0.15,407,1247611033
validation,257841043574753,7,tier1,2,128,medium,0.15,408,1375560040
validation,257841043574753,7,tier1,2,128,medium,0.15,409,3338746288
validation,257841043574753,7,tier1,2,128,medium,0.15,410,4267216970
validation,257841043574753,7,tier1,2,128,medium,0.15,411,2324472366
validation,257841043574753,7,tier1,2,128,medium,0.15,412,2924310609
validation,257841043574753,7,tier1,2,128,medium,0.15,413,1815003126
validation,257841043574753,7,tier1,2,128,medium,0.15,414,3761591874
validation,257841043574753,7,tier1,2,128,medium,0.15,415,3677450436
validation,257841043574753,7,tier1,2,128,medium,0.15,416,1313908957
validation,257841043574753,7,tier1,2,128,medium,0.15,417,1631549737
validation,257841043574753,7,tier1,2,128,medium,0.15,418,3769428282
validation,257841043574753,7,tier1,2,128,medium,0.15,419,3084749347
validation,257841043574753,7,tier1,2,128,medium,0.15,420,1146908311
validation,257841043574753,7,tier1,2,128,medium,0.15,421,2043865804
validation,257841043574753,7,tier1,2,128,medium,0.15,422,2737431288
validation,257841043574753,7,tier1,2,128,medium,0.15,423,354314375
validation,257841043574753,7,tier1,2,128,medium,0.15,424,67278865
validation,257841043574753,7,tier1,2,128,medium,0.15,425,3662436180
validation,257841043574753,7,tier1,2,128,medium,0.15,426,1547421165
validation,257841043574753,7,tier1,2,128,medium,0.15,427,494982309
validation,257841043574753,7,tier1,2,128,medium,0.15,428,3336344878
validation,257841043574753,7,tier1,2,128,medium,0.15,429,3323203187
validation,257841043574753,7,tier1,2,128,medium,0.15,430,355693868
validation,257841043574753,7,tier1,2,128,medium,0.15,431,2900801803
validation,257841043574753,7,tier1,2,128,medium,0.15,432,176137593
validation,257841043574753,7,tier1,2,128,medium,0.15,433,1337003640
validation,257841043574753,7,tier1,2,128,medium,0.15,434,1583226907
validation,257841043574753,7,tier1,2,128,medium,0.15,435,1412463102
validation,257841043574753,7,tier1,2,128,medium,0.15,436,242058354
validation,257841043574753,7,tier1,2,128,medium,0.15,437,1153150648
validation,257841043574753,7,tier1,2,128,medium,0.15,438,282072194
validation,257841043574753,7,tier1,2,128,medium,0.15,439,2688992932
validation,257841043574753,7,tier1,2,128,medium,0.15,440,3769093810
validation,257841043574753,7,tier1,2,128,medium,0.15,441,1425371751
validation,257841043574753,7,tier1,2,128,medium,0.15,442,2384759945
validation,257841043574753,7,tier1,2,128,medium,0.15,443,3085398136
validation,257841043574753,7,tier1,2,128,medium,0.15,444,125034104
validation,257841043574753,7,tier1,2,128,medium,0.15,445,2559240364
validation,257841043574753,7,tier1,2,128,medium,0.15,446,4046048696
validation,257841043574753,7,tier1,2,128,medium,0.15,447,1321108594
validation,257841043574753,7,tier1,2,128,medium,0.15,448,2212139251
validation,257841043574753,7,tier1,2,128,medium,0.15,449,2846380667
validation,257841043574753,7,tier1,2,128,medium,0.15,450,2742804384
validation,257841043574753,7,tier1,2,128,medium,0.15,451,4278093570
validation,257841043574753,7,tier1,2,128,medium,0.15,452,317568990
validation,257841043574753,7,tier1,2,128,medium,0.15,453,234438384
validation,257841043574753,7,tier1,2,128,medium,0.15,454,2404286870
validation,257841043574753,7,tier1,2,128,medium,0.15,455,3190988989
validation,257841043574753,7,tier1,2,128,medium,0.15,456,3555375273
validation,257841043574753,7,tier1,2,128,medium,0.15,457,201014623
validation,257841043574753,7,tier1,2,128,medium,0.15,458,4248478272
validation,257841043574753,7,tier1,2,128,medium,0.15,459,2784886849
validation,257841043574753,7,tier1,2,128,medium,0.15,460,356117688
validation,257841043574753,7,tier1,2,128,medium,0.15,461,373626758
validation,257841043574753,7,tier1,2,128,medium,0.15,462,2767972424
validation,257841043574753,7,tier1,2,128,medium,0.15,463,1393720508
validation,257841043574753,7,tier1,2,128,medium,0.15,464,2548987581
validation,257841043574753,7,tier1,2,128,medium,0.15,465,2979742498
validation,257841043574753,7,tier1,2,128,medium,0.15,466,3731203124
validation,257841043574753,7,tier1,2,128,medium,0.15,467,2962935443
validation,257841043574753,7,tier1,2,128,medium,0.15,468,1735471297
validation,257841043574753,7,tier1,2,128,medium,0.15,469,1969206381
validation,257841043574753,7,tier1,2,128,medium,0.15,470,4219769656
validation,257841043574753,7,tier1,2,128,medium,0.15,471,4151694304
validation,257841043574753,7,tier1,2,128,medium,0.15,472,1461932770
validation,257841043574753,7,tier1,2,128,medium,0.15,473,2797247060
validation,257841043574753,7,tier1,2,128,medium,0.15,474,4096079765
validation,257841043574753,7,tier1,2,128,medium,0.15,475,3905202815
validation,257841043574753,7,tier1,2,128,medium,0.15,476,3125803225
validation,257841043574753,7,tier1,2,128,medium,0.15,477,3761512324
validation,257841043574753,7,tier1,2,128,medium,0.15,478,2237123768
validation,257841043574753,7,tier1,2,128,medium,0.15,479,1756925755
validation,257841043574753,7,tier1,2,128,medium,0.15,480,2505393538
validation,257841043574753,7,tier1,2,128,medium,0.15,481,755922652
validation,257841043574753,7,tier1,2,128,medium,0.15,482,502160390
validation,257841043574753,7,tier1,2,128,medium,0.15,483,3900935076
validation,257841043574753,7,tier1,2,128,medium,0.15,484,688081419
validation,257841043574753,7,tier1,2,128,medium,0.15,485,183454395
validation,257841043574753,7,tier1,2,128,medium,0.15,486,4112972624
validation,257841043574753,7,tier1,2,128,medium,0.15,487,2323707172
validation,257841043574753,7,tier1,2,128,medium,0.15,488,647586971
validation,257841043574753,7,tier1,2,128,medium,0.15,489,4123579146
validation,257841043574753,7,tier1,2,128,medium,0.15,490,1825742349
validation,257841043574753,7,tier1,2,128,medium,0.15,491,1986361631
validation,257841043574753,7,tier1,2,128,medium,0.15,492,689160526
validation,257841043574753,7,tier1,2,128,medium,0.15,493,639174801
validation,257841043574753,7,tier1,2,128,medium,0.15,494,2531791130
validation,257841043574753,7,tier1,2,128,medium,0.15,495,420913949
validation,257841043574753,7,tier1,2,128,medium,0.15,496,2378966033
validation,257841043574753,7,tier1,2,128,medium,0.15,497,3675357012
validation,257841043574753,7,tier1,2,128,medium,0.15,498,3933842039
validation,257841043574753,7,tier1,2,128,medium,0.15,499,1774481731
validation,257841043574753,8,tier1,2,128,medium,0.2,0,3557906340
validation,257841043574753,8,tier1,2,128,medium,0.2,1,48699164
validation,257841043574753,8,tier1,2,128,medium,0.2,2,1782230633
validation,257841043574753,8,tier1,2,128,medium,0.2,3,2394279033
validation,257841043574753,8,tier1,2,128,medium,0.2,4,2452715672
validation,257841043574753,8,tier1,2,128,medium,0.2,5,3384251967
validation,257841043574753,8,tier1,2,128,medium,0.2,6,2695929814
validation,257841043574753,8,tier1,2,128,medium,0.2,7,1789963133
validation,257841043574753,8,tier1,2,128,medium,0.2,8,1998954461
validation,257841043574753,8,tier1,2,128,medium,0.2,9,1424007405
validation,257841043574753,8,tier1,2,128,medium,0.2,10,2496788396
validation,257841043574753,8,tier1,2,128,medium,0.2,11,885160005
validation,257841043574753,8,tier1,2,128,medium,0.2,12,99011911
validation,257841043574753,8,tier1,2,128,medium,0.2,13,359032596
validation,257841043574753,8,tier1,2,128,medium,0.2,14,2991615976
validation,257841043574753,8,tier1,2,128,medium,0.2,15,1947169040
validation,257841043574753,8,tier1,2,128,medium,0.2,16,2408084060
validation,257841043574753,8,tier1,2,128,medium,0.2,17,3346138398
validation,257841043574753,8,tier1,2,128,medium,0.2,18,3108455616
validation,257841043574753,8,tier1,2,128,medium,0.2,19,4100602133
validation,257841043574753,8,tier1,2,128,medium,0.2,20,64881246
validation,257841043574753,8,tier1,2,128,medium,0.2,21,3507496488
validation,257841043574753,8,tier1,2,128,medium,0.2,22,3084926285
validation,257841043574753,8,tier1,2,128,medium,0.2,23,1753454621
validation,257841043574753,8,tier1,2,128,medium,0.2,24,1531931451
validation,257841043574753,8,tier1,2,128,medium,0.2,25,2812844723
validation,257841043574753,8,tier1,2,128,medium,0.2,26,1341579945
validation,257841043574753,8,tier1,2,128,medium,0.2,27,980167923
validation,257841043574753,8,tier1,2,128,medium,0.2,28,816873441
validation,257841043574753,8,tier1,2,128,medium,0.2,29,2408312624
validation,257841043574753,8,tier1,2,128,medium,0.2,30,873931831
validation,257841043574753,8,tier1,2,128,medium,0.2,31,3492857373
validation,257841043574753,8,tier1,2,128,medium,0.2,32,1192721688
validation,257841043574753,8,tier1,2,128,medium,0.2,33,2417797294
validation,257841043574753,8,tier1,2,128,medium,0.2,34,609771965
validation,257841043574753,8,tier1,2,128,medium,0.2,35,664775739
validation,257841043574753,8,tier1,2,128,medium,0.2,36,1839872751
validation,257841043574753,8,tier1,2,128,medium,0.2,37,2306280679
validation,257841043574753,8,tier1,2,128,medium,0.2,38,2274444840
validation,257841043574753,8,tier1,2,128,medium,0.2,39,1855799185
validation,257841043574753,8,tier1,2,128,medium,0.2,40,2990249084
validation,257841043574753,8,tier1,2,128,medium,0.2,41,1757672039
validation,257841043574753,8,tier1,2,128,medium,0.2,42,1027866151
validation,257841043574753,8,tier1,2,128,medium,0.2,43,1315663999
validation,257841043574753,8,tier1,2,128,medium,0.2,44,2571393966
validation,257841043574753,8,tier1,2,128,medium,0.2,45,1497273277
validation,257841043574753,8,tier1,2,128,medium,0.2,46,68228714
validation,257841043574753,8,tier1,2,128,medium,0.2,47,2619752310
validation,257841043574753,8,tier1,2,128,medium,0.2,48,3352420525
validation,257841043574753,8,tier1,2,128,medium,0.2,49,2401558805
validation,257841043574753,8,tier1,2,128,medium,0.2,50,3673338925
validation,257841043574753,8,tier1,2,128,medium,0.2,51,3848587879
validation,257841043574753,8,tier1,2,128,medium,0.2,52,2064224991
validation,257841043574753,8,tier1,2,128,medium,0.2,53,1369197381
validation,257841043574753,8,tier1,2,128,medium,0.2,54,2422354280
validation,257841043574753,8,tier1,2,128,medium,0.2,55,1008219316
validation,257841043574753,8,tier1,2,128,medium,0.2,56,1928035741
validation,257841043574753,8,tier1,2,128,medium,0.2,57,744128007
validation,257841043574753,8,tier1,2,128,medium,0.2,58,542703575
validation,257841043574753,8,tier1,2,128,medium,0.2,59,453603727
validation,257841043574753,8,tier1,2,128,medium,0.2,60,1950913638
validation,257841043574753,8,tier1,2,128,medium,0.2,61,3185197393
validation,257841043574753,8,tier1,2,128,medium,0.2,62,365444138
validation,257841043574753,8,tier1,2,128,medium,0.2,63,399240997
validation,257841043574753,8,tier1,2,128,medium,0.2,64,2267896522
validation,257841043574753,8,tier1,2,128,medium,0.2,65,4002036301
validation,257841043574753,8,tier1,2,128,medium,0.2,66,4133033657
validation,257841043574753,8,tier1,2,128,medium,0.2,67,4265577538
validation,257841043574753,8,tier1,2,128,medium,0.2,68,2382302374
validation,257841043574753,8,tier1,2,128,medium,0.2,69,2367307780
validation,257841043574753,8,tier1,2,128,medium,0.2,70,2479795759
validation,257841043574753,8,tier1,2,128,medium,0.2,71,2660681770
validation,257841043574753,8,tier1,2,128,medium,0.2,72,2371431664
validation,257841043574753,8,tier1,2,128,medium,0.2,73,977006167
validation,257841043574753,8,tier1,2,128,medium,0.2,74,1434949889
validation,257841043574753,8,tier1,2,128,medium,0.2,75,3647008348
validation,257841043574753,8,tier1,2,128,medium,0.2,76,1843699408
validation,257841043574753,8,tier1,2,128,medium,0.2,77,2800854532
validation,257841043574753,8,tier1,2,128,medium,0.2,78,3917544809
validation,257841043574753,8,tier1,2,128,medium,0.2,79,4139690551
validation,257841043574753,8,tier1,2,128,medium,0.2,80,1315847895
validation,257841043574753,8,tier1,2,128,medium,0.2,81,2286091014
validation,257841043574753,8,tier1,2,128,medium,0.2,82,3367459739
validation,257841043574753,8,tier1,2,128,medium,0.2,83,2686705638
validation,257841043574753,8,tier1,2,128,medium,0.2,84,1921754397
validation,257841043574753,8,tier1,2,128,medium,0.2,85,1225250377
validation,257841043574753,8,tier1,2,128,medium,0.2,86,143296114
validation,257841043574753,8,tier1,2,128,medium,0.2,87,1799669301
validation,257841043574753,8,tier1,2,128,medium,0.2,88,4288855095
validation,257841043574753,8,tier1,2,128,medium,0.2,89,4142975473
validation,257841043574753,8,tier1,2,128,medium,0.2,90,582828074
validation,257841043574753,8,tier1,2,128,medium,0.2,91,1222754641
validation,257841043574753,8,tier1,2,128,medium,0.2,92,1263771982
validation,257841043574753,8,tier1,2,128,medium,0.2,93,1110022049
validation,257841043574753,8,tier1,2,128,medium,0.2,94,4066663036
validation,257841043574753,8,tier1,2,128,medium,0.2,95,3951438923
validation,257841043574753,8,tier1,2,128,medium,0.2,96,354753009
validation,257841043574753,8,tier1,2,128,medium,0.2,97,4099272027
validation,257841043574753,8,tier1,2,128,medium,0.2,98,2788995945
validation,257841043574753,8,tier1,2,128,medium,0.2,99,2451393938
validation,257841043574753,8,tier1,2,128,medium,0.2,100,4022493493
validation,257841043574753,8,tier1,2,128,medium,0.2,101,3548483829
validation,257841043574753,8,tier1,2,128,medium,0.2,102,348071351
validation,257841043574753,8,tier1,2,128,medium,0.2,103,3250378211
validation,257841043574753,8,tier1,2,128,medium,0.2,104,3805593371
validation,257841043574753,8,tier1,2,128,medium,0.2,105,1397736350
validation,257841043574753,8,tier1,2,128,medium,0.2,106,60562947
validation,257841043574753,8,tier1,2,128,medium,0.2,107,470817474
validation,257841043574753,8,tier1,2,128,medium,0.2,108,1133694452
validation,257841043574753,8,tier1,2,128,medium,0.2,109,2146519031
validation,257841043574753,8,tier1,2,128,medium,0.2,110,4070113108
validation,257841043574753,8,tier1,2,128,medium,0.2,111,3119613700
validation,257841043574753,8,tier1,2,128,medium,0.2,112,2010932372
validation,257841043574753,8,tier1,2,128,medium,0.2,113,444592413
validation,257841043574753,8,tier1,2,128,medium,0.2,114,240281160
validation,257841043574753,8,tier1,2,128,medium,0.2,115,462219330
validation,257841043574753,8,tier1,2,128,medium,0.2,116,2160343386
validation,257841043574753,8,tier1,2,128,medium,0.2,117,4063711570
validation,257841043574753,8,tier1,2,128,medium,0.2,118,1761035037
validation,257841043574753,8,tier1,2,128,medium,0.2,119,178396676
validation,257841043574753,8,tier1,2,128,medium,0.2,120,4065138461
validation,257841043574753,8,tier1,2,128,medium,0.2,121,3838850492
validation,257841043574753,8,tier1,2,128,medium,0.2,122,3297759698
validation,257841043574753,8,tier1,2,128,medium,0.2,123,3808686392
validation,257841043574753,8,tier1,2,128,medium,0.2,124,2977730672
validation,257841043574753,8,tier1,2,128,medium,0.2,125,305067133
validation,257841043574753,8,tier1,2,128,medium,0.2,126,4260544427
validation,257841043574753,8,tier1,2,128,medium,0.2,127,1862252225
validation,257841043574753,8,tier1,2,128,medium,0.2,128,1347621898
validation,257841043574753,8,tier1,2,128,medium,0.2,129,4157861801
validation,257841043574753,8,tier1,2,128,medium,0.2,130,3863628504
validation,257841043574753,8,tier1,2,128,medium,0.2,131,4222796309
validation,257841043574753,8,tier1,2,128,medium,0.2,132,204985085
validation,257841043574753,8,tier1,2,128,medium,0.2,133,1783167590
validation,257841043574753,8,tier1,2,128,medium,0.2,134,217490217
validation,257841043574753,8,tier1,2,128,medium,0.2,135,2203645999
validation,257841043574753,8,tier1,2,128,medium,0.2,136,1847328980
validation,257841043574753,8,tier1,2,128,medium,0.2,137,2165499647
validation,257841043574753,8,tier1,2,128,medium,0.2,138,2518708079
validation,257841043574753,8,tier1,2,128,medium,0.2,139,3844210715
validation,257841043574753,8,tier1,2,128,medium,0.2,140,3212799857
validation,257841043574753,8,tier1,2,128,medium,0.2,141,627946940
validation,257841043574753,8,tier1,2,128,medium,0.2,142,2535046577
validation,257841043574753,8,tier1,2,128,medium,0.2,143,3632341563
validation,257841043574753,8,tier1,2,128,medium,0.2,144,363508279
validation,257841043574753,8,tier1,2,128,medium,0.2,145,1592783127
validation,257841043574753,8,tier1,2,128,medium,0.2,146,2989061393
validation,257841043574753,8,tier1,2,128,medium,0.2,147,1062675082
validation,257841043574753,8,tier1,2,128,medium,0.2,148,488863157
validation,257841043574753,8,tier1,2,128,medium,0.2,149,827332236
validation,257841043574753,8,tier1,2,128,medium,0.2,150,3939879595
validation,257841043574753,8,tier1,2,128,medium,0.2,151,532763658
validation,257841043574753,8,tier1,2,128,medium,0.2,152,225456145
validation,257841043574753,8,tier1,2,128,medium,0.2,153,3858219478
validation,257841043574753,8,tier1,2,128,medium,0.2,154,2300419631
validation,257841043574753,8,tier1,2,128,medium,0.2,155,4223868982
validation,257841043574753,8,tier1,2,128,medium,0.2,156,605886189
validation,257841043574753,8,tier1,2,128,medium,0.2,157,586315931
validation,257841043574753,8,tier1,2,128,medium,0.2,158,508026033
validation,257841043574753,8,tier1,2,128,medium,0.2,159,2365601058
validation,257841043574753,8,tier1,2,128,medium,0.2,160,3543653034
validation,257841043574753,8,tier1,2,128,medium,0.2,161,1025308443
validation,257841043574753,8,tier1,2,128,medium,0.2,162,1390151786
validation,257841043574753,8,tier1,2,128,medium,0.2,163,501025786
validation,257841043574753,8,tier1,2,128,medium,0.2,164,2143268086
validation,257841043574753,8,tier1,2,128,medium,0.2,165,2724657369
validation,257841043574753,8,tier1,2,128,medium,0.2,166,2505175230
validation,257841043574753,8,tier1,2,128,medium,0.2,167,160066320
validation,257841043574753,8,tier1,2,128,medium,0.2,168,199055159
validation,257841043574753,8,tier1,2,128,medium,0.2,169,943622855
validation,257841043574753,8,tier1,2,128,medium,0.2,170,1866043010
validation,257841043574753,8,tier1,2,128,medium,0.2,171,1432089892
validation,257841043574753,8,tier1,2,128,medium,0.2,172,1330910235
validation,257841043574753,8,tier1,2,128,medium,0.2,173,1689174801
validation,257841043574753,8,tier1,2,128,medium,0.2,174,1175236418
validation,257841043574753,8,tier1,2,128,medium,0.2,175,4140088549
validation,257841043574753,8,tier1,2,128,medium,0.2,176,3033544553
validation,257841043574753,8,tier1,2,128,medium,0.2,177,502113707
validation,257841043574753,8,tier1,2,128,medium,0.2,178,797158966
validation,257841043574753,8,tier1,2,128,medium,0.2,179,2347741374
validation,257841043574753,8,tier1,2,128,medium,0.2,180,2262202440
validation,257841043574753,8,tier1,2,128,medium,0.2,181,791082756
validation,257841043574753,8,tier1,2,128,medium,0.2,182,3656144823
validation,257841043574753,8,tier1,2,128,medium,0.2,183,2850570127
validation,257841043574753,8,tier1,2,128,medium,0.2,184,367110407
validation,257841043574753,8,tier1,2,128,medium,0.2,185,2886517963
validation,257841043574753,8,tier1,2,128,medium,0.2,186,4210876086
validation,257841043574753,8,tier1,2,128,medium,0.2,187,3212096428
validation,257841043574753,8,tier1,2,128,medium,0.2,188,4000529507
validation,257841043574753,8,tier1,2,128,medium,0.2,189,1216249889
validation,257841043574753,8,tier1,2,128,medium,0.2,190,2694068204
validation,257841043574753,8,tier1,2,128,medium,0.2,191,205546750
validation,257841043574753,8,tier1,2,128,medium,0.2,192,2427195628
validation,257841043574753,8,tier1,2,128,medium,0.2,193,256171815
validation,257841043574753,8,tier1,2,128,medium,0.2,194,1857845336
validation,257841043574753,8,tier1,2,128,medium,0.2,195,3516731726
validation,257841043574753,8,tier1,2,128,medium,0.2,196,86738954
validation,257841043574753,8,tier1,2,128,medium,0.2,197,2654574388
validation,257841043574753,8,tier1,2,128,medium,0.2,198,2772188658
validation,257841043574753,8,tier1,2,128,medium,0.2,199,3953569774
validation,257841043574753,8,tier1,2,128,medium,0.2,200,3969894635
validation,257841043574753,8,tier1,2,128,medium,0.2,201,1727619159
validation,257841043574753,8,tier1,2,128,medium,0.2,202,2578581932
validation,257841043574753,8,tier1,2,128,medium,0.2,203,1832727531
validation,257841043574753,8,tier1,2,128,medium,0.2,204,2958601983
validation,257841043574753,8,tier1,2,128,medium,0.2,205,431195071
validation,257841043574753,8,tier1,2,128,medium,0.2,206,57907460
validation,257841043574753,8,tier1,2,128,medium,0.2,207,2766627124
validation,257841043574753,8,tier1,2,128,medium,0.2,208,4284201447
validation,257841043574753,8,tier1,2,128,medium,0.2,209,287028177
validation,257841043574753,8,tier1,2,128,medium,0.2,210,2066667891
validation,257841043574753,8,tier1,2,128,medium,0.2,211,303299297
validation,257841043574753,8,tier1,2,128,medium,0.2,212,2147899443
validation,257841043574753,8,tier1,2,128,medium,0.2,213,2344707973
validation,257841043574753,8,tier1,2,128,medium,0.2,214,3772843443
validation,257841043574753,8,tier1,2,128,medium,0.2,215,1652953340
validation,257841043574753,8,tier1,2,128,medium,0.2,216,1273296408
validation,257841043574753,8,tier1,2,128,medium,0.2,217,1438327186
validation,257841043574753,8,tier1,2,128,medium,0.2,218,1742786506
validation,257841043574753,8,tier1,2,128,medium,0.2,219,1799483610
validation,257841043574753,8,tier1,2,128,medium,0.2,220,2519875455
validation,257841043574753,8,tier1,2,128,medium,0.2,221,2747093782
validation,257841043574753,8,tier1,2,128,medium,0.2,222,1640202651
validation,257841043574753,8,tier1,2,128,medium,0.2,223,2293467010
validation,257841043574753,8,tier1,2,128,medium,0.2,224,3595806194
validation,257841043574753,8,tier1,2,128,medium,0.2,225,2162679979
validation,257841043574753,8,tier1,2,128,medium,0.2,226,3238267938
validation,257841043574753,8,tier1,2,128,medium,0.2,227,434886198
validation,257841043574753,8,tier1,2,128,medium,0.2,228,2429014361
validation,257841043574753,8,tier1,2,128,medium,0.2,229,1789001625
validation,257841043574753,8,tier1,2,128,medium,0.2,230,2643740090
validation,257841043574753,8,tier1,2,128,medium,0.2,231,2047203850
validation,257841043574753,8,tier1,2,128,medium,0.2,232,3081239988
validation,257841043574753,8,tier1,2,128,medium,0.2,233,1140264364
validation,257841043574753,8,tier1,2,128,medium,0.2,234,1454339981
validation,257841043574753,8,tier1,2,128,medium,0.2,235,2386717777
validation,257841043574753,8,tier1,2,128,medium,0.2,236,2662290971
validation,257841043574753,8,tier1,2,128,medium,0.2,237,3064068127
validation,257841043574753,8,tier1,2,128,medium,0.2,238,2460159299
validation,257841043574753,8,tier1,2,128,medium,0.2,239,1557131057
validation,257841043574753,8,tier1,2,128,medium,0.2,240,1503144716
validation,257841043574753,8,tier1,2,128,medium,0.2,241,4128157122
validation,257841043574753,8,tier1,2,128,medium,0.2,242,1018487837
validation,257841043574753,8,tier1,2,128,medium,0.2,243,1959507808
validation,257841043574753,8,tier1,2,128,medium,0.2,244,1902520158
validation,257841043574753,8,tier1,2,128,medium,0.2,245,2136576447
validation,257841043574753,8,tier1,2,128,medium,0.2,246,3574768134
validation,257841043574753,8,tier1,2,128,medium,0.2,247,2093005704
validation,257841043574753,8,tier1,2,128,medium,0.2,248,746961825
validation,257841043574753,8,tier1,2,128,medium,0.2,249,3140661315
validation,257841043574753,8,tier1,2,128,medium,0.2,250,3891426103
validation,257841043574753,8,tier1,2,128,medium,0.2,251,3935974033
validation,257841043574753,8,tier1,2,128,medium,0.2,252,2302894212
validation,257841043574753,8,tier1,2,128,medium,0.2,253,3379573153
validation,257841043574753,8,tier1,2,128,medium,0.2,254,2422845483
validation,257841043574753,8,tier1,2,128,medium,0.2,255,2398564147
validation,257841043574753,8,tier1,2,128,medium,0.2,256,959948191
validation,257841043574753,8,tier1,2,128,medium,0.2,257,4195676324
validation,257841043574753,8,tier1,2,128,medium,0.2,258,1468073255
validation,257841043574753,8,tier1,2,128,medium,0.2,259,2495485709
validation,257841043574753,8,tier1,2,128,medium,0.2,260,3769227815
validation,257841043574753,8,tier1,2,128,medium,0.2,261,2644245700
validation,257841043574753,8,tier1,2,128,medium,0.2,262,1361600606
validation,257841043574753,8,tier1,2,128,medium,0.2,263,3558633732
validation,257841043574753,8,tier1,2,128,medium,0.2,264,4272223665
validation,257841043574753,8,tier1,2,128,medium,0.2,265,952500593
validation,257841043574753,8,tier1,2,128,medium,0.2,266,2774231355
validation,257841043574753,8,tier1,2,128,medium,0.2,267,564980155
validation,257841043574753,8,tier1,2,128,medium,0.2,268,3511815839
validation,257841043574753,8,tier1,2,128,medium,0.2,269,3354505560
validation,257841043574753,8,tier1,2,128,medium,0.2,270,3488513262
validation,257841043574753,8,tier1,2,128,medium,0.2,271,844424251
validation,257841043574753,8,tier1,2,128,medium,0.2,272,2126714757
validation,257841043574753,8,tier1,2,128,medium,0.2,273,1271561272
validation,257841043574753,8,tier1,2,128,medium,0.2,274,1156027486
validation,257841043574753,8,tier1,2,128,medium,0.2,275,1114917603
validation,257841043574753,8,tier1,2,128,medium,0.2,276,4188589222
validation,257841043574753,8,tier1,2,128,medium,0.2,277,978586178
validation,257841043574753,8,tier1,2,128,medium,0.2,278,530598074
validation,257841043574753,8,tier1,2,128,medium,0.2,279,3552412470
validation,257841043574753,8,tier1,2,128,medium,0.2,280,1289712056
validation,257841043574753,8,tier1,2,128,medium,0.2,281,370977248
validation,257841043574753,8,tier1,2,128,medium,0.2,282,2913113218
validation,257841043574753,8,tier1,2,128,medium,0.2,283,1615010738
validation,257841043574753,8,tier1,2,128,medium,0.2,284,3004016334
validation,257841043574753,8,tier1,2,128,medium,0.2,285,1882125436
validation,257841043574753,8,tier1,2,128,medium,0.2,286,1009070072
validation,257841043574753,8,tier1,2,128,medium,0.2,287,1179894676
validation,257841043574753,8,tier1,2,128,medium,0.2,288,384733590
validation,257841043574753,8,tier1,2,128,medium,0.2,289,3771309180
validation,257841043574753,8,tier1,2,128,medium,0.2,290,3327922746
validation,257841043574753,8,tier1,2,128,medium,0.2,291,1388968257
validation,257841043574753,8,tier1,2,128,medium,0.2,292,2338117625
validation,257841043574753,8,tier1,2,128,medium,0.2,293,3099658097
validation,257841043574753,8,tier1,2,128,medium,0.2,294,963242133
validation,257841043574753,8,tier1,2,128,medium,0.2,295,1797447985
validation,257841043574753,8,tier1,2,128,medium,0.2,296,3046260092
validation,257841043574753,8,tier1,2,128,medium,0.2,297,1700134967
validation,257841043574753,8,tier1,2,128,medium,0.2,298,581918886
validation,257841043574753,8,tier1,2,128,medium,0.2,299,3296542717
validation,257841043574753,8,tier1,2,128,medium,0.2,300,1968622866
validation,257841043574753,8,tier1,2,128,medium,0.2,301,2936497938
validation,257841043574753,8,tier1,2,128,medium,0.2,302,621527098
validation,257841043574753,8,tier1,2,128,medium,0.2,303,1196307492
validation,257841043574753,8,tier1,2,128,medium,0.2,304,2659240369
validation,257841043574753,8,tier1,2,128,medium,0.2,305,2932637176
validation,257841043574753,8,tier1,2,128,medium,0.2,306,235066619
validation,257841043574753,8,tier1,2,128,medium,0.2,307,3744359428
validation,257841043574753,8,tier1,2,128,medium,0.2,308,2204021979
validation,257841043574753,8,tier1,2,128,medium,0.2,309,2149887023
validation,257841043574753,8,tier1,2,128,medium,0.2,310,2948789051
validation,257841043574753,8,tier1,2,128,medium,0.2,311,2575032403
validation,257841043574753,8,tier1,2,128,medium,0.2,312,824969870
validation,257841043574753,8,tier1,2,128,medium,0.2,313,2426330614
validation,257841043574753,8,tier1,2,128,medium,0.2,314,2517374633
validation,257841043574753,8,tier1,2,128,medium,0.2,315,4291225419
validation,257841043574753,8,tier1,2,128,medium,0.2,316,3424976490
validation,257841043574753,8,tier1,2,128,medium,0.2,317,4094684279
validation,257841043574753,8,tier1,2,128,medium,0.2,318,3153291936
validation,257841043574753,8,tier1,2,128,medium,0.2,319,1175476373
validation,257841043574753,8,tier1,2,128,medium,0.2,320,3428700671
validation,257841043574753,8,tier1,2,128,medium,0.2,321,2976868902
validation,257841043574753,8,tier1,2,128,medium,0.2,322,978297515
validation,257841043574753,8,tier1,2,128,medium,0.2,323,3103887375
validation,257841043574753,8,tier1,2,128,medium,0.2,324,3564559317
validation,257841043574753,8,tier1,2,128,medium,0.2,325,1731648168
validation,257841043574753,8,tier1,2,128,medium,0.2,326,3505518714
validation,257841043574753,8,tier1,2,128,medium,0.2,327,2487904352
validation,257841043574753,8,tier1,2,128,medium,0.2,328,3421216423
validation,257841043574753,8,tier1,2,128,medium,0.2,329,1000665833
validation,257841043574753,8,tier1,2,128,medium,0.2,330,2129325455
validation,257841043574753,8,tier1,2,128,medium,0.2,331,2968017070
validation,257841043574753,8,tier1,2,128,medium,0.2,332,3182910155
validation,257841043574753,8,tier1,2,128,medium,0.2,333,833953342
validation,257841043574753,8,tier1,2,128,medium,0.2,334,1449751071
validation,257841043574753,8,tier1,2,128,medium,0.2,335,2919919912
validation,257841043574753,8,tier1,2,128,medium,0.2,336,443939980
validation,257841043574753,8,tier1,2,128,medium,0.2,337,2240593279
validation,257841043574753,8,tier1,2,128,medium,0.2,338,2353971629
validation,257841043574753,8,tier1,2,128,medium,0.2,339,1433789277
validation,257841043574753,8,tier1,2,128,medium,0.2,340,3802270762
validation,257841043574753,8,tier1,2,128,medium,0.2,341,3032862264
validation,257841043574753,8,tier1,2,128,medium,0.2,342,3869103282
validation,257841043574753,8,tier1,2,128,medium,0.2,343,1698235742
validation,257841043574753,8,tier1,2,128,medium,0.2,344,2846189258
validation,257841043574753,8,tier1,2,128,medium,0.2,345,3411240211
validation,257841043574753,8,tier1,2,128,medium,0.2,346,2883592561
validation,257841043574753,8,tier1,2,128,medium,0.2,347,1229586525
validation,257841043574753,8,tier1,2,128,medium,0.2,348,1545339631
validation,257841043574753,8,tier1,2,128,medium,0.2,349,818146598
validation,257841043574753,8,tier1,2,128,medium,0.2,350,1764526323
validation,257841043574753,8,tier1,2,128,medium,0.2,351,4016380672
validation,257841043574753,8,tier1,2,128,medium,0.2,352,1703362547
validation,257841043574753,8,tier1,2,128,medium,0.2,353,1962641775
validation,257841043574753,8,tier1,2,128,medium,0.2,354,2674516230
validation,257841043574753,8,tier1,2,128,medium,0.2,355,414122950
validation,257841043574753,8,tier1,2,128,medium,0.2,356,2498305177
validation,257841043574753,8,tier1,2,128,medium,0.2,357,667689295
validation,257841043574753,8,tier1,2,128,medium,0.2,358,1183365707
validation,257841043574753,8,tier1,2,128,medium,0.2,359,487476453
validation,257841043574753,8,tier1,2,128,medium,0.2,360,985738211
validation,257841043574753,8,tier1,2,128,medium,0.2,361,2387129337
validation,257841043574753,8,tier1,2,128,medium,0.2,362,3150301725
validation,257841043574753,8,tier1,2,128,medium,0.2,363,1242080808
validation,257841043574753,8,tier1,2,128,medium,0.2,364,1678973298
validation,257841043574753,8,tier1,2,128,medium,0.2,365,993125561
validation,257841043574753,8,tier1,2,128,medium,0.2,366,904416976
validation,257841043574753,8,tier1,2,128,medium,0.2,367,1233512151
validation,257841043574753,8,tier1,2,128,medium,0.2,368,432337648
validation,257841043574753,8,tier1,2,128,medium,0.2,369,4125825424
validation,257841043574753,8,tier1,2,128,medium,0.2,370,3976113124
validation,257841043574753,8,tier1,2,128,medium,0.2,371,1821072831
validation,257841043574753,8,tier1,2,128,medium,0.2,372,3810201517
validation,257841043574753,8,tier1,2,128,medium,0.2,373,4166189859
validation,257841043574753,8,tier1,2,128,medium,0.2,374,3457541732
validation,257841043574753,8,tier1,2,128,medium,0.2,375,675784598
validation,257841043574753,8,tier1,2,128,medium,0.2,376,1896324380
validation,257841043574753,8,tier1,2,128,medium,0.2,377,1841554006
validation,257841043574753,8,tier1,2,128,medium,0.2,378,401070708
validation,257841043574753,8,tier1,2,128,medium,0.2,379,2216471450
validation,257841043574753,8,tier1,2,128,medium,0.2,380,4260077346
validation,257841043574753,8,tier1,2,128,medium,0.2,381,157284479
validation,257841043574753,8,tier1,2,128,medium,0.2,382,1299015046
validation,257841043574753,8,tier1,2,128,medium,0.2,383,3669426023
validation,257841043574753,8,tier1,2,128,medium,0.2,384,165435576
validation,257841043574753,8,tier1,2,128,medium,0.2,385,3169794385
validation,257841043574753,8,tier1,2,128,medium,0.2,386,2034246668
validation,257841043574753,8,tier1,2,128,medium,0.2,387,1951584151
validation,257841043574753,8,tier1,2,128,medium,0.2,388,879863073
validation,257841043574753,8,tier1,2,128,medium,0.2,389,2825256765
validation,257841043574753,8,tier1,2,128,medium,0.2,390,2351806665
validation,257841043574753,8,tier1,2,128,medium,0.2,391,1908206678
validation,257841043574753,8,tier1,2,128,medium,0.2,392,2772086291
validation,257841043574753,8,tier1,2,128,medium,0.2,393,831389145
validation,257841043574753,8,tier1,2,128,medium,0.2,394,1331815896
validation,257841043574753,8,tier1,2,128,medium,0.2,395,1286375706
validation,257841043574753,8,tier1,2,128,medium,0.2,396,3856583427
validation,257841043574753,8,tier1,2,128,medium,0.2,397,1488231639
validation,257841043574753,8,tier1,2,128,medium,0.2,398,325382995
validation,257841043574753,8,tier1,2,128,medium,0.2,399,364791502
validation,257841043574753,8,tier1,2,128,medium,0.2,400,3342625679
validation,257841043574753,8,tier1,2,128,medium,0.2,401,1357526061
validation,257841043574753,8,tier1,2,128,medium,0.2,402,2172290946
validation,257841043574753,8,tier1,2,128,medium,0.2,403,1937930567
validation,257841043574753,8,tier1,2,128,medium,0.2,404,236679715
validation,257841043574753,8,tier1,2,128,medium,0.2,405,1773647948
validation,257841043574753,8,tier1,2,128,medium,0.2,406,3833046348
validation,257841043574753,8,tier1,2,128,medium,0.2,407,3726685799
validation,257841043574753,8,tier1,2,128,medium,0.2,408,3471429388
validation,257841043574753,8,tier1,2,128,medium,0.2,409,1523654196
validation,257841043574753,8,tier1,2,128,medium,0.2,410,329360589
validation,257841043574753,8,tier1,2,128,medium,0.2,411,2902603008
validation,257841043574753,8,tier1,2,128,medium,0.2,412,3692050382
validation,257841043574753,8,tier1,2,128,medium,0.2,413,2044297072
validation,257841043574753,8,tier1,2,128,medium,0.2,414,269159083
validation,257841043574753,8,tier1,2,128,medium,0.2,415,2559653191
validation,257841043574753,8,tier1,2,128,medium,0.2,416,3578176582
validation,257841043574753,8,tier1,2,128,medium,0.2,417,631071167
validation,257841043574753,8,tier1,2,128,medium,0.2,418,947794614
validation,257841043574753,8,tier1,2,128,medium,0.2,419,196566321
validation,257841043574753,8,tier1,2,128,medium,0.2,420,4102997115
validation,257841043574753,8,tier1,2,128,medium,0.2,421,1128314001
validation,257841043574753,8,tier1,2,128,medium,0.2,422,3609140515
validation,257841043574753,8,tier1,2,128,medium,0.2,423,1714897032
validation,257841043574753,8,tier1,2,128,medium,0.2,424,2824233476
validation,257841043574753,8,tier1,2,128,medium,0.2,425,661043177
validation,257841043574753,8,tier1,2,128,medium,0.2,426,251427261
validation,257841043574753,8,tier1,2,128,medium,0.2,427,1767143679
validation,257841043574753,8,tier1,2,128,medium,0.2,428,3084078691
validation,257841043574753,8,tier1,2,128,medium,0.2,429,82672484
validation,257841043574753,8,tier1,2,128,medium,0.2,430,1766814310
validation,257841043574753,8,tier1,2,128,medium,0.2,431,419793
validation,257841043574753,8,tier1,2,128,medium,0.2,432,1440489105
validation,257841043574753,8,tier1,2,128,medium,0.2,433,2235946947
validation,257841043574753,8,tier1,2,128,medium,0.2,434,2847154795
validation,257841043574753,8,tier1,2,128,medium,0.2,435,2455824121
validation,257841043574753,8,tier1,2,128,medium,0.2,436,3310186890
validation,257841043574753,8,tier1,2,128,medium,0.2,437,445135684
validation,257841043574753,8,tier1,2,128,medium,0.2,438,345756003
validation,257841043574753,8,tier1,2,128,medium,0.2,439,3199235768
validation,257841043574753,8,tier1,2,128,medium,0.2,440,1618912313
validation,257841043574753,8,tier1,2,128,medium,0.2,441,533990140
validation,257841043574753,8,tier1,2,128,medium,0.2,442,1545107547
validation,257841043574753,8,tier1,2,128,medium,0.2,443,2298576559
validation,257841043574753,8,tier1,2,128,medium,0.2,444,3972877833
validation,257841043574753,8,tier1,2,128,medium,0.2,445,3784827717
validation,257841043574753,8,tier1,2,128,medium,0.2,446,3171461796
validation,257841043574753,8,tier1,2,128,medium,0.2,447,3790048778
validation,257841043574753,8,tier1,2,128,medium,0.2,448,932529127
validation,257841043574753,8,tier1,2,128,medium,0.2,449,181663206
validation,257841043574753,8,tier1,2,128,medium,0.2,450,2345916352
validation,257841043574753,8,tier1,2,128,medium,0.2,451,1575038737
validation,257841043574753,8,tier1,2,128,medium,0.2,452,2553457017
validation,257841043574753,8,tier1,2,128,medium,0.2,453,380664131
validation,257841043574753,8,tier1,2,128,medium,0.2,454,1014431147
validation,257841043574753,8,tier1,2,128,medium,0.2,455,1145459708
validation,257841043574753,8,tier1,2,128,medium,0.2,456,232500678
validation,257841043574753,8,tier1,2,128,medium,0.2,457,2948184673
validation,257841043574753,8,tier1,2,128,medium,0.2,458,1543910719
validation,257841043574753,8,tier1,2,128,medium,0.2,459,2689050177
validation,257841043574753,8,tier1,2,128,medium,0.2,460,2187741466
validation,257841043574753,8,tier1,2,128,medium,0.2,461,1970921108
validation,257841043574753,8,tier1,2,128,medium,0.2,462,1208355869
validation,257841043574753,8,tier1,2,128,medium,0.2,463,110473471
validation,257841043574753,8,tier1,2,128,medium,0.2,464,960696833
validation,257841043574753,8,tier1,2,128,medium,0.2,465,2610989105
validation,257841043574753,8,tier1,2,128,medium,0.2,466,2994798153
validation,257841043574753,8,tier1,2,128,medium,0.2,467,3964210242
validation,257841043574753,8,tier1,2,128,medium,0.2,468,3426556824
validation,257841043574753,8,tier1,2,128,medium,0.2,469,1751505511
validation,257841043574753,8,tier1,2,128,medium,0.2,470,3978011801
validation,257841043574753,8,tier1,2,128,medium,0.2,471,1550405627
validation,257841043574753,8,tier1,2,128,medium,0.2,472,1388502731
validation,257841043574753,8,tier1,2,128,medium,0.2,473,1976400364
validation,257841043574753,8,tier1,2,128,medium,0.2,474,201476420
validation,257841043574753,8,tier1,2,128,medium,0.2,475,3834690425
validation,257841043574753,8,tier1,2,128,medium,0.2,476,2976343445
validation,257841043574753,8,tier1,2,128,medium,0.2,477,583251885
validation,257841043574753,8,tier1,2,128,medium,0.2,478,99572557
validation,257841043574753,8,tier1,2,128,medium,0.2,479,3938504344
validation,257841043574753,8,tier1,2,128,medium,0.2,480,2201158729
validation,257841043574753,8,tier1,2,128,medium,0.2,481,456864589
validation,257841043574753,8,tier1,2,128,medium,0.2,482,1863157265
validation,257841043574753,8,tier1,2,128,medium,0.2,483,539581036
validation,257841043574753,8,tier1,2,128,medium,0.2,484,1331831732
validation,257841043574753,8,tier1,2,128,medium,0.2,485,3213355547
validation,257841043574753,8,tier1,2,128,medium,0.2,486,4117765261
validation,257841043574753,8,tier1,2,128,medium,0.2,487,1642878389
validation,257841043574753,8,tier1,2,128,medium,0.2,488,1710571620
validation,257841043574753,8,tier1,2,128,medium,0.2,489,888261345
validation,257841043574753,8,tier1,2,128,medium,0.2,490,3566922949
validation,257841043574753,8,tier1,2,128,medium,0.2,491,1813692379
validation,257841043574753,8,tier1,2,128,medium,0.2,492,1017214282
validation,257841043574753,8,tier1,2,128,medium,0.2,493,3713627539
validation,257841043574753,8,tier1,2,128,medium,0.2,494,2056331121
validation,257841043574753,8,tier1,2,128,medium,0.2,495,3727863602
validation,257841043574753,8,tier1,2,128,medium,0.2,496,2884933973
validation,257841043574753,8,tier1,2,128,medium,0.2,497,2928284652
validation,257841043574753,8,tier1,2,128,medium,0.2,498,1412887153
validation,257841043574753,8,tier1,2,128,medium,0.2,499,4015553048
validation,257841043574753,9,tier1,2,128,high,0.1,0,2521715137
validation,257841043574753,9,tier1,2,128,high,0.1,1,636209238
validation,257841043574753,9,tier1,2,128,high,0.1,2,4137047626
validation,257841043574753,9,tier1,2,128,high,0.1,3,1520079558
validation,257841043574753,9,tier1,2,128,high,0.1,4,184408004
validation,257841043574753,9,tier1,2,128,high,0.1,5,3088621309
validation,257841043574753,9,tier1,2,128,high,0.1,6,374941933
validation,257841043574753,9,tier1,2,128,high,0.1,7,595474790
validation,257841043574753,9,tier1,2,128,high,0.1,8,381044213
validation,257841043574753,9,tier1,2,128,high,0.1,9,2061858521
validation,257841043574753,9,tier1,2,128,high,0.1,10,3934698478
validation,257841043574753,9,tier1,2,128,high,0.1,11,1064563136
validation,257841043574753,9,tier1,2,128,high,0.1,12,574047195
validation,257841043574753,9,tier1,2,128,high,0.1,13,2458680631
validation,257841043574753,9,tier1,2,128,high,0.1,14,3843572727
validation,257841043574753,9,tier1,2,128,high,0.1,15,3610400306
validation,257841043574753,9,tier1,2,128,high,0.1,16,861934782
validation,257841043574753,9,tier1,2,128,high,0.1,17,1917620934
validation,257841043574753,9,tier1,2,128,high,0.1,18,3024889785
validation,257841043574753,9,tier1,2,128,high,0.1,19,630874084
validation,257841043574753,9,tier1,2,128,high,0.1,20,4175063305
validation,257841043574753,9,tier1,2,128,high,0.1,21,2646522655
validation,257841043574753,9,tier1,2,128,high,0.1,22,3177168871
validation,257841043574753,9,tier1,2,128,high,0.1,23,380846095
validation,257841043574753,9,tier1,2,128,high,0.1,24,1126854706
validation,257841043574753,9,tier1,2,128,high,0.1,25,3285118699
validation,257841043574753,9,tier1,2,128,high,0.1,26,2821054196
validation,257841043574753,9,tier1,2,128,high,0.1,27,1882321194
validation,257841043574753,9,tier1,2,128,high,0.1,28,1524322422
validation,257841043574753,9,tier1,2,128,high,0.1,29,2781025684
validation,257841043574753,9,tier1,2,128,high,0.1,30,2709873547
validation,257841043574753,9,tier1,2,128,high,0.1,31,273898578
validation,257841043574753,9,tier1,2,128,high,0.1,32,187912475
validation,257841043574753,9,tier1,2,128,high,0.1,33,1027139033
validation,257841043574753,9,tier1,2,128,high,0.1,34,807134454
validation,257841043574753,9,tier1,2,128,high,0.1,35,722709788
validation,257841043574753,9,tier1,2,128,high,0.1,36,3459137133
validation,257841043574753,9,tier1,2,128,high,0.1,37,1480694560
validation,257841043574753,9,tier1,2,128,high,0.1,38,831556776
validation,257841043574753,9,tier1,2,128,high,0.1,39,2323280952
validation,257841043574753,9,tier1,2,128,high,0.1,40,1083031962
validation,257841043574753,9,tier1,2,128,high,0.1,41,2845563633
validation,257841043574753,9,tier1,2,128,high,0.1,42,1583024649
validation,257841043574753,9,tier1,2,128,high,0.1,43,716184083
validation,257841043574753,9,tier1,2,128,high,0.1,44,3372570788
validation,257841043574753,9,tier1,2,128,high,0.1,45,1101757088
validation,257841043574753,9,tier1,2,128,high,0.1,46,3477171594
validation,257841043574753,9,tier1,2,128,high,0.1,47,2223217877
validation,257841043574753,9,tier1,2,128,high,0.1,48,1914776743
validation,257841043574753,9,tier1,2,128,high,0.1,49,718064326
validation,257841043574753,9,tier1,2,128,high,0.1,50,3045727717
validation,257841043574753,9,tier1,2,128,high,0.1,51,3287609374
validation,257841043574753,9,tier1,2,128,high,0.1,52,2035728085
validation,257841043574753,9,tier1,2,128,high,0.1,53,1713119775
validation,257841043574753,9,tier1,2,128,high,0.1,54,3538592864
validation,257841043574753,9,tier1,2,128,high,0.1,55,436981796
validation,257841043574753,9,tier1,2,128,high,0.1,56,1501427774
validation,257841043574753,9,tier1,2,128,high,0.1,57,783823979
validation,257841043574753,9,tier1,2,128,high,0.1,58,229320269
validation,257841043574753,9,tier1,2,128,high,0.1,59,3836900506
validation,257841043574753,9,tier1,2,128,high,0.1,60,2665607321
validation,257841043574753,9,tier1,2,128,high,0.1,61,2834346305
validation,257841043574753,9,tier1,2,128,high,0.1,62,154941025
validation,257841043574753,9,tier1,2,128,high,0.1,63,3243988850
validation,257841043574753,9,tier1,2,128,high,0.1,64,3276179386
validation,257841043574753,9,tier1,2,128,high,0.1,65,4239776494
validation,257841043574753,9,tier1,2,128,high,0.1,66,2562684269
validation,257841043574753,9,tier1,2,128,high,0.1,67,1809964916
validation,257841043574753,9,tier1,2,128,high,0.1,68,2424604149
validation,257841043574753,9,tier1,2,128,high,0.1,69,2614509484
validation,257841043574753,9,tier1,2,128,high,0.1,70,2557438157
validation,257841043574753,9,tier1,2,128,high,0.1,71,3733709304
validation,257841043574753,9,tier1,2,128,high,0.1,72,1902662765
validation,257841043574753,9,tier1,2,128,high,0.1,73,2234498686
validation,257841043574753,9,tier1,2,128,high,0.1,74,127587274
validation,257841043574753,9,tier1,2,128,high,0.1,75,1061816668
validation,257841043574753,9,tier1,2,128,high,0.1,76,1738572978
validation,257841043574753,9,tier1,2,128,high,0.1,77,33173609
validation,257841043574753,9,tier1,2,128,high,0.1,78,2225212082
validation,257841043574753,9,tier1,2,128,high,0.1,79,3212024662
validation,257841043574753,9,tier1,2,128,high,0.1,80,1524701136
validation,257841043574753,9,tier1,2,128,high,0.1,81,2708184751
validation,257841043574753,9,tier1,2,128,high,0.1,82,4208236601
validation,257841043574753,9,tier1,2,128,high,0.1,83,1123217531
validation,257841043574753,9,tier1,2,128,high,0.1,84,1994440312
validation,257841043574753,9,tier1,2,128,high,0.1,85,2056623401
validation,257841043574753,9,tier1,2,128,high,0.1,86,3916097489
validation,257841043574753,9,tier1,2,128,high,0.1,87,3384302318
validation,257841043574753,9,tier1,2,128,high,0.1,88,1089540507
validation,257841043574753,9,tier1,2,128,high,0.1,89,2298454374
validation,257841043574753,9,tier1,2,128,high,0.1,90,420052375
validation,257841043574753,9,tier1,2,128,high,0.1,91,3973651358
validation,257841043574753,9,tier1,2,128,high,0.1,92,1811363613
validation,257841043574753,9,tier1,2,128,high,0.1,93,1600294308
validation,257841043574753,9,tier1,2,128,high,0.1,94,1275077955
validation,257841043574753,9,tier1,2,128,high,0.1,95,3968707373
validation,257841043574753,9,tier1,2,128,high,0.1,96,2072920112
validation,257841043574753,9,tier1,2,128,high,0.1,97,2477850242
validation,257841043574753,9,tier1,2,128,high,0.1,98,3686356952
validation,257841043574753,9,tier1,2,128,high,0.1,99,3156643393
validation,257841043574753,9,tier1,2,128,high,0.1,100,2442856195
validation,257841043574753,9,tier1,2,128,high,0.1,101,3414805419
validation,257841043574753,9,tier1,2,128,high,0.1,102,791151318
validation,257841043574753,9,tier1,2,128,high,0.1,103,4280182493
validation,257841043574753,9,tier1,2,128,high,0.1,104,4136439874
validation,257841043574753,9,tier1,2,128,high,0.1,105,748631007
validation,257841043574753,9,tier1,2,128,high,0.1,106,2386844417
validation,257841043574753,9,tier1,2,128,high,0.1,107,703021393
validation,257841043574753,9,tier1,2,128,high,0.1,108,606601758
validation,257841043574753,9,tier1,2,128,high,0.1,109,840856850
validation,257841043574753,9,tier1,2,128,high,0.1,110,307904749
validation,257841043574753,9,tier1,2,128,high,0.1,111,3883996687
validation,257841043574753,9,tier1,2,128,high,0.1,112,1108243953
validation,257841043574753,9,tier1,2,128,high,0.1,113,2274850453
validation,257841043574753,9,tier1,2,128,high,0.1,114,195948493
validation,257841043574753,9,tier1,2,128,high,0.1,115,2284173992
validation,257841043574753,9,tier1,2,128,high,0.1,116,1292564814
validation,257841043574753,9,tier1,2,128,high,0.1,117,3045975361
validation,257841043574753,9,tier1,2,128,high,0.1,118,793800255
validation,257841043574753,9,tier1,2,128,high,0.1,119,1308237116
validation,257841043574753,9,tier1,2,128,high,0.1,120,2254828511
validation,257841043574753,9,tier1,2,128,high,0.1,121,3400158570
validation,257841043574753,9,tier1,2,128,high,0.1,122,327038512
validation,257841043574753,9,tier1,2,128,high,0.1,123,1254661555
validation,257841043574753,9,tier1,2,128,high,0.1,124,2985566612
validation,257841043574753,9,tier1,2,128,high,0.1,125,3724792477
validation,257841043574753,9,tier1,2,128,high,0.1,126,1689879645
validation,257841043574753,9,tier1,2,128,high,0.1,127,2762754912
validation,257841043574753,9,tier1,2,128,high,0.1,128,230280840
validation,257841043574753,9,tier1,2,128,high,0.1,129,1283937655
validation,257841043574753,9,tier1,2,128,high,0.1,130,1719706757
validation,257841043574753,9,tier1,2,128,high,0.1,131,1849715218
validation,257841043574753,9,tier1,2,128,high,0.1,132,3099078147
validation,257841043574753,9,tier1,2,128,high,0.1,133,625013192
validation,257841043574753,9,tier1,2,128,high,0.1,134,2659984748
validation,257841043574753,9,tier1,2,128,high,0.1,135,1766392286
validation,257841043574753,9,tier1,2,128,high,0.1,136,1991012766
validation,257841043574753,9,tier1,2,128,high,0.1,137,2869245888
validation,257841043574753,9,tier1,2,128,high,0.1,138,3900443684
validation,257841043574753,9,tier1,2,128,high,0.1,139,2231626620
validation,257841043574753,9,tier1,2,128,high,0.1,140,1477687714
validation,257841043574753,9,tier1,2,128,high,0.1,141,792129373
validation,257841043574753,9,tier1,2,128,high,0.1,142,3321599577
validation,257841043574753,9,tier1,2,128,high,0.1,143,3333403705
validation,257841043574753,9,tier1,2,128,high,0.1,144,3443228375
validation,257841043574753,9,tier1,2,128,high,0.1,145,4183620906
validation,257841043574753,9,tier1,2,128,high,0.1,146,2649243340
validation,257841043574753,9,tier1,2,128,high,0.1,147,1098321788
validation,257841043574753,9,tier1,2,128,high,0.1,148,1835034110
validation,257841043574753,9,tier1,2,128,high,0.1,149,115324940
validation,257841043574753,9,tier1,2,128,high,0.1,150,980459963
validation,257841043574753,9,tier1,2,128,high,0.1,151,2505793990
validation,257841043574753,9,tier1,2,128,high,0.1,152,894029203
validation,257841043574753,9,tier1,2,128,high,0.1,153,3443486761
validation,257841043574753,9,tier1,2,128,high,0.1,154,4130226358
validation,257841043574753,9,tier1,2,128,high,0.1,155,3385304399
validation,257841043574753,9,tier1,2,128,high,0.1,156,1335123665
validation,257841043574753,9,tier1,2,128,high,0.1,157,3726711127
validation,257841043574753,9,tier1,2,128,high,0.1,158,2468203530
validation,257841043574753,9,tier1,2,128,high,0.1,159,2291698886
validation,257841043574753,9,tier1,2,128,high,0.1,160,2797392202
validation,257841043574753,9,tier1,2,128,high,0.1,161,1133240784
validation,257841043574753,9,tier1,2,128,high,0.1,162,500835943
validation,257841043574753,9,tier1,2,128,high,0.1,163,94850499
validation,257841043574753,9,tier1,2,128,high,0.1,164,3908377666
validation,257841043574753,9,tier1,2,128,high,0.1,165,1630667523
validation,257841043574753,9,tier1,2,128,high,0.1,166,2153081853
validation,257841043574753,9,tier1,2,128,high,0.1,167,639031593
validation,257841043574753,9,tier1,2,128,high,0.1,168,2595890272
validation,257841043574753,9,tier1,2,128,high,0.1,169,2276049164
validation,257841043574753,9,tier1,2,128,high,0.1,170,1343662295
validation,257841043574753,9,tier1,2,128,high,0.1,171,1017546757
validation,257841043574753,9,tier1,2,128,high,0.1,172,1183382969
validation,257841043574753,9,tier1,2,128,high,0.1,173,4283889932
validation,257841043574753,9,tier1,2,128,high,0.1,174,3982196139
validation,257841043574753,9,tier1,2,128,high,0.1,175,1521784212
validation,257841043574753,9,tier1,2,128,high,0.1,176,1437001602
validation,257841043574753,9,tier1,2,128,high,0.1,177,4161772783
validation,257841043574753,9,tier1,2,128,high,0.1,178,3188192932
validation,257841043574753,9,tier1,2,128,high,0.1,179,3444553109
validation,257841043574753,9,tier1,2,128,high,0.1,180,1476280835
validation,257841043574753,9,tier1,2,128,high,0.1,181,280214748
validation,257841043574753,9,tier1,2,128,high,0.1,182,4146606748
validation,257841043574753,9,tier1,2,128,high,0.1,183,1448535352
validation,257841043574753,9,tier1,2,128,high,0.1,184,3124415659
validation,257841043574753,9,tier1,2,128,high,0.1,185,436396522
validation,257841043574753,9,tier1,2,128,high,0.1,186,2778233017
validation,257841043574753,9,tier1,2,128,high,0.1,187,2730403994
validation,257841043574753,9,tier1,2,128,high,0.1,188,1546088702
validation,257841043574753,9,tier1,2,128,high,0.1,189,4156652775
validation,257841043574753,9,tier1,2,128,high,0.1,190,565082411
validation,257841043574753,9,tier1,2,128,high,0.1,191,1685463970
validation,257841043574753,9,tier1,2,128,high,0.1,192,471777313
validation,257841043574753,9,tier1,2,128,high,0.1,193,2211881928
validation,257841043574753,9,tier1,2,128,high,0.1,194,947955034
validation,257841043574753,9,tier1,2,128,high,0.1,195,1100777061
validation,257841043574753,9,tier1,2,128,high,0.1,196,1676977676
validation,257841043574753,9,tier1,2,128,high,0.1,197,4177597838
validation,257841043574753,9,tier1,2,128,high,0.1,198,3818448720
validation,257841043574753,9,tier1,2,128,high,0.1,199,1141783971
validation,257841043574753,9,tier1,2,128,high,0.1,200,3714735752
validation,257841043574753,9,tier1,2,128,high,0.1,201,3351009944
validation,257841043574753,9,tier1,2,128,high,0.1,202,1156679218
validation,257841043574753,9,tier1,2,128,high,0.1,203,2562864496
validation,257841043574753,9,tier1,2,128,high,0.1,204,2876193683
validation,257841043574753,9,tier1,2,128,high,0.1,205,3239188371
validation,257841043574753,9,tier1,2,128,high,0.1,206,3688193284
validation,257841043574753,9,tier1,2,128,high,0.1,207,1358706276
validation,257841043574753,9,tier1,2,128,high,0.1,208,1777306630
validation,257841043574753,9,tier1,2,128,high,0.1,209,3878912637
validation,257841043574753,9,tier1,2,128,high,0.1,210,643845636
validation,257841043574753,9,tier1,2,128,high,0.1,211,2842963745
validation,257841043574753,9,tier1,2,128,high,0.1,212,3905526063
validation,257841043574753,9,tier1,2,128,high,0.1,213,3819119022
validation,257841043574753,9,tier1,2,128,high,0.1,214,1917358727
validation,257841043574753,9,tier1,2,128,high,0.1,215,1569755407
validation,257841043574753,9,tier1,2,128,high,0.1,216,2325290413
validation,257841043574753,9,tier1,2,128,high,0.1,217,949704142
validation,257841043574753,9,tier1,2,128,high,0.1,218,189995181
validation,257841043574753,9,tier1,2,128,high,0.1,219,285037895
validation,257841043574753,9,tier1,2,128,high,0.1,220,2027756715
validation,257841043574753,9,tier1,2,128,high,0.1,221,2165936908
validation,257841043574753,9,tier1,2,128,high,0.1,222,4084444962
validation,257841043574753,9,tier1,2,128,high,0.1,223,514498748
validation,257841043574753,9,tier1,2,128,high,0.1,224,2283027582
validation,257841043574753,9,tier1,2,128,high,0.1,225,1434372001
validation,257841043574753,9,tier1,2,128,high,0.1,226,2905081512
validation,257841043574753,9,tier1,2,128,high,0.1,227,3549862561
validation,257841043574753,9,tier1,2,128,high,0.1,228,1067646528
validation,257841043574753,9,tier1,2,128,high,0.1,229,3008691898
validation,257841043574753,9,tier1,2,128,high,0.1,230,3546682767
validation,257841043574753,9,tier1,2,128,high,0.1,231,3488577023
validation,257841043574753,9,tier1,2,128,high,0.1,232,3337666196
validation,257841043574753,9,tier1,2,128,high,0.1,233,1907039180
validation,257841043574753,9,tier1,2,128,high,0.1,234,2489585985
validation,257841043574753,9,tier1,2,128,high,0.1,235,1514004638
validation,257841043574753,9,tier1,2,128,high,0.1,236,2185990960
validation,257841043574753,9,tier1,2,128,high,0.1,237,856310681
validation,257841043574753,9,tier1,2,128,high,0.1,238,2640905833
validation,257841043574753,9,tier1,2,128,high,0.1,239,1066663492
validation,257841043574753,9,tier1,2,128,high,0.1,240,1206548561
validation,257841043574753,9,tier1,2,128,high,0.1,241,3458282339
validation,257841043574753,9,tier1,2,128,high,0.1,242,3743542171
validation,257841043574753,9,tier1,2,128,high,0.1,243,2249549853
validation,257841043574753,9,tier1,2,128,high,0.1,244,738065346
validation,257841043574753,9,tier1,2,128,high,0.1,245,1286917565
validation,257841043574753,9,tier1,2,128,high,0.1,246,1191265326
validation,257841043574753,9,tier1,2,128,high,0.1,247,3118163494
validation,257841043574753,9,tier1,2,128,high,0.1,248,1006146003
validation,257841043574753,9,tier1,2,128,high,0.1,249,1431996982
validation,257841043574753,9,tier1,2,128,high,0.1,250,972886661
validation,257841043574753,9,tier1,2,128,high,0.1,251,985817889
validation,257841043574753,9,tier1,2,128,high,0.1,252,1942579343
validation,257841043574753,9,tier1,2,128,high,0.1,253,2140283709
validation,257841043574753,9,tier1,2,128,high,0.1,254,3177152230
validation,257841043574753,9,tier1,2,128,high,0.1,255,4068302622
validation,257841043574753,9,tier1,2,128,high,0.1,256,3315650642
validation,257841043574753,9,tier1,2,128,high,0.1,257,1967307151
validation,257841043574753,9,tier1,2,128,high,0.1,258,1161418795
validation,257841043574753,9,tier1,2,128,high,0.1,259,1160726448
validation,257841043574753,9,tier1,2,128,high,0.1,260,1134806532
validation,257841043574753,9,tier1,2,128,high,0.1,261,2754003321
validation,257841043574753,9,tier1,2,128,high,0.1,262,3872790966
validation,257841043574753,9,tier1,2,128,high,0.1,263,3378281728
validation,257841043574753,9,tier1,2,128,high,0.1,264,3719088179
validation,257841043574753,9,tier1,2,128,high,0.1,265,1740541322
validation,257841043574753,9,tier1,2,128,high,0.1,266,813301539
validation,257841043574753,9,tier1,2,128,high,0.1,267,1778474802
validation,257841043574753,9,tier1,2,128,high,0.1,268,2981707272
validation,257841043574753,9,tier1,2,128,high,0.1,269,949139960
validation,257841043574753,9,tier1,2,128,high,0.1,270,2272490482
validation,257841043574753,9,tier1,2,128,high,0.1,271,1411640368
validation,257841043574753,9,tier1,2,128,high,0.1,272,3992442206
validation,257841043574753,9,tier1,2,128,high,0.1,273,4069992567
validation,257841043574753,9,tier1,2,128,high,0.1,274,2643461424
validation,257841043574753,9,tier1,2,128,high,0.1,275,2581594080
validation,257841043574753,9,tier1,2,128,high,0.1,276,1844863929
validation,257841043574753,9,tier1,2,128,high,0.1,277,457329738
validation,257841043574753,9,tier1,2,128,high,0.1,278,561513103
validation,257841043574753,9,tier1,2,128,high,0.1,279,2838798515
validation,257841043574753,9,tier1,2,128,high,0.1,280,2431318358
validation,257841043574753,9,tier1,2,128,high,0.1,281,370650011
validation,257841043574753,9,tier1,2,128,high,0.1,282,1386298859
validation,257841043574753,9,tier1,2,128,high,0.1,283,737484777
validation,257841043574753,9,tier1,2,128,high,0.1,284,409839387
validation,257841043574753,9,tier1,2,128,high,0.1,285,1210927590
validation,257841043574753,9,tier1,2,128,high,0.1,286,1713237145
validation,257841043574753,9,tier1,2,128,high,0.1,287,658917742
validation,257841043574753,9,tier1,2,128,high,0.1,288,3716977001
validation,257841043574753,9,tier1,2,128,high,0.1,289,171751925
validation,257841043574753,9,tier1,2,128,high,0.1,290,1284764237
validation,257841043574753,9,tier1,2,128,high,0.1,291,3599151474
validation,257841043574753,9,tier1,2,128,high,0.1,292,3998149476
validation,257841043574753,9,tier1,2,128,high,0.1,293,3843811955
validation,257841043574753,9,tier1,2,128,high,0.1,294,3247454917
validation,257841043574753,9,tier1,2,128,high,0.1,295,1225612494
validation,257841043574753,9,tier1,2,128,high,0.1,296,4007906344
validation,257841043574753,9,tier1,2,128,high,0.1,297,2150067312
validation,257841043574753,9,tier1,2,128,high,0.1,298,3161771334
validation,257841043574753,9,tier1,2,128,high,0.1,299,2045227918
validation,257841043574753,9,tier1,2,128,high,0.1,300,1963745615
validation,257841043574753,9,tier1,2,128,high,0.1,301,45151797
validation,257841043574753,9,tier1,2,128,high,0.1,302,3738452246
validation,257841043574753,9,tier1,2,128,high,0.1,303,705205497
validation,257841043574753,9,tier1,2,128,high,0.1,304,1758227982
validation,257841043574753,9,tier1,2,128,high,0.1,305,1452415434
validation,257841043574753,9,tier1,2,128,high,0.1,306,2406278807
validation,257841043574753,9,tier1,2,128,high,0.1,307,772102896
validation,257841043574753,9,tier1,2,128,high,0.1,308,2471362224
validation,257841043574753,9,tier1,2,128,high,0.1,309,2092665754
validation,257841043574753,9,tier1,2,128,high,0.1,310,2549401410
validation,257841043574753,9,tier1,2,128,high,0.1,311,1897198578
validation,257841043574753,9,tier1,2,128,high,0.1,312,2288365530
validation,257841043574753,9,tier1,2,128,high,0.1,313,3626826860
validation,257841043574753,9,tier1,2,128,high,0.1,314,4070912420
validation,257841043574753,9,tier1,2,128,high,0.1,315,3633016145
validation,257841043574753,9,tier1,2,128,high,0.1,316,392865349
validation,257841043574753,9,tier1,2,128,high,0.1,317,1019589632
validation,257841043574753,9,tier1,2,128,high,0.1,318,988820148
validation,257841043574753,9,tier1,2,128,high,0.1,319,2224611082
validation,257841043574753,9,tier1,2,128,high,0.1,320,2863033568
validation,257841043574753,9,tier1,2,128,high,0.1,321,691841430
validation,257841043574753,9,tier1,2,128,high,0.1,322,2845005845
validation,257841043574753,9,tier1,2,128,high,0.1,323,3549545547
validation,257841043574753,9,tier1,2,128,high,0.1,324,3867143064
validation,257841043574753,9,tier1,2,128,high,0.1,325,2378812385
validation,257841043574753,9,tier1,2,128,high,0.1,326,1656018972
validation,257841043574753,9,tier1,2,128,high,0.1,327,1668742509
validation,257841043574753,9,tier1,2,128,high,0.1,328,388995421
validation,257841043574753,9,tier1,2,128,high,0.1,329,1095645642
validation,257841043574753,9,tier1,2,128,high,0.1,330,3795667046
validation,257841043574753,9,tier1,2,128,high,0.1,331,787912492
validation,257841043574753,9,tier1,2,128,high,0.1,332,2974799222
validation,257841043574753,9,tier1,2,128,high,0.1,333,4029779172
validation,257841043574753,9,tier1,2,128,high,0.1,334,3679403108
validation,257841043574753,9,tier1,2,128,high,0.1,335,4213658767
validation,257841043574753,9,tier1,2,128,high,0.1,336,1614186356
validation,257841043574753,9,tier1,2,128,high,0.1,337,1106313524
validation,257841043574753,9,tier1,2,128,high,0.1,338,2813063955
validation,257841043574753,9,tier1,2,128,high,0.1,339,4045466743
validation,257841043574753,9,tier1,2,128,high,0.1,340,1779498710
validation,257841043574753,9,tier1,2,128,high,0.1,341,1875147956
validation,257841043574753,9,tier1,2,128,high,0.1,342,284758263
validation,257841043574753,9,tier1,2,128,high,0.1,343,740182356
validation,257841043574753,9,tier1,2,128,high,0.1,344,1186141683
validation,257841043574753,9,tier1,2,128,high,0.1,345,3135076774
validation,257841043574753,9,tier1,2,128,high,0.1,346,2704928047
validation,257841043574753,9,tier1,2,128,high,0.1,347,1992643014
validation,257841043574753,9,tier1,2,128,high,0.1,348,3578071596
validation,257841043574753,9,tier1,2,128,high,0.1,349,1149951502
validation,257841043574753,9,tier1,2,128,high,0.1,350,1778146892
validation,257841043574753,9,tier1,2,128,high,0.1,351,1123291433
validation,257841043574753,9,tier1,2,128,high,0.1,352,2593404030
validation,257841043574753,9,tier1,2,128,high,0.1,353,2335749325
validation,257841043574753,9,tier1,2,128,high,0.1,354,2930716874
validation,257841043574753,9,tier1,2,128,high,0.1,355,1389836311
validation,257841043574753,9,tier1,2,128,high,0.1,356,2007587365
validation,257841043574753,9,tier1,2,128,high,0.1,357,3240514273
validation,257841043574753,9,tier1,2,128,high,0.1,358,1260031288
validation,257841043574753,9,tier1,2,128,high,0.1,359,256213683
validation,257841043574753,9,tier1,2,128,high,0.1,360,3055818772
validation,257841043574753,9,tier1,2,128,high,0.1,361,1122260690
validation,257841043574753,9,tier1,2,128,high,0.1,362,3159112100
validation,257841043574753,9,tier1,2,128,high,0.1,363,2043373657
validation,257841043574753,9,tier1,2,128,high,0.1,364,1963472172
validation,257841043574753,9,tier1,2,128,high,0.1,365,4283524913
validation,257841043574753,9,tier1,2,128,high,0.1,366,301074175
validation,257841043574753,9,tier1,2,128,high,0.1,367,474848266
validation,257841043574753,9,tier1,2,128,high,0.1,368,711635430
validation,257841043574753,9,tier1,2,128,high,0.1,369,1684945410
validation,257841043574753,9,tier1,2,128,high,0.1,370,3633042506
validation,257841043574753,9,tier1,2,128,high,0.1,371,1339247378
validation,257841043574753,9,tier1,2,128,high,0.1,372,130169305
validation,257841043574753,9,tier1,2,128,high,0.1,373,1520363056
validation,257841043574753,9,tier1,2,128,high,0.1,374,3383658005
validation,257841043574753,9,tier1,2,128,high,0.1,375,583345657
validation,257841043574753,9,tier1,2,128,high,0.1,376,995039033
validation,257841043574753,9,tier1,2,128,high,0.1,377,1384448362
validation,257841043574753,9,tier1,2,128,high,0.1,378,262762592
validation,257841043574753,9,tier1,2,128,high,0.1,379,2870209881
validation,257841043574753,9,tier1,2,128,high,0.1,380,1681728799
validation,257841043574753,9,tier1,2,128,high,0.1,381,1401156305
validation,257841043574753,9,tier1,2,128,high,0.1,382,2568770546
validation,257841043574753,9,tier1,2,128,high,0.1,383,1299629204
validation,257841043574753,9,tier1,2,128,high,0.1,384,801135636
validation,257841043574753,9,tier1,2,128,high,0.1,385,3743024384
validation,257841043574753,9,tier1,2,128,high,0.1,386,600070520
validation,257841043574753,9,tier1,2,128,high,0.1,387,3450979545
validation,257841043574753,9,tier1,2,128,high,0.1,388,3761015891
validation,257841043574753,9,tier1,2,128,high,0.1,389,1983760819
validation,257841043574753,9,tier1,2,128,high,0.1,390,3721769179
validation,257841043574753,9,tier1,2,128,high,0.1,391,2039048365
validation,257841043574753,9,tier1,2,128,high,0.1,392,676629944
validation,257841043574753,9,tier1,2,128,high,0.1,393,3891788917
validation,257841043574753,9,tier1,2,128,high,0.1,394,2110460320
validation,257841043574753,9,tier1,2,128,high,0.1,395,474175555
validation,257841043574753,9,tier1,2,128,high,0.1,396,3258603692
validation,257841043574753,9,tier1,2,128,high,0.1,397,1707612240
validation,257841043574753,9,tier1,2,128,high,0.1,398,1448896895
validation,257841043574753,9,tier1,2,128,high,0.1,399,2248727893
validation,257841043574753,9,tier1,2,128,high,0.1,400,1171485780
validation,257841043574753,9,tier1,2,128,high,0.1,401,1188388454
validation,257841043574753,9,tier1,2,128,high,0.1,402,1946522787
validation,257841043574753,9,tier1,2,128,high,0.1,403,682220973
validation,257841043574753,9,tier1,2,128,high,0.1,404,3175268056
validation,257841043574753,9,tier1,2,128,high,0.1,405,1677420106
validation,257841043574753,9,tier1,2,128,high,0.1,406,3807141266
validation,257841043574753,9,tier1,2,128,high,0.1,407,3226929256
validation,257841043574753,9,tier1,2,128,high,0.1,408,360771352
validation,257841043574753,9,tier1,2,128,high,0.1,409,2795662279
validation,257841043574753,9,tier1,2,128,high,0.1,410,382869582
validation,257841043574753,9,tier1,2,128,high,0.1,411,779126562
validation,257841043574753,9,tier1,2,128,high,0.1,412,3871424028
validation,257841043574753,9,tier1,2,128,high,0.1,413,865865714
validation,257841043574753,9,tier1,2,128,high,0.1,414,4017491529
validation,257841043574753,9,tier1,2,128,high,0.1,415,1220455440
validation,257841043574753,9,tier1,2,128,high,0.1,416,35737979
validation,257841043574753,9,tier1,2,128,high,0.1,417,2333662842
validation,257841043574753,9,tier1,2,128,high,0.1,418,633347653
validation,257841043574753,9,tier1,2,128,high,0.1,419,1265992877
validation,257841043574753,9,tier1,2,128,high,0.1,420,4077536185
validation,257841043574753,9,tier1,2,128,high,0.1,421,1677749988
validation,257841043574753,9,tier1,2,128,high,0.1,422,1217242429
validation,257841043574753,9,tier1,2,128,high,0.1,423,3052742806
validation,257841043574753,9,tier1,2,128,high,0.1,424,4169286219
validation,257841043574753,9,tier1,2,128,high,0.1,425,2249664894
validation,257841043574753,9,tier1,2,128,high,0.1,426,639450305
validation,257841043574753,9,tier1,2,128,high,0.1,427,3016336029
validation,257841043574753,9,tier1,2,128,high,0.1,428,1918050321
validation,257841043574753,9,tier1,2,128,high,0.1,429,4143121355
validation,257841043574753,9,tier1,2,128,high,0.1,430,1613812829
validation,257841043574753,9,tier1,2,128,high,0.1,431,3194456758
validation,257841043574753,9,tier1,2,128,high,0.1,432,3122080946
validation,257841043574753,9,tier1,2,128,high,0.1,433,2918625693
validation,257841043574753,9,tier1,2,128,high,0.1,434,2988406803
validation,257841043574753,9,tier1,2,128,high,0.1,435,2620563771
validation,257841043574753,9,tier1,2,128,high,0.1,436,2845474350
validation,257841043574753,9,tier1,2,128,high,0.1,437,2724283566
validation,257841043574753,9,tier1,2,128,high,0.1,438,3405579945
validation,257841043574753,9,tier1,2,128,high,0.1,439,1095465156
validation,257841043574753,9,tier1,2,128,high,0.1,440,2772162450
validation,257841043574753,9,tier1,2,128,high,0.1,441,1997579998
validation,257841043574753,9,tier1,2,128,high,0.1,442,2625818737
validation,257841043574753,9,tier1,2,128,high,0.1,443,2864175386
validation,257841043574753,9,tier1,2,128,high,0.1,444,342950124
validation,257841043574753,9,tier1,2,128,high,0.1,445,3812013712
validation,257841043574753,9,tier1,2,128,high,0.1,446,2225412916
validation,257841043574753,9,tier1,2,128,high,0.1,447,2391765122
validation,257841043574753,9,tier1,2,128,high,0.1,448,754428501
validation,257841043574753,9,tier1,2,128,high,0.1,449,3641886147
validation,257841043574753,9,tier1,2,128,high,0.1,450,1825762374
validation,257841043574753,9,tier1,2,128,high,0.1,451,1360602653
validation,257841043574753,9,tier1,2,128,high,0.1,452,2622559410
validation,257841043574753,9,tier1,2,128,high,0.1,453,3288901184
validation,257841043574753,9,tier1,2,128,high,0.1,454,4154151943
validation,257841043574753,9,tier1,2,128,high,0.1,455,1411684543
validation,257841043574753,9,tier1,2,128,high,0.1,456,4079432475
validation,257841043574753,9,tier1,2,128,high,0.1,457,2982974722
validation,257841043574753,9,tier1,2,128,high,0.1,458,3773327873
validation,257841043574753,9,tier1,2,128,high,0.1,459,1858125862
validation,257841043574753,9,tier1,2,128,high,0.1,460,585736247
validation,257841043574753,9,tier1,2,128,high,0.1,461,1770834703
validation,257841043574753,9,tier1,2,128,high,0.1,462,718386029
validation,257841043574753,9,tier1,2,128,high,0.1,463,678973257
validation,257841043574753,9,tier1,2,128,high,0.1,464,439906881
validation,257841043574753,9,tier1,2,128,high,0.1,465,6347413
validation,257841043574753,9,tier1,2,128,high,0.1,466,2448064051
validation,257841043574753,9,tier1,2,128,high,0.1,467,3272607072
validation,257841043574753,9,tier1,2,128,high,0.1,468,914923297
validation,257841043574753,9,tier1,2,128,high,0.1,469,1790666665
validation,257841043574753,9,tier1,2,128,high,0.1,470,1406231772
validation,257841043574753,9,tier1,2,128,high,0.1,471,3118799679
validation,257841043574753,9,tier1,2,128,high,0.1,472,3115658336
validation,257841043574753,9,tier1,2,128,high,0.1,473,314812064
validation,257841043574753,9,tier1,2,128,high,0.1,474,466733535
validation,257841043574753,9,tier1,2,128,high,0.1,475,1297562556
validation,257841043574753,9,tier1,2,128,high,0.1,476,3681788404
validation,257841043574753,9,tier1,2,128,high,0.1,477,1021676447
validation,257841043574753,9,tier1,2,128,high,0.1,478,3000314652
validation,257841043574753,9,tier1,2,128,high,0.1,479,644717025
validation,257841043574753,9,tier1,2,128,high,0.1,480,400735467
validation,257841043574753,9,tier1,2,128,high,0.1,481,2053876027
validation,257841043574753,9,tier1,2,128,high,0.1,482,3869568948
validation,257841043574753,9,tier1,2,128,high,0.1,483,2544107723
validation,257841043574753,9,tier1,2,128,high,0.1,484,2063613562
validation,257841043574753,9,tier1,2,128,high,0.1,485,3995019302
validation,257841043574753,9,tier1,2,128,high,0.1,486,3712526252
validation,257841043574753,9,tier1,2,128,high,0.1,487,3945633905
validation,257841043574753,9,tier1,2,128,high,0.1,488,4153624787
validation,257841043574753,9,tier1,2,128,high,0.1,489,2897083229
validation,257841043574753,9,tier1,2,128,high,0.1,490,3027192374
validation,257841043574753,9,tier1,2,128,high,0.1,491,1423257791
validation,257841043574753,9,tier1,2,128,high,0.1,492,850807722
validation,257841043574753,9,tier1,2,128,high,0.1,493,3376768831
validation,257841043574753,9,tier1,2,128,high,0.1,494,732471887
validation,257841043574753,9,tier1,2,128,high,0.1,495,4208697300
validation,257841043574753,9,tier1,2,128,high,0.1,496,4062440273
validation,257841043574753,9,tier1,2,128,high,0.1,497,3639602273
validation,257841043574753,9,tier1,2,128,high,0.1,498,496673859
validation,257841043574753,9,tier1,2,128,high,0.1,499,3437667966
validation,257841043574753,10,tier1,2,128,high,0.15,0,260379561
validation,257841043574753,10,tier1,2,128,high,0.15,1,4235723162
validation,257841043574753,10,tier1,2,128,high,0.15,2,2875928501
validation,257841043574753,10,tier1,2,128,high,0.15,3,1245222843
validation,257841043574753,10,tier1,2,128,high,0.15,4,1895077436
validation,257841043574753,10,tier1,2,128,high,0.15,5,1296747573
validation,257841043574753,10,tier1,2,128,high,0.15,6,551155690
validation,257841043574753,10,tier1,2,128,high,0.15,7,4098026023
validation,257841043574753,10,tier1,2,128,high,0.15,8,1177996311
validation,257841043574753,10,tier1,2,128,high,0.15,9,1508628925
validation,257841043574753,10,tier1,2,128,high,0.15,10,2313315931
validation,257841043574753,10,tier1,2,128,high,0.15,11,1014073794
validation,257841043574753,10,tier1,2,128,high,0.15,12,2498105234
validation,257841043574753,10,tier1,2,128,high,0.15,13,3768313889
validation,257841043574753,10,tier1,2,128,high,0.15,14,2627482227
validation,257841043574753,10,tier1,2,128,high,0.15,15,3532296291
validation,257841043574753,10,tier1,2,128,high,0.15,16,743022461
validation,257841043574753,10,tier1,2,128,high,0.15,17,3437678300
validation,257841043574753,10,tier1,2,128,high,0.15,18,4236202505
validation,257841043574753,10,tier1,2,128,high,0.15,19,2191384344
validation,257841043574753,10,tier1,2,128,high,0.15,20,2079381038
validation,257841043574753,10,tier1,2,128,high,0.15,21,3001096455
validation,257841043574753,10,tier1,2,128,high,0.15,22,2998504789
validation,257841043574753,10,tier1,2,128,high,0.15,23,263680675
validation,257841043574753,10,tier1,2,128,high,0.15,24,1177965372
validation,257841043574753,10,tier1,2,128,high,0.15,25,3093256073
validation,257841043574753,10,tier1,2,128,high,0.15,26,3039770398
validation,257841043574753,10,tier1,2,128,high,0.15,27,3504153469
validation,257841043574753,10,tier1,2,128,high,0.15,28,3501326694
validation,257841043574753,10,tier1,2,128,high,0.15,29,723751593
validation,257841043574753,10,tier1,2,128,high,0.15,30,2388504988
validation,257841043574753,10,tier1,2,128,high,0.15,31,477605036
validation,257841043574753,10,tier1,2,128,high,0.15,32,787305320
validation,257841043574753,10,tier1,2,128,high,0.15,33,505685423
validation,257841043574753,10,tier1,2,128,high,0.15,34,4076483712
validation,257841043574753,10,tier1,2,128,high,0.15,35,3945907308
validation,257841043574753,10,tier1,2,128,high,0.15,36,657474978
validation,257841043574753,10,tier1,2,128,high,0.15,37,3659371742
validation,257841043574753,10,tier1,2,128,high,0.15,38,2881433901
validation,257841043574753,10,tier1,2,128,high,0.15,39,1650789660
validation,257841043574753,10,tier1,2,128,high,0.15,40,1565916308
validation,257841043574753,10,tier1,2,128,high,0.15,41,2881115188
validation,257841043574753,10,tier1,2,128,high,0.15,42,2594799631
validation,257841043574753,10,tier1,2,128,high,0.15,43,3086964590
validation,257841043574753,10,tier1,2,128,high,0.15,44,3263598138
validation,257841043574753,10,tier1,2,128,high,0.15,45,2720751652
validation,257841043574753,10,tier1,2,128,high,0.15,46,919532758
validation,257841043574753,10,tier1,2,128,high,0.15,47,1968417201
validation,257841043574753,10,tier1,2,128,high,0.15,48,3411238590
validation,257841043574753,10,tier1,2,128,high,0.15,49,2075983392
validation,257841043574753,10,tier1,2,128,high,0.15,50,1316444702
validation,257841043574753,10,tier1,2,128,high,0.15,51,3194040016
validation,257841043574753,10,tier1,2,128,high,0.15,52,1761316503
validation,257841043574753,10,tier1,2,128,high,0.15,53,3599373807
validation,257841043574753,10,tier1,2,128,high,0.15,54,2568681729
validation,257841043574753,10,tier1,2,128,high,0.15,55,2632720340
validation,257841043574753,10,tier1,2,128,high,0.15,56,96311698
validation,257841043574753,10,tier1,2,128,high,0.15,57,3531482463
validation,257841043574753,10,tier1,2,128,high,0.15,58,846145171
validation,257841043574753,10,tier1,2,128,high,0.15,59,1677390215
validation,257841043574753,10,tier1,2,128,high,0.15,60,802622790
validation,257841043574753,10,tier1,2,128,high,0.15,61,885839569
validation,257841043574753,10,tier1,2,128,high,0.15,62,2840526196
validation,257841043574753,10,tier1,2,128,high,0.15,63,1484957559
validation,257841043574753,10,tier1,2,128,high,0.15,64,84106227
validation,257841043574753,10,tier1,2,128,high,0.15,65,1721568340
validation,257841043574753,10,tier1,2,128,high,0.15,66,105437727
validation,257841043574753,10,tier1,2,128,high,0.15,67,1632957467
validation,257841043574753,10,tier1,2,128,high,0.15,68,2435021852
validation,257841043574753,10,tier1,2,128,high,0.15,69,1320741025
validation,257841043574753,10,tier1,2,128,high,0.15,70,4059133218
validation,257841043574753,10,tier1,2,128,high,0.15,71,3836746917
validation,257841043574753,10,tier1,2,128,high,0.15,72,2816352191
validation,257841043574753,10,tier1,2,128,high,0.15,73,2395770917
validation,257841043574753,10,tier1,2,128,high,0.15,74,3053496309
validation,257841043574753,10,tier1,2,128,high,0.15,75,608057352
validation,257841043574753,10,tier1,2,128,high,0.15,76,4168672955
validation,257841043574753,10,tier1,2,128,high,0.15,77,2910173383
validation,257841043574753,10,tier1,2,128,high,0.15,78,1805329043
validation,257841043574753,10,tier1,2,128,high,0.15,79,2638125653
validation,257841043574753,10,tier1,2,128,high,0.15,80,1667109687
validation,257841043574753,10,tier1,2,128,high,0.15,81,1232364895
validation,257841043574753,10,tier1,2,128,high,0.15,82,2469015749
validation,257841043574753,10,tier1,2,128,high,0.15,83,2821118222
validation,257841043574753,10,tier1,2,128,high,0.15,84,2306781224
validation,257841043574753,10,tier1,2,128,high,0.15,85,3394645030
validation,257841043574753,10,tier1,2,128,high,0.15,86,1417059184
validation,257841043574753,10,tier1,2,128,high,0.15,87,4115553019
validation,257841043574753,10,tier1,2,128,high,0.15,88,939756639
validation,257841043574753,10,tier1,2,128,high,0.15,89,1038378344
validation,257841043574753,10,tier1,2,128,high,0.15,90,3794257019
validation,257841043574753,10,tier1,2,128,high,0.15,91,1353181848
validation,257841043574753,10,tier1,2,128,high,0.15,92,3841054348
validation,257841043574753,10,tier1,2,128,high,0.15,93,707830386
validation,257841043574753,10,tier1,2,128,high,0.15,94,697050058
validation,257841043574753,10,tier1,2,128,high,0.15,95,2946416535
validation,257841043574753,10,tier1,2,128,high,0.15,96,52870933
validation,257841043574753,10,tier1,2,128,high,0.15,97,1488494783
validation,257841043574753,10,tier1,2,128,high,0.15,98,3178026426
validation,257841043574753,10,tier1,2,128,high,0.15,99,2163038855
validation,257841043574753,10,tier1,2,128,high,0.15,100,3957959049
validation,257841043574753,10,tier1,2,128,high,0.15,101,2936852594
validation,257841043574753,10,tier1,2,128,high,0.15,102,3360784023
validation,257841043574753,10,tier1,2,128,high,0.15,103,1798176782
validation,257841043574753,10,tier1,2,128,high,0.15,104,1931984048
validation,257841043574753,10,tier1,2,128,high,0.15,105,3376502501
validation,257841043574753,10,tier1,2,128,high,0.15,106,3372680931
validation,257841043574753,10,tier1,2,128,high,0.15,107,1973078908
validation,257841043574753,10,tier1,2,128,high,0.15,108,2537294679
validation,257841043574753,10,tier1,2,128,high,0.15,109,3136829387
validation,257841043574753,10,tier1,2,128,high,0.15,110,2986055859
validation,257841043574753,10,tier1,2,128,high,0.15,111,3447728845
validation,257841043574753,10,tier1,2,128,high,0.15,112,3101991135
validation,257841043574753,10,tier1,2,128,high,0.15,113,1908555811
validation,257841043574753,10,tier1,2,128,high,0.15,114,1529838533
validation,257841043574753,10,tier1,2,128,high,0.15,115,2803925619
validation,257841043574753,10,tier1,2,128,high,0.15,116,1589065657
validation,257841043574753,10,tier1,2,128,high,0.15,117,1522485042
validation,257841043574753,10,tier1,2,128,high,0.15,118,3438290106
validation,257841043574753,10,tier1,2,128,high,0.15,119,761552532
validation,257841043574753,10,tier1,2,128,high,0.15,120,3880368047
validation,257841043574753,10,tier1,2,128,high,0.15,121,2016493076
validation,257841043574753,10,tier1,2,128,high,0.15,122,2725785819
validation,257841043574753,10,tier1,2,128,high,0.15,123,594379603
validation,257841043574753,10,tier1,2,128,high,0.15,124,2144936819
validation,257841043574753,10,tier1,2,128,high,0.15,125,1377200941
validation,257841043574753,10,tier1,2,128,high,0.15,126,2924272028
validation,257841043574753,10,tier1,2,128,high,0.15,127,2473797604
validation,257841043574753,10,tier1,2,128,high,0.15,128,120465387
validation,257841043574753,10,tier1,2,128,high,0.15,129,207243526
validation,257841043574753,10,tier1,2,128,high,0.15,130,2561795737
validation,257841043574753,10,tier1,2,128,high,0.15,131,1707182791
validation,257841043574753,10,tier1,2,128,high,0.15,132,3624855157
validation,257841043574753,10,tier1,2,128,high,0.15,133,2592073834
validation,257841043574753,10,tier1,2,128,high,0.15,134,1995522638
validation,257841043574753,10,tier1,2,128,high,0.15,135,2059865235
validation,257841043574753,10,tier1,2,128,high,0.15,136,3367115159
validation,257841043574753,10,tier1,2,128,high,0.15,137,204792791
validation,257841043574753,10,tier1,2,128,high,0.15,138,3929096843
validation,257841043574753,10,tier1,2,128,high,0.15,139,1889643892
validation,257841043574753,10,tier1,2,128,high,0.15,140,1739089797
validation,257841043574753,10,tier1,2,128,high,0.15,141,3552525084
validation,257841043574753,10,tier1,2,128,high,0.15,142,1661347257
validation,257841043574753,10,tier1,2,128,high,0.15,143,952489218
validation,257841043574753,10,tier1,2,128,high,0.15,144,4254611588
validation,257841043574753,10,tier1,2,128,high,0.15,145,4220201506
validation,257841043574753,10,tier1,2,128,high,0.15,146,3130190653
validation,257841043574753,10,tier1,2,128,high,0.15,147,813204731
validation,257841043574753,10,tier1,2,128,high,0.15,148,3498403684
validation,257841043574753,10,tier1,2,128,high,0.15,149,206992491
validation,257841043574753,10,tier1,2,128,high,0.15,150,3977734101
validation,257841043574753,10,tier1,2,128,high,0.15,151,3626437313
validation,257841043574753,10,tier1,2,128,high,0.15,152,3278043643
validation,257841043574753,10,tier1,2,128,high,0.15,153,3663953174
validation,257841043574753,10,tier1,2,128,high,0.15,154,3997053983
validation,257841043574753,10,tier1,2,128,high,0.15,155,1649770907
validation,257841043574753,10,tier1,2,128,high,0.15,156,3244177405
validation,257841043574753,10,tier1,2,128,high,0.15,157,849760636
validation,257841043574753,10,tier1,2,128,high,0.15,158,3873889201
validation,257841043574753,10,tier1,2,128,high,0.15,159,2776548692
validation,257841043574753,10,tier1,2,128,high,0.15,160,102006483
validation,257841043574753,10,tier1,2,128,high,0.15,161,2252933768
validation,257841043574753,10,tier1,2,128,high,0.15,162,4003126110
validation,257841043574753,10,tier1,2,128,high,0.15,163,2683414177
validation,257841043574753,10,tier1,2,128,high,0.15,164,2477420158
validation,257841043574753,10,tier1,2,128,high,0.15,165,2644522400
validation,257841043574753,10,tier1,2,128,high,0.15,166,2139699770
validation,257841043574753,10,tier1,2,128,high,0.15,167,58008566
validation,257841043574753,10,tier1,2,128,high,0.15,168,2324743797
validation,257841043574753,10,tier1,2,128,high,0.15,169,2070906910
validation,257841043574753,10,tier1,2,128,high,0.15,170,626754094
validation,257841043574753,10,tier1,2,128,high,0.15,171,782713049
validation,257841043574753,10,tier1,2,128,high,0.15,172,1151185762
validation,257841043574753,10,tier1,2,128,high,0.15,173,1979451837
validation,257841043574753,10,tier1,2,128,high,0.15,174,4173430771
validation,257841043574753,10,tier1,2,128,high,0.15,175,230113766
validation,257841043574753,10,tier1,2,128,high,0.15,176,1329603850
validation,257841043574753,10,tier1,2,128,high,0.15,177,2064671872
validation,257841043574753,10,tier1,2,128,high,0.15,178,4061657395
validation,257841043574753,10,tier1,2,128,high,0.15,179,307365819
validation,257841043574753,10,tier1,2,128,high,0.15,180,3213760527
validation,257841043574753,10,tier1,2,128,high,0.15,181,46241579
validation,257841043574753,10,tier1,2,128,high,0.15,182,1255746886
validation,257841043574753,10,tier1,2,128,high,0.15,183,3235199135
validation,257841043574753,10,tier1,2,128,high,0.15,184,2385078031
validation,257841043574753,10,tier1,2,128,high,0.15,185,2545163025
validation,257841043574753,10,tier1,2,128,high,0.15,186,953230037
validation,257841043574753,10,tier1,2,128,high,0.15,187,3773452626
validation,257841043574753,10,tier1,2,128,high,0.15,188,44954745
validation,257841043574753,10,tier1,2,128,high,0.15,189,3188994358
validation,257841043574753,10,tier1,2,128,high,0.15,190,1180570130
validation,257841043574753,10,tier1,2,128,high,0.15,191,95080772
validation,257841043574753,10,tier1,2,128,high,0.15,192,2645110611
validation,257841043574753,10,tier1,2,128,high,0.15,193,3346286577
validation,257841043574753,10,tier1,2,128,high,0.15,194,2695439356
validation,257841043574753,10,tier1,2,128,high,0.15,195,3644696260
validation,257841043574753,10,tier1,2,128,high,0.15,196,1007173416
validation,257841043574753,10,tier1,2,128,high,0.15,197,536738566
validation,257841043574753,10,tier1,2,128,high,0.15,198,1011989900
validation,257841043574753,10,tier1,2,128,high,0.15,199,1297602521
validation,257841043574753,10,tier1,2,128,high,0.15,200,2465966178
validation,257841043574753,10,tier1,2,128,high,0.15,201,1867055724
validation,257841043574753,10,tier1,2,128,high,0.15,202,3121966761
validation,257841043574753,10,tier1,2,128,high,0.15,203,2747696677
validation,257841043574753,10,tier1,2,128,high,0.15,204,4189080378
validation,257841043574753,10,tier1,2,128,high,0.15,205,2152929387
validation,257841043574753,10,tier1,2,128,high,0.15,206,2848698599
validation,257841043574753,10,tier1,2,128,high,0.15,207,3997522255
validation,257841043574753,10,tier1,2,128,high,0.15,208,2007426320
validation,257841043574753,10,tier1,2,128,high,0.15,209,2365395724
validation,257841043574753,10,tier1,2,128,high,0.15,210,2735387130
validation,257841043574753,10,tier1,2,128,high,0.15,211,2258949158
validation,257841043574753,10,tier1,2,128,high,0.15,212,2314411094
validation,257841043574753,10,tier1,2,128,high,0.15,213,3963625508
validation,257841043574753,10,tier1,2,128,high,0.15,214,3311635702
validation,257841043574753,10,tier1,2,128,high,0.15,215,2219110416
validation,257841043574753,10,tier1,2,128,high,0.15,216,1673675586
validation,257841043574753,10,tier1,2,128,high,0.15,217,2390209062
validation,257841043574753,10,tier1,2,128,high,0.15,218,210659799
validation,257841043574753,10,tier1,2,128,high,0.15,219,3049586387
validation,257841043574753,10,tier1,2,128,high,0.15,220,309367175
validation,257841043574753,10,tier1,2,128,high,0.15,221,616397838
validation,257841043574753,10,tier1,2,128,high,0.15,222,588546667
validation,257841043574753,10,tier1,2,128,high,0.15,223,335462326
validation,257841043574753,10,tier1,2,128,high,0.15,224,519611371
validation,257841043574753,10,tier1,2,128,high,0.15,225,2579205134
validation,257841043574753,10,tier1,2,128,high,0.15,226,2566840289
validation,257841043574753,10,tier1,2,128,high,0.15,227,2889330251
validation,257841043574753,10,tier1,2,128,high,0.15,228,1291388588
validation,257841043574753,10,tier1,2,128,high,0.15,229,2669418875
validation,257841043574753,10,tier1,2,128,high,0.15,230,1169108358
validation,257841043574753,10,tier1,2,128,high,0.15,231,828831599
validation,257841043574753,10,tier1,2,128,high,0.15,232,594684570
validation,257841043574753,10,tier1,2,128,high,0.15,233,3330253312
validation,257841043574753,10,tier1,2,128,high,0.15,234,3305418526
validation,257841043574753,10,tier1,2,128,high,0.15,235,3585448606
validation,257841043574753,10,tier1,2,128,high,0.15,236,1402581931
validation,257841043574753,10,tier1,2,128,high,0.15,237,2236463730
validation,257841043574753,10,tier1,2,128,high,0.15,238,9610097
validation,257841043574753,10,tier1,2,128,high,0.15,239,3533607077
validation,257841043574753,10,tier1,2,128,high,0.15,240,4273403991
validation,257841043574753,10,tier1,2,128,high,0.15,241,3303503162
validation,257841043574753,10,tier1,2,128,high,0.15,242,2772794733
validation,257841043574753,10,tier1,2,128,high,0.15,243,3264299856
validation,257841043574753,10,tier1,2,128,high,0.15,244,1747374943
validation,257841043574753,10,tier1,2,128,high,0.15,245,3669393275
validation,257841043574753,10,tier1,2,128,high,0.15,246,3731208453
validation,257841043574753,10,tier1,2,128,high,0.15,247,1200226564
validation,257841043574753,10,tier1,2,128,high,0.15,248,4107031256
validation,257841043574753,10,tier1,2,128,high,0.15,249,3801595805
validation,257841043574753,10,tier1,2,128,high,0.15,250,1624136850
validation,257841043574753,10,tier1,2,128,high,0.15,251,4232555014
validation,257841043574753,10,tier1,2,128,high,0.15,252,2528177886
validation,257841043574753,10,tier1,2,128,high,0.15,253,159123253
validation,257841043574753,10,tier1,2,128,high,0.15,254,3523812715
validation,257841043574753,10,tier1,2,128,high,0.15,255,3300776956
validation,257841043574753,10,tier1,2,128,high,0.15,256,1127433816
validation,257841043574753,10,tier1,2,128,high,0.15,257,3610782068
validation,257841043574753,10,tier1,2,128,high,0.15,258,39085664
validation,257841043574753,10,tier1,2,128,high,0.15,259,2687724735
validation,257841043574753,10,tier1,2,128,high,0.15,260,3361166850
validation,257841043574753,10,tier1,2,128,high,0.15,261,2992647458
validation,257841043574753,10,tier1,2,128,high,0.15,262,2877079985
validation,257841043574753,10,tier1,2,128,high,0.15,263,3951045569
validation,257841043574753,10,tier1,2,128,high,0.15,264,2318465822
validation,257841043574753,10,tier1,2,128,high,0.15,265,1307994897
validation,257841043574753,10,tier1,2,128,high,0.15,266,2934489610
validation,257841043574753,10,tier1,2,128,high,0.15,267,2455340309
validation,257841043574753,10,tier1,2,128,high,0.15,268,4221106123
validation,257841043574753,10,tier1,2,128,high,0.15,269,1576806127
validation,257841043574753,10,tier1,2,128,high,0.15,270,3737684480
validation,257841043574753,10,tier1,2,128,high,0.15,271,1868493253
validation,257841043574753,10,tier1,2,128,high,0.15,272,1140361860
validation,257841043574753,10,tier1,2,128,high,0.15,273,2548608480
validation,257841043574753,10,tier1,2,128,high,0.15,274,2159787815
validation,257841043574753,10,tier1,2,128,high,0.15,275,3710899443
validation,257841043574753,10,tier1,2,128,high,0.15,276,847598930
validation,257841043574753,10,tier1,2,128,high,0.15,277,2130002689
validation,257841043574753,10,tier1,2,128,high,0.15,278,609372278
validation,257841043574753,10,tier1,2,128,high,0.15,279,3953544061
validation,257841043574753,10,tier1,2,128,high,0.15,280,1652668619
validation,257841043574753,10,tier1,2,128,high,0.15,281,3727461155
validation,257841043574753,10,tier1,2,128,high,0.15,282,4268760966
validation,257841043574753,10,tier1,2,128,high,0.15,283,3081621156
validation,257841043574753,10,tier1,2,128,high,0.15,284,8598568
validation,257841043574753,10,tier1,2,128,high,0.15,285,3445184642
validation,257841043574753,10,tier1,2,128,high,0.15,286,1393057727
validation,257841043574753,10,tier1,2,128,high,0.15,287,3769480679
validation,257841043574753,10,tier1,2,128,high,0.15,288,1606801324
validation,257841043574753,10,tier1,2,128,high,0.15,289,62135537
validation,257841043574753,10,tier1,2,128,high,0.15,290,1214422367
validation,257841043574753,10,tier1,2,128,high,0.15,291,506792862
validation,257841043574753,10,tier1,2,128,high,0.15,292,3683733260
validation,257841043574753,10,tier1,2,128,high,0.15,293,2048991776
validation,257841043574753,10,tier1,2,128,high,0.15,294,2273569668
validation,257841043574753,10,tier1,2,128,high,0.15,295,1508518802
validation,257841043574753,10,tier1,2,128,high,0.15,296,2646734711
validation,257841043574753,10,tier1,2,128,high,0.15,297,176870847
validation,257841043574753,10,tier1,2,128,high,0.15,298,63831631
validation,257841043574753,10,tier1,2,128,high,0.15,299,1745567665
validation,257841043574753,10,tier1,2,128,high,0.15,300,1736034917
validation,257841043574753,10,tier1,2,128,high,0.15,301,3728242147
validation,257841043574753,10,tier1,2,128,high,0.15,302,1351754342
validation,257841043574753,10,tier1,2,128,high,0.15,303,1583113513
validation,257841043574753,10,tier1,2,128,high,0.15,304,2047929649
validation,257841043574753,10,tier1,2,128,high,0.15,305,1135141391
validation,257841043574753,10,tier1,2,128,high,0.15,306,3554369009
validation,257841043574753,10,tier1,2,128,high,0.15,307,1207308925
validation,257841043574753,10,tier1,2,128,high,0.15,308,1404936026
validation,257841043574753,10,tier1,2,128,high,0.15,309,2125817988
validation,257841043574753,10,tier1,2,128,high,0.15,310,3202593671
validation,257841043574753,10,tier1,2,128,high,0.15,311,322889290
validation,257841043574753,10,tier1,2,128,high,0.15,312,2056599616
validation,257841043574753,10,tier1,2,128,high,0.15,313,1165812369
validation,257841043574753,10,tier1,2,128,high,0.15,314,3958198091
validation,257841043574753,10,tier1,2,128,high,0.15,315,2534018585
validation,257841043574753,10,tier1,2,128,high,0.15,316,3750368685
validation,257841043574753,10,tier1,2,128,high,0.15,317,2562997546
validation,257841043574753,10,tier1,2,128,high,0.15,318,3415440938
validation,257841043574753,10,tier1,2,128,high,0.15,319,914675518
validation,257841043574753,10,tier1,2,128,high,0.15,320,2819596469
validation,257841043574753,10,tier1,2,128,high,0.15,321,3903516124
validation,257841043574753,10,tier1,2,128,high,0.15,322,1186888156
validation,257841043574753,10,tier1,2,128,high,0.15,323,2445945560
validation,257841043574753,10,tier1,2,128,high,0.15,324,1590292827
validation,257841043574753,10,tier1,2,128,high,0.15,325,1524152170
validation,257841043574753,10,tier1,2,128,high,0.15,326,1142263646
validation,257841043574753,10,tier1,2,128,high,0.15,327,2610524922
validation,257841043574753,10,tier1,2,128,high,0.15,328,1528995833
validation,257841043574753,10,tier1,2,128,high,0.15,329,3421945492
validation,257841043574753,10,tier1,2,128,high,0.15,330,3802009709
validation,257841043574753,10,tier1,2,128,high,0.15,331,1865725547
validation,257841043574753,10,tier1,2,128,high,0.15,332,3248154966
validation,257841043574753,10,tier1,2,128,high,0.15,333,1595418420
validation,257841043574753,10,tier1,2,128,high,0.15,334,1822932462
validation,257841043574753,10,tier1,2,128,high,0.15,335,3011829239
validation,257841043574753,10,tier1,2,128,high,0.15,336,1175335960
validation,257841043574753,10,tier1,2,128,high,0.15,337,3227101149
validation,257841043574753,10,tier1,2,128,high,0.15,338,2614480822
validation,257841043574753,10,tier1,2,128,high,0.15,339,73501045
validation,257841043574753,10,tier1,2,128,high,0.15,340,695895191
validation,257841043574753,10,tier1,2,128,high,0.15,341,2175724661
validation,257841043574753,10,tier1,2,128,high,0.15,342,681830540
validation,257841043574753,10,tier1,2,128,high,0.15,343,1000952577
validation,257841043574753,10,tier1,2,128,high,0.15,344,2419385399
validation,257841043574753,10,tier1,2,128,high,0.15,345,2482439700
validation,257841043574753,10,tier1,2,128,high,0.15,346,1317151122
validation,257841043574753,10,tier1,2,128,high,0.15,347,2348574275
validation,257841043574753,10,tier1,2,128,high,0.15,348,501372102
validation,257841043574753,10,tier1,2,128,high,0.15,349,3784301839
validation,257841043574753,10,tier1,2,128,high,0.15,350,3596773979
validation,257841043574753,10,tier1,2,128,high,0.15,351,3333273660
validation,257841043574753,10,tier1,2,128,high,0.15,352,3284237454
validation,257841043574753,10,tier1,2,128,high,0.15,353,335174081
validation,257841043574753,10,tier1,2,128,high,0.15,354,1061828429
validation,257841043574753,10,tier1,2,128,high,0.15,355,1938481589
validation,257841043574753,10,tier1,2,128,high,0.15,356,253908881
validation,257841043574753,10,tier1,2,128,high,0.15,357,2693097591
validation,257841043574753,10,tier1,2,128,high,0.15,358,696571181
validation,257841043574753,10,tier1,2,128,high,0.15,359,2081348156
validation,257841043574753,10,tier1,2,128,high,0.15,360,1527138800
validation,257841043574753,10,tier1,2,128,high,0.15,361,2885391436
validation,257841043574753,10,tier1,2,128,high,0.15,362,1807016154
validation,257841043574753,10,tier1,2,128,high,0.15,363,3783463715
validation,257841043574753,10,tier1,2,128,high,0.15,364,1503219536
validation,257841043574753,10,tier1,2,128,high,0.15,365,2459343646
validation,257841043574753,10,tier1,2,128,high,0.15,366,1174597836
validation,257841043574753,10,tier1,2,128,high,0.15,367,2336732597
validation,257841043574753,10,tier1,2,128,high,0.15,368,2690604227
validation,257841043574753,10,tier1,2,128,high,0.15,369,831940359
validation,257841043574753,10,tier1,2,128,high,0.15,370,626814379
validation,257841043574753,10,tier1,2,128,high,0.15,371,3649081763
validation,257841043574753,10,tier1,2,128,high,0.15,372,1188069496
validation,257841043574753,10,tier1,2,128,high,0.15,373,1914301385
validation,257841043574753,10,tier1,2,128,high,0.15,374,455432990
validation,257841043574753,10,tier1,2,128,high,0.15,375,1627469633
validation,257841043574753,10,tier1,2,128,high,0.15,376,3769142755
validation,257841043574753,10,tier1,2,128,high,0.15,377,4038189024
validation,257841043574753,10,tier1,2,128,high,0.15,378,1595126187
validation,257841043574753,10,tier1,2,128,high,0.15,379,4275611966
validation,257841043574753,10,tier1,2,128,high,0.15,380,1302963012
validation,257841043574753,10,tier1,2,128,high,0.15,381,344310797
validation,257841043574753,10,tier1,2,128,high,0.15,382,3333960316
validation,257841043574753,10,tier1,2,128,high,0.15,383,107352159
validation,257841043574753,10,tier1,2,128,high,0.15,384,3517675671
validation,257841043574753,10,tier1,2,128,high,0.15,385,1535096345
validation,257841043574753,10,tier1,2,128,high,0.15,386,7113142
validation,257841043574753,10,tier1,2,128,high,0.15,387,1602377190
validation,257841043574753,10,tier1,2,128,high,0.15,388,3032065813
validation,257841043574753,10,tier1,2,128,high,0.15,389,2770558284
validation,257841043574753,10,tier1,2,128,high,0.15,390,1230568682
validation,257841043574753,10,tier1,2,128,high,0.15,391,2732477260
validation,257841043574753,10,tier1,2,128,high,0.15,392,3454061998
validation,257841043574753,10,tier1,2,128,high,0.15,393,2489054579
validation,257841043574753,10,tier1,2,128,high,0.15,394,439179548
validation,257841043574753,10,tier1,2,128,high,0.15,395,2915945829
validation,257841043574753,10,tier1,2,128,high,0.15,396,3875888478
validation,257841043574753,10,tier1,2,128,high,0.15,397,1264563815
validation,257841043574753,10,tier1,2,128,high,0.15,398,4071165855
validation,257841043574753,10,tier1,2,128,high,0.15,399,3883215065
validation,257841043574753,10,tier1,2,128,high,0.15,400,3896332575
validation,257841043574753,10,tier1,2,128,high,0.15,401,1603486205
validation,257841043574753,10,tier1,2,128,high,0.15,402,4019460616
validation,257841043574753,10,tier1,2,128,high,0.15,403,3398609920
validation,257841043574753,10,tier1,2,128,high,0.15,404,1297126551
validation,257841043574753,10,tier1,2,128,high,0.15,405,541544792
validation,257841043574753,10,tier1,2,128,high,0.15,406,3845087232
validation,257841043574753,10,tier1,2,128,high,0.15,407,771068329
validation,257841043574753,10,tier1,2,128,high,0.15,408,2744564980
validation,257841043574753,10,tier1,2,128,high,0.15,409,3093413694
validation,257841043574753,10,tier1,2,128,high,0.15,410,1093837380
validation,257841043574753,10,tier1,2,128,high,0.15,411,3532593069
validation,257841043574753,10,tier1,2,128,high,0.15,412,2818367647
validation,257841043574753,10,tier1,2,128,high,0.15,413,676728122
validation,257841043574753,10,tier1,2,128,high,0.15,414,1724078466
validation,257841043574753,10,tier1,2,128,high,0.15,415,2365433693
validation,257841043574753,10,tier1,2,128,high,0.15,416,4224246453
validation,257841043574753,10,tier1,2,128,high,0.15,417,3134797521
validation,257841043574753,10,tier1,2,128,high,0.15,418,3974672790
validation,257841043574753,10,tier1,2,128,high,0.15,419,1436942476
validation,257841043574753,10,tier1,2,128,high,0.15,420,47184341
validation,257841043574753,10,tier1,2,128,high,0.15,421,4236117336
validation,257841043574753,10,tier1,2,128,high,0.15,422,255389389
validation,257841043574753,10,tier1,2,128,high,0.15,423,3705659295
validation,257841043574753,10,tier1,2,128,high,0.15,424,1209560055
validation,257841043574753,10,tier1,2,128,high,0.15,425,860932624
validation,257841043574753,10,tier1,2,128,high,0.15,426,250323990
validation,257841043574753,10,tier1,2,128,high,0.15,427,3009682116
validation,257841043574753,10,tier1,2,128,high,0.15,428,3337018756
validation,257841043574753,10,tier1,2,128,high,0.15,429,1315039680
validation,257841043574753,10,tier1,2,128,high,0.15,430,4267502648
validation,257841043574753,10,tier1,2,128,high,0.15,431,3564122349
validation,257841043574753,10,tier1,2,128,high,0.15,432,2072434163
validation,257841043574753,10,tier1,2,128,high,0.15,433,662136597
validation,257841043574753,10,tier1,2,128,high,0.15,434,1249299981
validation,257841043574753,10,tier1,2,128,high,0.15,435,4022381438
validation,257841043574753,10,tier1,2,128,high,0.15,436,3330749547
validation,257841043574753,10,tier1,2,128,high,0.15,437,1411010666
validation,257841043574753,10,tier1,2,128,high,0.15,438,3293006354
validation,257841043574753,10,tier1,2,128,high,0.15,439,3010235997
validation,257841043574753,10,tier1,2,128,high,0.15,440,1557817970
validation,257841043574753,10,tier1,2,128,high,0.15,441,3085392672
validation,257841043574753,10,tier1,2,128,high,0.15,442,3461117909
validation,257841043574753,10,tier1,2,128,high,0.15,443,810423824
validation,257841043574753,10,tier1,2,128,high,0.15,444,4205768594
validation,257841043574753,10,tier1,2,128,high,0.15,445,732361567
validation,257841043574753,10,tier1,2,128,high,0.15,446,3621429970
validation,257841043574753,10,tier1,2,128,high,0.15,447,2767502747
validation,257841043574753,10,tier1,2,128,high,0.15,448,1394101671
validation,257841043574753,10,tier1,2,128,high,0.15,449,1872896968
validation,257841043574753,10,tier1,2,128,high,0.15,450,718915084
validation,257841043574753,10,tier1,2,128,high,0.15,451,813308412
validation,257841043574753,10,tier1,2,128,high,0.15,452,41377762
validation,257841043574753,10,tier1,2,128,high,0.15,453,2335626392
validation,257841043574753,10,tier1,2,128,high,0.15,454,1086942756
validation,257841043574753,10,tier1,2,128,high,0.15,455,3460277177
validation,257841043574753,10,tier1,2,128,high,0.15,456,698697888
validation,257841043574753,10,tier1,2,128,high,0.15,457,1515304139
validation,257841043574753,10,tier1,2,128,high,0.15,458,2198629966
validation,257841043574753,10,tier1,2,128,high,0.15,459,1999875828
validation,257841043574753,10,tier1,2,128,high,0.15,460,3908426477
validation,257841043574753,10,tier1,2,128,high,0.15,461,2994174760
validation,257841043574753,10,tier1,2,128,high,0.15,462,4216854381
validation,257841043574753,10,tier1,2,128,high,0.15,463,750417360
validation,257841043574753,10,tier1,2,128,high,0.15,464,718710256
validation,257841043574753,10,tier1,2,128,high,0.15,465,2018015593
validation,257841043574753,10,tier1,2,128,high,0.15,466,2621468225
validation,257841043574753,10,tier1,2,128,high,0.15,467,2233939396
validation,257841043574753,10,tier1,2,128,high,0.15,468,3367857432
validation,257841043574753,10,tier1,2,128,high,0.15,469,1223436313
validation,257841043574753,10,tier1,2,128,high,0.15,470,2005092391
validation,257841043574753,10,tier1,2,128,high,0.15,471,3497010574
validation,257841043574753,10,tier1,2,128,high,0.15,472,3910948369
validation,257841043574753,10,tier1,2,128,high,0.15,473,3700220622
validation,257841043574753,10,tier1,2,128,high,0.15,474,2167582291
validation,257841043574753,10,tier1,2,128,high,0.15,475,3272604740
validation,257841043574753,10,tier1,2,128,high,0.15,476,3326742282
validation,257841043574753,10,tier1,2,128,high,0.15,477,4223912022
validation,257841043574753,10,tier1,2,128,high,0.15,478,1392122266
validation,257841043574753,10,tier1,2,128,high,0.15,479,745463966
validation,257841043574753,10,tier1,2,128,high,0.15,480,3441843934
validation,257841043574753,10,tier1,2,128,high,0.15,481,2117260896
validation,257841043574753,10,tier1,2,128,high,0.15,482,62361226
validation,257841043574753,10,tier1,2,128,high,0.15,483,2247750399
validation,257841043574753,10,tier1,2,128,high,0.15,484,1862604805
validation,257841043574753,10,tier1,2,128,high,0.15,485,768841793
validation,257841043574753,10,tier1,2,128,high,0.15,486,2202777669
validation,257841043574753,10,tier1,2,128,high,0.15,487,3204474367
validation,257841043574753,10,tier1,2,128,high,0.15,488,2050732188
validation,257841043574753,10,tier1,2,128,high,0.15,489,2000793615
validation,257841043574753,10,tier1,2,128,high,0.15,490,1907806480
validation,257841043574753,10,tier1,2,128,high,0.15,491,651546291
validation,257841043574753,10,tier1,2,128,high,0.15,492,1776130526
validation,257841043574753,10,tier1,2,128,high,0.15,493,4004711804
validation,257841043574753,10,tier1,2,128,high,0.15,494,2867573036
validation,257841043574753,10,tier1,2,128,high,0.15,495,1244151169
validation,257841043574753,10,tier1,2,128,high,0.15,496,3243771254
validation,257841043574753,10,tier1,2,128,high,0.15,497,2958595279
validation,257841043574753,10,tier1,2,128,high,0.15,498,1492743158
validation,257841043574753,10,tier1,2,128,high,0.15,499,4285013092
validation,257841043574753,11,tier1,2,128,high,0.2,0,3228387400
validation,257841043574753,11,tier1,2,128,high,0.2,1,2157816388
validation,257841043574753,11,tier1,2,128,high,0.2,2,1225369899
validation,257841043574753,11,tier1,2,128,high,0.2,3,430370222
validation,257841043574753,11,tier1,2,128,high,0.2,4,457121050
validation,257841043574753,11,tier1,2,128,high,0.2,5,3749167415
validation,257841043574753,11,tier1,2,128,high,0.2,6,3721275792
validation,257841043574753,11,tier1,2,128,high,0.2,7,1846740071
validation,257841043574753,11,tier1,2,128,high,0.2,8,332548292
validation,257841043574753,11,tier1,2,128,high,0.2,9,1326869409
validation,257841043574753,11,tier1,2,128,high,0.2,10,1589261533
validation,257841043574753,11,tier1,2,128,high,0.2,11,2894031690
validation,257841043574753,11,tier1,2,128,high,0.2,12,474050620
validation,257841043574753,11,tier1,2,128,high,0.2,13,4117438780
validation,257841043574753,11,tier1,2,128,high,0.2,14,2573284893
validation,257841043574753,11,tier1,2,128,high,0.2,15,3258103985
validation,257841043574753,11,tier1,2,128,high,0.2,16,2042186550
validation,257841043574753,11,tier1,2,128,high,0.2,17,1874484198
validation,257841043574753,11,tier1,2,128,high,0.2,18,5376707
validation,257841043574753,11,tier1,2,128,high,0.2,19,1533036647
validation,257841043574753,11,tier1,2,128,high,0.2,20,2832911180
validation,257841043574753,11,tier1,2,128,high,0.2,21,285489055
validation,257841043574753,11,tier1,2,128,high,0.2,22,3727224612
validation,257841043574753,11,tier1,2,128,high,0.2,23,3899444966
validation,257841043574753,11,tier1,2,128,high,0.2,24,1365509732
validation,257841043574753,11,tier1,2,128,high,0.2,25,2726502239
validation,257841043574753,11,tier1,2,128,high,0.2,26,4214941896
validation,257841043574753,11,tier1,2,128,high,0.2,27,2330460724
validation,257841043574753,11,tier1,2,128,high,0.2,28,1718348595
validation,257841043574753,11,tier1,2,128,high,0.2,29,4045829952
validation,257841043574753,11,tier1,2,128,high,0.2,30,824323244
validation,257841043574753,11,tier1,2,128,high,0.2,31,323743166
validation,257841043574753,11,tier1,2,128,high,0.2,32,3081275764
validation,257841043574753,11,tier1,2,128,high,0.2,33,3904565720
validation,257841043574753,11,tier1,2,128,high,0.2,34,2309943635
validation,257841043574753,11,tier1,2,128,high,0.2,35,2062283974
validation,257841043574753,11,tier1,2,128,high,0.2,36,759576048
validation,257841043574753,11,tier1,2,128,high,0.2,37,1338116611
validation,257841043574753,11,tier1,2,128,high,0.2,38,776251393
validation,257841043574753,11,tier1,2,128,high,0.2,39,943002531
validation,257841043574753,11,tier1,2,128,high,0.2,40,3836168687
validation,257841043574753,11,tier1,2,128,high,0.2,41,1700856326
validation,257841043574753,11,tier1,2,128,high,0.2,42,2859476513
validation,257841043574753,11,tier1,2,128,high,0.2,43,4054738103
validation,257841043574753,11,tier1,2,128,high,0.2,44,3424883612
validation,257841043574753,11,tier1,2,128,high,0.2,45,2083683058
validation,257841043574753,11,tier1,2,128,high,0.2,46,3893436559
validation,257841043574753,11,tier1,2,128,high,0.2,47,240220474
validation,257841043574753,11,tier1,2,128,high,0.2,48,495712633
validation,257841043574753,11,tier1,2,128,high,0.2,49,28423834
validation,257841043574753,11,tier1,2,128,high,0.2,50,751074567
validation,257841043574753,11,tier1,2,128,high,0.2,51,2651627959
validation,257841043574753,11,tier1,2,128,high,0.2,52,1614108942
validation,257841043574753,11,tier1,2,128,high,0.2,53,2652298001
validation,257841043574753,11,tier1,2,128,high,0.2,54,371864646
validation,257841043574753,11,tier1,2,128,high,0.2,55,1597018759
validation,257841043574753,11,tier1,2,128,high,0.2,56,3832184482
validation,257841043574753,11,tier1,2,128,high,0.2,57,4204138361
validation,257841043574753,11,tier1,2,128,high,0.2,58,2130274808
validation,257841043574753,11,tier1,2,128,high,0.2,59,337714714
validation,257841043574753,11,tier1,2,128,high,0.2,60,1493919460
validation,257841043574753,11,tier1,2,128,high,0.2,61,2651840899
validation,257841043574753,11,tier1,2,128,high,0.2,62,1321085821
validation,257841043574753,11,tier1,2,128,high,0.2,63,738538407
validation,257841043574753,11,tier1,2,128,high,0.2,64,3701233355
validation,257841043574753,11,tier1,2,128,high,0.2,65,3301855062
validation,257841043574753,11,tier1,2,128,high,0.2,66,3748949062
validation,257841043574753,11,tier1,2,128,high,0.2,67,952811126
validation,257841043574753,11,tier1,2,128,high,0.2,68,3121774743
validation,257841043574753,11,tier1,2,128,high,0.2,69,4093833444
validation,257841043574753,11,tier1,2,128,high,0.2,70,1849216105
validation,257841043574753,11,tier1,2,128,high,0.2,71,3545010603
validation,257841043574753,11,tier1,2,128,high,0.2,72,230473807
validation,257841043574753,11,tier1,2,128,high,0.2,73,2583909094
validation,257841043574753,11,tier1,2,128,high,0.2,74,282439553
validation,257841043574753,11,tier1,2,128,high,0.2,75,3168131251
validation,257841043574753,11,tier1,2,128,high,0.2,76,420543744
validation,257841043574753,11,tier1,2,128,high,0.2,77,600176265
validation,257841043574753,11,tier1,2,128,high,0.2,78,437662526
validation,257841043574753,11,tier1,2,128,high,0.2,79,2206862501
validation,257841043574753,11,tier1,2,128,high,0.2,80,1466703558
validation,257841043574753,11,tier1,2,128,high,0.2,81,847631215
validation,257841043574753,11,tier1,2,128,high,0.2,82,794625634
validation,257841043574753,11,tier1,2,128,high,0.2,83,4207409702
validation,257841043574753,11,tier1,2,128,high,0.2,84,4007559825
validation,257841043574753,11,tier1,2,128,high,0.2,85,2063044020
validation,257841043574753,11,tier1,2,128,high,0.2,86,668132297
validation,257841043574753,11,tier1,2,128,high,0.2,87,133455188
validation,257841043574753,11,tier1,2,128,high,0.2,88,2524989284
validation,257841043574753,11,tier1,2,128,high,0.2,89,2782425993
validation,257841043574753,11,tier1,2,128,high,0.2,90,2856853710
validation,257841043574753,11,tier1,2,128,high,0.2,91,2580670531
validation,257841043574753,11,tier1,2,128,high,0.2,92,502373222
validation,257841043574753,11,tier1,2,128,high,0.2,93,2711560697
validation,257841043574753,11,tier1,2,128,high,0.2,94,873497207
validation,257841043574753,11,tier1,2,128,high,0.2,95,4214756099
validation,257841043574753,11,tier1,2,128,high,0.2,96,2937373369
validation,257841043574753,11,tier1,2,128,high,0.2,97,4126676363
validation,257841043574753,11,tier1,2,128,high,0.2,98,1589383738
validation,257841043574753,11,tier1,2,128,high,0.2,99,1325028232
validation,257841043574753,11,tier1,2,128,high,0.2,100,3126098073
validation,257841043574753,11,tier1,2,128,high,0.2,101,2761248741
validation,257841043574753,11,tier1,2,128,high,0.2,102,871445900
validation,257841043574753,11,tier1,2,128,high,0.2,103,128192573
validation,257841043574753,11,tier1,2,128,high,0.2,104,1271823182
validation,257841043574753,11,tier1,2,128,high,0.2,105,1180702530
validation,257841043574753,11,tier1,2,128,high,0.2,106,2090786229
validation,257841043574753,11,tier1,2,128,high,0.2,107,2973500618
validation,257841043574753,11,tier1,2,128,high,0.2,108,2394342369
validation,257841043574753,11,tier1,2,128,high,0.2,109,3516096211
validation,257841043574753,11,tier1,2,128,high,0.2,110,3686342587
validation,257841043574753,11,tier1,2,128,high,0.2,111,1437112691
validation,257841043574753,11,tier1,2,128,high,0.2,112,2792603331
validation,257841043574753,11,tier1,2,128,high,0.2,113,3376633618
validation,257841043574753,11,tier1,2,128,high,0.2,114,2947388826
validation,257841043574753,11,tier1,2,128,high,0.2,115,1593783070
validation,257841043574753,11,tier1,2,128,high,0.2,116,3497333098
validation,257841043574753,11,tier1,2,128,high,0.2,117,3854094782
validation,257841043574753,11,tier1,2,128,high,0.2,118,374347093
validation,257841043574753,11,tier1,2,128,high,0.2,119,2646096717
validation,257841043574753,11,tier1,2,128,high,0.2,120,2185564856
validation,257841043574753,11,tier1,2,128,high,0.2,121,3501142685
validation,257841043574753,11,tier1,2,128,high,0.2,122,1887039708
validation,257841043574753,11,tier1,2,128,high,0.2,123,2641817867
validation,257841043574753,11,tier1,2,128,high,0.2,124,1557316709
validation,257841043574753,11,tier1,2,128,high,0.2,125,3195040135
validation,257841043574753,11,tier1,2,128,high,0.2,126,972855369
validation,257841043574753,11,tier1,2,128,high,0.2,127,4111623305
validation,257841043574753,11,tier1,2,128,high,0.2,128,2708058487
validation,257841043574753,11,tier1,2,128,high,0.2,129,768782745
validation,257841043574753,11,tier1,2,128,high,0.2,130,1655382274
validation,257841043574753,11,tier1,2,128,high,0.2,131,2281540874
validation,257841043574753,11,tier1,2,128,high,0.2,132,728618663
validation,257841043574753,11,tier1,2,128,high,0.2,133,1825617326
validation,257841043574753,11,tier1,2,128,high,0.2,134,1543211999
validation,257841043574753,11,tier1,2,128,high,0.2,135,2674339398
validation,257841043574753,11,tier1,2,128,high,0.2,136,252834368
validation,257841043574753,11,tier1,2,128,high,0.2,137,895534380
validation,257841043574753,11,tier1,2,128,high,0.2,138,2979623997
validation,257841043574753,11,tier1,2,128,high,0.2,139,3805126014
validation,257841043574753,11,tier1,2,128,high,0.2,140,3194425198
validation,257841043574753,11,tier1,2,128,high,0.2,141,1387958505
validation,257841043574753,11,tier1,2,128,high,0.2,142,2850237635
validation,257841043574753,11,tier1,2,128,high,0.2,143,731677243
validation,257841043574753,11,tier1,2,128,high,0.2,144,2828613071
validation,257841043574753,11,tier1,2,128,high,0.2,145,3444129582
validation,257841043574753,11,tier1,2,128,high,0.2,146,3221028750
validation,257841043574753,11,tier1,2,128,high,0.2,147,424604317
validation,257841043574753,11,tier1,2,128,high,0.2,148,564310176
validation,257841043574753,11,tier1,2,128,high,0.2,149,3488369853
validation,257841043574753,11,tier1,2,128,high,0.2,150,3130490468
validation,257841043574753,11,tier1,2,128,high,0.2,151,1914396570
validation,257841043574753,11,tier1,2,128,high,0.2,152,1229346940
validation,257841043574753,11,tier1,2,128,high,0.2,153,3689317853
validation,257841043574753,11,tier1,2,128,high,0.2,154,3698710037
validation,257841043574753,11,tier1,2,128,high,0.2,155,953450400
validation,257841043574753,11,tier1,2,128,high,0.2,156,1157451225
validation,257841043574753,11,tier1,2,128,high,0.2,157,444767081
validation,257841043574753,11,tier1,2,128,high,0.2,158,2204881792
validation,257841043574753,11,tier1,2,128,high,0.2,159,839401813
validation,257841043574753,11,tier1,2,128,high,0.2,160,2769559742
validation,257841043574753,11,tier1,2,128,high,0.2,161,3992142771
validation,257841043574753,11,tier1,2,128,high,0.2,162,3677646234
validation,257841043574753,11,tier1,2,128,high,0.2,163,3377402852
validation,257841043574753,11,tier1,2,128,high,0.2,164,189102957
validation,257841043574753,11,tier1,2,128,high,0.2,165,3066921976
validation,257841043574753,11,tier1,2,128,high,0.2,166,3475783555
validation,257841043574753,11,tier1,2,128,high,0.2,167,4187812326
validation,257841043574753,11,tier1,2,128,high,0.2,168,572011904
validation,257841043574753,11,tier1,2,128,high,0.2,169,2946182653
validation,257841043574753,11,tier1,2,128,high,0.2,170,1576583993
validation,257841043574753,11,tier1,2,128,high,0.2,171,3727835371
validation,257841043574753,11,tier1,2,128,high,0.2,172,293969956
validation,257841043574753,11,tier1,2,128,high,0.2,173,4130600670
validation,257841043574753,11,tier1,2,128,high,0.2,174,3837929999
validation,257841043574753,11,tier1,2,128,high,0.2,175,4204681409
validation,257841043574753,11,tier1,2,128,high,0.2,176,3576102765
validation,257841043574753,11,tier1,2,128,high,0.2,177,279683
validation,257841043574753,11,tier1,2,128,high,0.2,178,3462198705
validation,257841043574753,11,tier1,2,128,high,0.2,179,216404497
validation,257841043574753,11,tier1,2,128,high,0.2,180,1836316441
validation,257841043574753,11,tier1,2,128,high,0.2,181,2868090556
validation,257841043574753,11,tier1,2,128,high,0.2,182,335961813
validation,257841043574753,11,tier1,2,128,high,0.2,183,401460292
validation,257841043574753,11,tier1,2,128,high,0.2,184,495849763
validation,257841043574753,11,tier1,2,128,high,0.2,185,3265802460
validation,257841043574753,11,tier1,2,128,high,0.2,186,3053433897
validation,257841043574753,11,tier1,2,128,high,0.2,187,2936620555
validation,257841043574753,11,tier1,2,128,high,0.2,188,2509463719
validation,257841043574753,11,tier1,2,128,high,0.2,189,689760378
validation,257841043574753,11,tier1,2,128,high,0.2,190,3951878443
validation,257841043574753,11,tier1,2,128,high,0.2,191,1879582383
validation,257841043574753,11,tier1,2,128,high,0.2,192,2272890129
validation,257841043574753,11,tier1,2,128,high,0.2,193,1938131428
validation,257841043574753,11,tier1,2,128,high,0.2,194,1237217557
validation,257841043574753,11,tier1,2,128,high,0.2,195,1052509741
validation,257841043574753,11,tier1,2,128,high,0.2,196,232626898
validation,257841043574753,11,tier1,2,128,high,0.2,197,339210641
validation,257841043574753,11,tier1,2,128,high,0.2,198,512935725
validation,257841043574753,11,tier1,2,128,high,0.2,199,351994640
validation,257841043574753,11,tier1,2,128,high,0.2,200,3503306617
validation,257841043574753,11,tier1,2,128,high,0.2,201,132001238
validation,257841043574753,11,tier1,2,128,high,0.2,202,2395612777
validation,257841043574753,11,tier1,2,128,high,0.2,203,2817762936
validation,257841043574753,11,tier1,2,128,high,0.2,204,4070901203
validation,257841043574753,11,tier1,2,128,high,0.2,205,2038839841
validation,257841043574753,11,tier1,2,128,high,0.2,206,1312416065
validation,257841043574753,11,tier1,2,128,high,0.2,207,2927492504
validation,257841043574753,11,tier1,2,128,high,0.2,208,1364757444
validation,257841043574753,11,tier1,2,128,high,0.2,209,1674010779
validation,257841043574753,11,tier1,2,128,high,0.2,210,249023387
validation,257841043574753,11,tier1,2,128,high,0.2,211,2313390831
validation,257841043574753,11,tier1,2,128,high,0.2,212,2584808783
validation,257841043574753,11,tier1,2,128,high,0.2,213,4248672525
validation,257841043574753,11,tier1,2,128,high,0.2,214,1873439652
validation,257841043574753,11,tier1,2,128,high,0.2,215,2416690158
validation,257841043574753,11,tier1,2,128,high,0.2,216,1379659438
validation,257841043574753,11,tier1,2,128,high,0.2,217,4167978392
validation,257841043574753,11,tier1,2,128,high,0.2,218,1424758137
validation,257841043574753,11,tier1,2,128,high,0.2,219,3312532627
validation,257841043574753,11,tier1,2,128,high,0.2,220,1141239826
validation,257841043574753,11,tier1,2,128,high,0.2,221,3551803061
validation,257841043574753,11,tier1,2,128,high,0.2,222,367506577
validation,257841043574753,11,tier1,2,128,high,0.2,223,2330044371
validation,257841043574753,11,tier1,2,128,high,0.2,224,734189543
validation,257841043574753,11,tier1,2,128,high,0.2,225,3217097402
validation,257841043574753,11,tier1,2,128,high,0.2,226,4133196168
validation,257841043574753,11,tier1,2,128,high,0.2,227,2443100326
validation,257841043574753,11,tier1,2,128,high,0.2,228,1169577728
validation,257841043574753,11,tier1,2,128,high,0.2,229,1588272577
validation,257841043574753,11,tier1,2,128,high,0.2,230,4158966446
validation,257841043574753,11,tier1,2,128,high,0.2,231,878628463
validation,257841043574753,11,tier1,2,128,high,0.2,232,3701789683
validation,257841043574753,11,tier1,2,128,high,0.2,233,1851248569
validation,257841043574753,11,tier1,2,128,high,0.2,234,2948264813
validation,257841043574753,11,tier1,2,128,high,0.2,235,3449456785
validation,257841043574753,11,tier1,2,128,high,0.2,236,1993927020
validation,257841043574753,11,tier1,2,128,high,0.2,237,3532786573
validation,257841043574753,11,tier1,2,128,high,0.2,238,3155577516
validation,257841043574753,11,tier1,2,128,high,0.2,239,1437858611
validation,257841043574753,11,tier1,2,128,high,0.2,240,1572950579
validation,257841043574753,11,tier1,2,128,high,0.2,241,2278676686
validation,257841043574753,11,tier1,2,128,high,0.2,242,1867411971
validation,257841043574753,11,tier1,2,128,high,0.2,243,519876208
validation,257841043574753,11,tier1,2,128,high,0.2,244,3575792033
validation,257841043574753,11,tier1,2,128,high,0.2,245,1500299651
validation,257841043574753,11,tier1,2,128,high,0.2,246,2870004331
validation,257841043574753,11,tier1,2,128,high,0.2,247,1652348315
validation,257841043574753,11,tier1,2,128,high,0.2,248,4030811153
validation,257841043574753,11,tier1,2,128,high,0.2,249,1484717085
validation,257841043574753,11,tier1,2,128,high,0.2,250,3719319068
validation,257841043574753,11,tier1,2,128,high,0.2,251,442214282
validation,257841043574753,11,tier1,2,128,high,0.2,252,349540503
validation,257841043574753,11,tier1,2,128,high,0.2,253,1733072845
validation,257841043574753,11,tier1,2,128,high,0.2,254,3055869954
validation,257841043574753,11,tier1,2,128,high,0.2,255,250830292
validation,257841043574753,11,tier1,2,128,high,0.2,256,322506348
validation,257841043574753,11,tier1,2,128,high,0.2,257,1626637320
validation,257841043574753,11,tier1,2,128,high,0.2,258,771930010
validation,257841043574753,11,tier1,2,128,high,0.2,259,268441838
validation,257841043574753,11,tier1,2,128,high,0.2,260,2243177558
validation,257841043574753,11,tier1,2,128,high,0.2,261,1839151583
validation,257841043574753,11,tier1,2,128,high,0.2,262,462667196
validation,257841043574753,11,tier1,2,128,high,0.2,263,1542095822
validation,257841043574753,11,tier1,2,128,high,0.2,264,820440200
validation,257841043574753,11,tier1,2,128,high,0.2,265,3354847912
validation,257841043574753,11,tier1,2,128,high,0.2,266,3386476207
validation,257841043574753,11,tier1,2,128,high,0.2,267,3818904490
validation,257841043574753,11,tier1,2,128,high,0.2,268,3672479274
validation,257841043574753,11,tier1,2,128,high,0.2,269,1996747716
validation,257841043574753,11,tier1,2,128,high,0.2,270,757788760
validation,257841043574753,11,tier1,2,128,high,0.2,271,947866276
validation,257841043574753,11,tier1,2,128,high,0.2,272,3231858729
validation,257841043574753,11,tier1,2,128,high,0.2,273,2048431645
validation,257841043574753,11,tier1,2,128,high,0.2,274,1939077352
validation,257841043574753,11,tier1,2,128,high,0.2,275,2316179051
validation,257841043574753,11,tier1,2,128,high,0.2,276,491910213
validation,257841043574753,11,tier1,2,128,high,0.2,277,809268535
validation,257841043574753,11,tier1,2,128,high,0.2,278,1977860708
validation,257841043574753,11,tier1,2,128,high,0.2,279,1304437421
validation,257841043574753,11,tier1,2,128,high,0.2,280,2241615680
validation,257841043574753,11,tier1,2,128,high,0.2,281,4143977530
validation,257841043574753,11,tier1,2,128,high,0.2,282,454530008
validation,257841043574753,11,tier1,2,128,high,0.2,283,3990112193
validation,257841043574753,11,tier1,2,128,high,0.2,284,1301710170
validation,257841043574753,11,tier1,2,128,high,0.2,285,2962870756
validation,257841043574753,11,tier1,2,128,high,0.2,286,4135891336
validation,257841043574753,11,tier1,2,128,high,0.2,287,2611319425
validation,257841043574753,11,tier1,2,128,high,0.2,288,3580881777
validation,257841043574753,11,tier1,2,128,high,0.2,289,1524873563
validation,257841043574753,11,tier1,2,128,high,0.2,290,4200307351
validation,257841043574753,11,tier1,2,128,high,0.2,291,2756788377
validation,257841043574753,11,tier1,2,128,high,0.2,292,1870735152
validation,257841043574753,11,tier1,2,128,high,0.2,293,3413594060
validation,257841043574753,11,tier1,2,128,high,0.2,294,3856700550
validation,257841043574753,11,tier1,2,128,high,0.2,295,3752999690
validation,257841043574753,11,tier1,2,128,high,0.2,296,3119621878
validation,257841043574753,11,tier1,2,128,high,0.2,297,1679765873
validation,257841043574753,11,tier1,2,128,high,0.2,298,2889218899
validation,257841043574753,11,tier1,2,128,high,0.2,299,2586528801
validation,257841043574753,11,tier1,2,128,high,0.2,300,3766548567
validation,257841043574753,11,tier1,2,128,high,0.2,301,741569285
validation,257841043574753,11,tier1,2,128,high,0.2,302,2483513487
validation,257841043574753,11,tier1,2,128,high,0.2,303,3627976190
validation,257841043574753,11,tier1,2,128,high,0.2,304,3205532278
validation,257841043574753,11,tier1,2,128,high,0.2,305,1096120513
validation,257841043574753,11,tier1,2,128,high,0.2,306,2575537694
validation,257841043574753,11,tier1,2,128,high,0.2,307,2128019025
validation,257841043574753,11,tier1,2,128,high,0.2,308,2163497982
validation,257841043574753,11,tier1,2,128,high,0.2,309,1044354071
validation,257841043574753,11,tier1,2,128,high,0.2,310,2517542884
validation,257841043574753,11,tier1,2,128,high,0.2,311,2580026924
validation,257841043574753,11,tier1,2,128,high,0.2,312,3172870377
validation,257841043574753,11,tier1,2,128,high,0.2,313,716745668
validation,257841043574753,11,tier1,2,128,high,0.2,314,994045224
validation,257841043574753,11,tier1,2,128,high,0.2,315,2309829268
validation,257841043574753,11,tier1,2,128,high,0.2,316,760932507
validation,257841043574753,11,tier1,2,128,high,0.2,317,1932904934
validation,257841043574753,11,tier1,2,128,high,0.2,318,2205268040
validation,257841043574753,11,tier1,2,128,high,0.2,319,674275005
validation,257841043574753,11,tier1,2,128,high,0.2,320,1561640013
validation,257841043574753,11,tier1,2,128,high,0.2,321,3053089730
validation,257841043574753,11,tier1,2,128,high,0.2,322,1831531103
validation,257841043574753,11,tier1,2,128,high,0.2,323,3002180797
validation,257841043574753,11,tier1,2,128,high,0.2,324,2256622051
validation,257841043574753,11,tier1,2,128,high,0.2,325,149182829
validation,257841043574753,11,tier1,2,128,high,0.2,326,3108656793
validation,257841043574753,11,tier1,2,128,high,0.2,327,3633762048
validation,257841043574753,11,tier1,2,128,high,0.2,328,347614303
validation,257841043574753,11,tier1,2,128,high,0.2,329,236754691
validation,257841043574753,11,tier1,2,128,high,0.2,330,474335060
validation,257841043574753,11,tier1,2,128,high,0.2,331,339436112
validation,257841043574753,11,tier1,2,128,high,0.2,332,3138188265
validation,257841043574753,11,tier1,2,128,high,0.2,333,3325392840
validation,257841043574753,11,tier1,2,128,high,0.2,334,998364502
validation,257841043574753,11,tier1,2,128,high,0.2,335,2498952629
validation,257841043574753,11,tier1,2,128,high,0.2,336,3009186414
validation,257841043574753,11,tier1,2,128,high,0.2,337,3923559580
validation,257841043574753,11,tier1,2,128,high,0.2,338,3363260833
validation,257841043574753,11,tier1,2,128,high,0.2,339,1044590690
validation,257841043574753,11,tier1,2,128,high,0.2,340,4011840467
validation,257841043574753,11,tier1,2,128,high,0.2,341,2707762617
validation,257841043574753,11,tier1,2,128,high,0.2,342,542886619
validation,257841043574753,11,tier1,2,128,high,0.2,343,2771709978
validation,257841043574753,11,tier1,2,128,high,0.2,344,1220898103
validation,257841043574753,11,tier1,2,128,high,0.2,345,1181451094
validation,257841043574753,11,tier1,2,128,high,0.2,346,743349656
validation,257841043574753,11,tier1,2,128,high,0.2,347,3822477050
validation,257841043574753,11,tier1,2,128,high,0.2,348,2165226652
validation,257841043574753,11,tier1,2,128,high,0.2,349,2638652175
validation,257841043574753,11,tier1,2,128,high,0.2,350,3573465671
validation,257841043574753,11,tier1,2,128,high,0.2,351,248093543
validation,257841043574753,11,tier1,2,128,high,0.2,352,3361495201
validation,257841043574753,11,tier1,2,128,high,0.2,353,2090920929
validation,257841043574753,11,tier1,2,128,high,0.2,354,133750073
validation,257841043574753,11,tier1,2,128,high,0.2,355,3882978583
validation,257841043574753,11,tier1,2,128,high,0.2,356,2441877043
validation,257841043574753,11,tier1,2,128,high,0.2,357,1468454659
validation,257841043574753,11,tier1,2,128,high,0.2,358,2957367857
validation,257841043574753,11,tier1,2,128,high,0.2,359,1676817064
validation,257841043574753,11,tier1,2,128,high,0.2,360,3626883946
validation,257841043574753,11,tier1,2,128,high,0.2,361,3004578611
validation,257841043574753,11,tier1,2,128,high,0.2,362,60534370
validation,257841043574753,11,tier1,2,128,high,0.2,363,3822258247
validation,257841043574753,11,tier1,2,128,high,0.2,364,2849269662
validation,257841043574753,11,tier1,2,128,high,0.2,365,2235614659
validation,257841043574753,11,tier1,2,128,high,0.2,366,2882793584
validation,257841043574753,11,tier1,2,128,high,0.2,367,1691307467
validation,257841043574753,11,tier1,2,128,high,0.2,368,4262400980
validation,257841043574753,11,tier1,2,128,high,0.2,369,575727466
validation,257841043574753,11,tier1,2,128,high,0.2,370,846409131
validation,257841043574753,11,tier1,2,128,high,0.2,371,3078505342
validation,257841043574753,11,tier1,2,128,high,0.2,372,2493855382
validation,257841043574753,11,tier1,2,128,high,0.2,373,675578927
validation,257841043574753,11,tier1,2,128,high,0.2,374,2966246280
validation,257841043574753,11,tier1,2,128,high,0.2,375,1428338634
validation,257841043574753,11,tier1,2,128,high,0.2,376,2590313372
validation,257841043574753,11,tier1,2,128,high,0.2,377,1206990278
validation,257841043574753,11,tier1,2,128,high,0.2,378,2125733703
validation,257841043574753,11,tier1,2,128,high,0.2,379,1819005239
validation,257841043574753,11,tier1,2,128,high,0.2,380,3116503468
validation,257841043574753,11,tier1,2,128,high,0.2,381,4147084272
validation,257841043574753,11,tier1,2,128,high,0.2,382,4247070147
validation,257841043574753,11,tier1,2,128,high,0.2,383,2467247997
validation,257841043574753,11,tier1,2,128,high,0.2,384,4161126206
validation,257841043574753,11,tier1,2,128,high,0.2,385,1802955383
validation,257841043574753,11,tier1,2,128,high,0.2,386,1007395463
validation,257841043574753,11,tier1,2,128,high,0.2,387,81051096
validation,257841043574753,11,tier1,2,128,high,0.2,388,1120987212
validation,257841043574753,11,tier1,2,128,high,0.2,389,505430727
validation,257841043574753,11,tier1,2,128,high,0.2,390,2388982697
validation,257841043574753,11,tier1,2,128,high,0.2,391,3019657523
validation,257841043574753,11,tier1,2,128,high,0.2,392,2492980018
validation,257841043574753,11,tier1,2,128,high,0.2,393,19445610
validation,257841043574753,11,tier1,2,128,high,0.2,394,637102253
validation,257841043574753,11,tier1,2,128,high,0.2,395,569114156
validation,257841043574753,11,tier1,2,128,high,0.2,396,1417331456
validation,257841043574753,11,tier1,2,128,high,0.2,397,495046792
validation,257841043574753,11,tier1,2,128,high,0.2,398,1356279500
validation,257841043574753,11,tier1,2,128,high,0.2,399,3631909688
validation,257841043574753,11,tier1,2,128,high,0.2,400,234692266
validation,257841043574753,11,tier1,2,128,high,0.2,401,2348562272
validation,257841043574753,11,tier1,2,128,high,0.2,402,692244616
validation,257841043574753,11,tier1,2,128,high,0.2,403,2270050042
validation,257841043574753,11,tier1,2,128,high,0.2,404,2072366027
validation,257841043574753,11,tier1,2,128,high,0.2,405,1611686028
validation,257841043574753,11,tier1,2,128,high,0.2,406,2612667795
validation,257841043574753,11,tier1,2,128,high,0.2,407,293252826
validation,257841043574753,11,tier1,2,128,high,0.2,408,2035620516
validation,257841043574753,11,tier1,2,128,high,0.2,409,1626694462
validation,257841043574753,11,tier1,2,128,high,0.2,410,2328046013
validation,257841043574753,11,tier1,2,128,high,0.2,411,1936633714
validation,257841043574753,11,tier1,2,128,high,0.2,412,411850240
validation,257841043574753,11,tier1,2,128,high,0.2,413,2991229182
validation,257841043574753,11,tier1,2,128,high,0.2,414,518751678
validation,257841043574753,11,tier1,2,128,high,0.2,415,1264926479
validation,257841043574753,11,tier1,2,128,high,0.2,416,1025157948
validation,257841043574753,11,tier1,2,128,high,0.2,417,652117959
validation,257841043574753,11,tier1,2,128,high,0.2,418,677529146
validation,257841043574753,11,tier1,2,128,high,0.2,419,1709368537
validation,257841043574753,11,tier1,2,128,high,0.2,420,3984018065
validation,257841043574753,11,tier1,2,128,high,0.2,421,2797297759
validation,257841043574753,11,tier1,2,128,high,0.2,422,3805009208
validation,257841043574753,11,tier1,2,128,high,0.2,423,3461851915
validation,257841043574753,11,tier1,2,128,high,0.2,424,1991022286
validation,257841043574753,11,tier1,2,128,high,0.2,425,2777182726
validation,257841043574753,11,tier1,2,128,high,0.2,426,4214285909
validation,257841043574753,11,tier1,2,128,high,0.2,427,482831815
validation,257841043574753,11,tier1,2,128,high,0.2,428,1163744109
validation,257841043574753,11,tier1,2,128,high,0.2,429,1056162923
validation,257841043574753,11,tier1,2,128,high,0.2,430,765979994
validation,257841043574753,11,tier1,2,128,high,0.2,431,1280639227
validation,257841043574753,11,tier1,2,128,high,0.2,432,3473686689
validation,257841043574753,11,tier1,2,128,high,0.2,433,2673653306
validation,257841043574753,11,tier1,2,128,high,0.2,434,3455351068
validation,257841043574753,11,tier1,2,128,high,0.2,435,1538584683
validation,257841043574753,11,tier1,2,128,high,0.2,436,2197552770
validation,257841043574753,11,tier1,2,128,high,0.2,437,3252617479
validation,257841043574753,11,tier1,2,128,high,0.2,438,3273930573
validation,257841043574753,11,tier1,2,128,high,0.2,439,2537449290
validation,257841043574753,11,tier1,2,128,high,0.2,440,3768877857
validation,257841043574753,11,tier1,2,128,high,0.2,441,126853762
validation,257841043574753,11,tier1,2,128,high,0.2,442,1829703599
validation,257841043574753,11,tier1,2,128,high,0.2,443,521899405
validation,257841043574753,11,tier1,2,128,high,0.2,444,1803681822
validation,257841043574753,11,tier1,2,128,high,0.2,445,3889135257
validation,257841043574753,11,tier1,2,128,high,0.2,446,1358464226
validation,257841043574753,11,tier1,2,128,high,0.2,447,1755295976
validation,257841043574753,11,tier1,2,128,high,0.2,448,743754110
validation,257841043574753,11,tier1,2,128,high,0.2,449,321674221
validation,257841043574753,11,tier1,2,128,high,0.2,450,57703320
validation,257841043574753,11,tier1,2,128,high,0.2,451,3396175230
validation,257841043574753,11,tier1,2,128,high,0.2,452,571829084
validation,257841043574753,11,tier1,2,128,high,0.2,453,3318189454
validation,257841043574753,11,tier1,2,128,high,0.2,454,1208357150
validation,257841043574753,11,tier1,2,128,high,0.2,455,1846681710
validation,257841043574753,11,tier1,2,128,high,0.2,456,3280742884
validation,257841043574753,11,tier1,2,128,high,0.2,457,114060623
validation,257841043574753,11,tier1,2,128,high,0.2,458,3737880557
validation,257841043574753,11,tier1,2,128,high,0.2,459,3058441031
validation,257841043574753,11,tier1,2,128,high,0.2,460,4042615838
validation,257841043574753,11,tier1,2,128,high,0.2,461,2083200964
validation,257841043574753,11,tier1,2,128,high,0.2,462,3662967449
validation,257841043574753,11,tier1,2,128,high,0.2,463,3006945688
validation,257841043574753,11,tier1,2,128,high,0.2,464,1722302683
validation,257841043574753,11,tier1,2,128,high,0.2,465,624888537
validation,257841043574753,11,tier1,2,128,high,0.2,466,4292361839
validation,257841043574753,11,tier1,2,128,high,0.2,467,2932922212
validation,257841043574753,11,tier1,2,128,high,0.2,468,2778247727
validation,257841043574753,11,tier1,2,128,high,0.2,469,1710706052
validation,257841043574753,11,tier1,2,128,high,0.2,470,561269826
validation,257841043574753,11,tier1,2,128,high,0.2,471,1816506749
validation,257841043574753,11,tier1,2,128,high,0.2,472,173130868
validation,257841043574753,11,tier1,2,128,high,0.2,473,1752533874
validation,257841043574753,11,tier1,2,128,high,0.2,474,3130470803
validation,257841043574753,11,tier1,2,128,high,0.2,475,33197953
validation,257841043574753,11,tier1,2,128,high,0.2,476,3544637517
validation,257841043574753,11,tier1,2,128,high,0.2,477,1230869251
validation,257841043574753,11,tier1,2,128,high,0.2,478,4040980207
validation,257841043574753,11,tier1,2,128,high,0.2,479,2136227353
validation,257841043574753,11,tier1,2,128,high,0.2,480,3060221286
validation,257841043574753,11,tier1,2,128,high,0.2,481,2949706669
validation,257841043574753,11,tier1,2,128,high,0.2,482,1279819203
validation,257841043574753,11,tier1,2,128,high,0.2,483,1100157268
validation,257841043574753,11,tier1,2,128,high,0.2,484,316644716
validation,257841043574753,11,tier1,2,128,high,0.2,485,3085472096
validation,257841043574753,11,tier1,2,128,high,0.2,486,3171191093
validation,257841043574753,11,tier1,2,128,high,0.2,487,1651845466
validation,257841043574753,11,tier1,2,128,high,0.2,488,2760594838
validation,257841043574753,11,tier1,2,128,high,0.2,489,4221029112
validation,257841043574753,11,tier1,2,128,high,0.2,490,3851441655
validation,257841043574753,11,tier1,2,128,high,0.2,491,181175237
validation,257841043574753,11,tier1,2,128,high,0.2,492,3669447893
validation,257841043574753,11,tier1,2,128,high,0.2,493,4242998146
validation,257841043574753,11,tier1,2,128,high,0.2,494,3124702909
validation,257841043574753,11,tier1,2,128,high,0.2,495,3255799425
validation,257841043574753,11,tier1,2,128,high,0.2,496,3137480506
validation,257841043574753,11,tier1,2,128,high,0.2,497,3318686930
validation,257841043574753,11,tier1,2,128,high,0.2,498,3195324937
validation,257841043574753,11,tier1,2,128,high,0.2,499,2676853212
